scenario,day,date,sleep_score,sleep_confidence,recovery_score,recovery_confidence,movement_score,movement_confidence,recovery_summary,movement_status
consistent_good_sleep,1,2026-01-01,99.0,0.75,92.5,0.644,95.1,0.762,Available signals are normal range; optional check-in changed most.,Sustainable
consistent_good_sleep,2,2026-01-02,98.9,0.72,91.6,0.63,95.3,0.762,Available signals are normal range; optional check-in changed most.,Sustainable
consistent_good_sleep,3,2026-01-03,97.6,0.765,93.8,0.654,87.7,0.791,Available signals are normal range; optional check-in changed most.,Sustainable
consistent_good_sleep,4,2026-01-04,99.3,0.779,93.1,0.661,96.3,0.793,Available signals are normal range; optional check-in changed most.,Sustainable
consistent_good_sleep,5,2026-01-05,95.9,0.774,86.8,0.659,90.4,0.795,Available signals are normal range; overnight pulse deviation changed most.,Sustainable
consistent_good_sleep,6,2026-01-06,98.6,0.79,95.0,0.666,96.7,0.797,Available signals are normal range; optional check-in changed most.,Sustainable
consistent_good_sleep,7,2026-01-07,96.2,0.793,94.9,0.668,93.1,0.799,Available signals are normal range; optional check-in changed most.,Sustainable
consistent_good_sleep,8,2026-01-08,98.3,0.784,89.2,0.664,97.1,0.802,Available signals are normal range; optional check-in changed most.,Sustainable
consistent_good_sleep,9,2026-01-09,91.6,0.787,89.0,0.666,96.8,0.804,Available signals are normal range; optional check-in changed most.,Sustainable
consistent_good_sleep,10,2026-01-10,96.6,0.814,89.3,0.678,91.0,0.806,Available signals are normal range; optional check-in changed most.,Sustainable
consistent_good_sleep,11,2026-01-11,96.2,0.817,90.4,0.679,90.4,0.808,Available signals are normal range; optional check-in changed most.,Sustainable
consistent_good_sleep,12,2026-01-12,97.2,0.828,89.9,0.685,95.9,0.81,Available signals are normal range; optional check-in changed most.,Sustainable
consistent_good_sleep,13,2026-01-13,99.2,0.823,95.0,0.683,89.6,0.812,Available signals are normal range; optional check-in changed most.,Sustainable
consistent_good_sleep,14,2026-01-14,99.1,0.807,94.4,0.676,98.5,0.815,Available signals are normal range; optional check-in changed most.,Sustainable
consistent_good_sleep,15,2026-01-15,93.6,0.828,93.8,0.685,92.7,0.817,Available signals are normal range; optional check-in changed most.,Sustainable
consistent_good_sleep,16,2026-01-16,98.2,0.837,93.3,0.69,92.1,0.819,Available signals are normal range; optional check-in changed most.,Sustainable
consistent_good_sleep,17,2026-01-17,95.6,0.827,87.3,0.685,94.7,0.821,Available signals are normal range; optional check-in changed most.,Sustainable
consistent_good_sleep,18,2026-01-18,90.9,0.83,90.0,0.687,97.1,0.823,Available signals are normal range; optional check-in changed most.,Sustainable
consistent_good_sleep,19,2026-01-19,95.6,0.842,89.9,0.693,96.4,0.825,Available signals are normal range; optional check-in changed most.,Sustainable
consistent_good_sleep,20,2026-01-20,97.6,0.856,85.7,0.699,92.8,0.827,Available signals are normal range; overnight pulse deviation changed most.,Sustainable
consistent_good_sleep,21,2026-01-21,97.7,0.856,92.9,0.7,99.7,0.83,Available signals are normal range; optional check-in changed most.,Sustainable
consistent_good_sleep,22,2026-01-22,99.3,0.853,95.1,0.698,99.4,0.832,Available signals are normal range; optional check-in changed most.,Sustainable
consistent_good_sleep,23,2026-01-23,89.7,0.866,85.5,0.704,94.1,0.834,Available signals are normal range; optional check-in changed most.,Sustainable
consistent_good_sleep,24,2026-01-24,92.9,0.845,92.7,0.695,96.2,0.836,Available signals are normal range; optional check-in changed most.,Sustainable
consistent_good_sleep,25,2026-01-25,95.9,0.858,92.0,0.702,99.0,0.838,Available signals are normal range; optional check-in changed most.,Sustainable
consistent_good_sleep,26,2026-01-26,97.5,0.866,89.7,0.705,97.7,0.84,Available signals are normal range; optional check-in changed most.,Sustainable
consistent_good_sleep,27,2026-01-27,98.6,0.851,90.4,0.699,98.8,0.842,Available signals are normal range; optional check-in changed most.,Sustainable
consistent_good_sleep,28,2026-01-28,98.6,0.887,94.3,0.715,94.9,0.844,Available signals are normal range; optional check-in changed most.,Sustainable
consistent_good_sleep,29,2026-01-29,97.9,0.872,93.1,0.709,98.6,0.846,Available signals are normal range; optional check-in changed most.,Sustainable
consistent_good_sleep,30,2026-01-30,98.4,0.861,92.4,0.704,97.7,0.847,Available signals are normal range; optional check-in changed most.,Sustainable
consistent_good_sleep,31,2026-01-31,98.5,0.876,91.1,0.711,98.4,0.848,Available signals are normal range; optional check-in changed most.,Sustainable
consistent_good_sleep,32,2026-02-01,95.0,0.895,87.5,0.719,93.4,0.849,Available signals are normal range; optional check-in changed most.,Sustainable
consistent_good_sleep,33,2026-02-02,98.6,0.876,88.4,0.711,97.6,0.851,Available signals are normal range; optional check-in changed most.,Sustainable
consistent_good_sleep,34,2026-02-03,98.4,0.879,89.5,0.712,99.8,0.852,Available signals are normal range; optional check-in changed most.,Sustainable
consistent_good_sleep,35,2026-02-04,89.5,0.882,87.4,0.714,99.1,0.853,Available signals are normal range; optional check-in changed most.,Sustainable
consistent_good_sleep,36,2026-02-05,95.2,0.897,92.2,0.721,87.9,0.855,Available signals are normal range; optional check-in changed most.,Sustainable
consistent_good_sleep,37,2026-02-06,97.0,0.873,91.6,0.71,94.1,0.856,Available signals are normal range; optional check-in changed most.,Sustainable
consistent_good_sleep,38,2026-02-07,96.8,0.877,91.3,0.712,94.7,0.857,Available signals are normal range; optional check-in changed most.,Sustainable
consistent_good_sleep,39,2026-02-08,93.0,0.879,86.9,0.713,92.2,0.858,Available signals are normal range; optional check-in changed most.,Sustainable
consistent_good_sleep,40,2026-02-09,94.1,0.886,91.2,0.717,99.3,0.86,Available signals are normal range; optional check-in changed most.,Sustainable
consistent_good_sleep,41,2026-02-10,97.1,0.889,90.3,0.718,92.6,0.861,Available signals are normal range; optional check-in changed most.,Sustainable
consistent_good_sleep,42,2026-02-11,98.3,0.907,90.9,0.726,96.5,0.862,Available signals are normal range; optional check-in changed most.,Sustainable
consistent_good_sleep,43,2026-02-12,95.3,0.911,94.4,0.728,90.1,0.863,Available signals are normal range; optional check-in changed most.,Sustainable
consistent_good_sleep,44,2026-02-13,94.5,0.886,94.2,0.717,93.9,0.864,Available signals are normal range; optional check-in changed most.,Sustainable
consistent_good_sleep,45,2026-02-14,98.0,0.9,91.9,0.724,99.5,0.866,Available signals are normal range; optional check-in changed most.,Sustainable
consistent_good_sleep,46,2026-02-15,97.8,0.903,93.5,0.725,99.5,0.867,Available signals are normal range; optional check-in changed most.,Sustainable
consistent_good_sleep,47,2026-02-16,97.6,0.909,92.7,0.728,98.9,0.868,Available signals are normal range; optional check-in changed most.,Sustainable
consistent_good_sleep,48,2026-02-17,98.6,0.902,94.8,0.725,97.7,0.87,Available signals are normal range; optional check-in changed most.,Sustainable
consistent_good_sleep,49,2026-02-18,97.9,0.905,92.1,0.726,92.8,0.871,Available signals are normal range; optional check-in changed most.,Sustainable
consistent_good_sleep,50,2026-02-19,96.4,0.918,90.1,0.732,97.8,0.872,Available signals are normal range; optional check-in changed most.,Sustainable
consistent_good_sleep,51,2026-02-20,91.4,0.913,89.9,0.73,94.1,0.873,Available signals are normal range; optional check-in changed most.,Sustainable
consistent_good_sleep,52,2026-02-21,93.7,0.928,91.3,0.737,95.4,0.874,Available signals are normal range; optional check-in changed most.,Sustainable
consistent_good_sleep,53,2026-02-22,98.2,0.91,93.5,0.729,99.4,0.876,Available signals are normal range; optional check-in changed most.,Sustainable
consistent_good_sleep,54,2026-02-23,93.9,0.924,87.1,0.736,93.6,0.877,Available signals are normal range; optional check-in changed most.,Sustainable
consistent_good_sleep,55,2026-02-24,95.8,0.934,92.0,0.74,93.1,0.878,Available signals are normal range; optional check-in changed most.,Sustainable
consistent_good_sleep,56,2026-02-25,96.4,0.926,88.7,0.737,95.2,0.879,Available signals are normal range; optional check-in changed most.,Sustainable
consistent_good_sleep,57,2026-02-26,96.7,0.928,93.5,0.738,92.8,0.881,Available signals are normal range; optional check-in changed most.,Sustainable
consistent_good_sleep,58,2026-02-27,98.3,0.934,83.3,0.741,91.0,0.882,Available signals are normal range; overnight pulse deviation changed most.,Sustainable
consistent_good_sleep,59,2026-02-28,98.1,0.922,94.2,0.735,99.7,0.882,Available signals are normal range; optional check-in changed most.,Sustainable
consistent_good_sleep,60,2026-03-01,90.9,0.92,88.7,0.735,90.0,0.882,Available signals are normal range; optional check-in changed most.,Sustainable
consistent_good_sleep,61,2026-03-02,97.7,0.925,89.2,0.737,96.6,0.882,Available signals are normal range; optional check-in changed most.,Sustainable
consistent_good_sleep,62,2026-03-03,97.2,0.931,92.9,0.739,93.6,0.882,Available signals are normal range; optional check-in changed most.,Sustainable
consistent_good_sleep,63,2026-03-04,97.6,0.945,89.5,0.746,93.3,0.882,Available signals are normal range; optional check-in changed most.,Sustainable
consistent_good_sleep,64,2026-03-05,96.1,0.922,94.0,0.735,98.6,0.882,Available signals are normal range; optional check-in changed most.,Sustainable
consistent_good_sleep,65,2026-03-06,96.9,0.949,95.0,0.747,94.7,0.882,Available signals are normal range; optional check-in changed most.,Sustainable
consistent_good_sleep,66,2026-03-07,94.6,0.924,93.1,0.736,98.5,0.882,Available signals are normal range; optional check-in changed most.,Sustainable
consistent_good_sleep,67,2026-03-08,94.8,0.945,88.6,0.745,91.0,0.882,Available signals are normal range; optional check-in changed most.,Sustainable
consistent_good_sleep,68,2026-03-09,99.2,0.945,91.0,0.745,94.9,0.882,Available signals are normal range; optional check-in changed most.,Sustainable
consistent_good_sleep,69,2026-03-10,98.4,0.929,95.1,0.738,92.4,0.882,Available signals are normal range; optional check-in changed most.,Sustainable
consistent_good_sleep,70,2026-03-11,93.6,0.939,92.4,0.743,98.3,0.882,Available signals are normal range; optional check-in changed most.,Sustainable
consistent_good_sleep,71,2026-03-12,97.6,0.914,92.8,0.732,95.9,0.882,Available signals are normal range; optional check-in changed most.,Sustainable
consistent_good_sleep,72,2026-03-13,94.1,0.94,91.4,0.743,95.8,0.882,Available signals are normal range; optional check-in changed most.,Sustainable
consistent_good_sleep,73,2026-03-14,99.0,0.93,94.0,0.739,97.4,0.882,Available signals are normal range; optional check-in changed most.,Sustainable
consistent_good_sleep,74,2026-03-15,98.6,0.922,87.3,0.735,96.5,0.882,Available signals are normal range; overnight pulse deviation changed most.,Sustainable
consistent_good_sleep,75,2026-03-16,99.1,0.926,93.0,0.737,93.7,0.882,Available signals are normal range; optional check-in changed most.,Sustainable
consistent_good_sleep,76,2026-03-17,99.2,0.947,87.1,0.746,92.5,0.882,Available signals are normal range; overnight pulse deviation changed most.,Sustainable
consistent_good_sleep,77,2026-03-18,97.0,0.946,92.7,0.746,99.7,0.882,Available signals are normal range; optional check-in changed most.,Sustainable
consistent_good_sleep,78,2026-03-19,98.5,0.916,91.0,0.733,96.1,0.882,Available signals are normal range; optional check-in changed most.,Sustainable
consistent_good_sleep,79,2026-03-20,98.2,0.937,90.7,0.742,97.3,0.882,Available signals are normal range; optional check-in changed most.,Sustainable
consistent_good_sleep,80,2026-03-21,97.4,0.939,88.6,0.743,97.9,0.882,Available signals are normal range; optional check-in changed most.,Sustainable
consistent_good_sleep,81,2026-03-22,97.2,0.935,95.7,0.741,90.5,0.882,Available signals are normal range; optional check-in changed most.,Sustainable
consistent_good_sleep,82,2026-03-23,96.0,0.919,92.8,0.734,93.2,0.882,Available signals are normal range; optional check-in changed most.,Sustainable
consistent_good_sleep,83,2026-03-24,97.1,0.923,86.8,0.736,99.5,0.882,Available signals are normal range; overnight pulse deviation changed most.,Sustainable
consistent_good_sleep,84,2026-03-25,97.8,0.925,94.6,0.737,97.3,0.882,Available signals are normal range; optional check-in changed most.,Sustainable
consistent_good_sleep,85,2026-03-26,97.0,0.942,93.2,0.744,92.7,0.882,Available signals are normal range; optional check-in changed most.,Sustainable
consistent_good_sleep,86,2026-03-27,99.5,0.924,94.1,0.736,93.2,0.882,Available signals are normal range; optional check-in changed most.,Sustainable
consistent_good_sleep,87,2026-03-28,96.2,0.922,91.6,0.735,93.9,0.882,Available signals are normal range; optional check-in changed most.,Sustainable
consistent_good_sleep,88,2026-03-29,97.5,0.926,92.1,0.737,93.4,0.882,Available signals are normal range; optional check-in changed most.,Sustainable
consistent_good_sleep,89,2026-03-30,98.9,0.946,94.2,0.746,98.0,0.882,Available signals are normal range; optional check-in changed most.,Sustainable
consistent_good_sleep,90,2026-03-31,94.4,0.931,89.4,0.739,95.4,0.882,Available signals are normal range; optional check-in changed most.,Sustainable
chronic_short_sleep,1,2026-01-01,60.7,0.735,77.6,0.637,90.9,0.762,Available signals are some recovery may help; sleep support changed most.,Sustainable
chronic_short_sleep,2,2026-01-02,60.4,0.742,77.2,0.64,96.7,0.762,Available signals are some recovery may help; sleep support changed most.,Sustainable
chronic_short_sleep,3,2026-01-03,60.8,0.768,77.4,0.655,95.2,0.791,Available signals are some recovery may help; sleep support changed most.,Sustainable
chronic_short_sleep,4,2026-01-04,60.8,0.777,74.3,0.66,93.5,0.793,Available signals are some recovery may help; sleep support changed most.,Sustainable
chronic_short_sleep,5,2026-01-05,61.0,0.803,75.6,0.672,96.2,0.795,Available signals are some recovery may help; sleep support changed most.,Sustainable
chronic_short_sleep,6,2026-01-06,61.2,0.792,75.8,0.667,93.3,0.797,Available signals are some recovery may help; sleep support changed most.,Sustainable
chronic_short_sleep,7,2026-01-07,60.1,0.811,76.7,0.675,94.4,0.799,Available signals are some recovery may help; sleep support changed most.,Sustainable
chronic_short_sleep,8,2026-01-08,60.6,0.787,74.4,0.665,93.9,0.802,Available signals are some recovery may help; sleep support changed most.,Sustainable
chronic_short_sleep,9,2026-01-09,59.7,0.813,70.6,0.677,88.4,0.804,Available signals are some recovery may help; sleep support changed most.,Sustainable
chronic_short_sleep,10,2026-01-10,61.1,0.817,71.3,0.679,92.0,0.806,Available signals are some recovery may help; sleep support changed most.,Sustainable
chronic_short_sleep,11,2026-01-11,60.2,0.796,78.6,0.67,98.4,0.808,Available signals are some recovery may help; sleep support changed most.,Sustainable
chronic_short_sleep,12,2026-01-12,60.4,0.831,78.1,0.686,99.0,0.81,Available signals are some recovery may help; sleep support changed most.,Sustainable
chronic_short_sleep,13,2026-01-13,60.7,0.813,76.7,0.678,93.4,0.812,Available signals are some recovery may help; sleep support changed most.,Sustainable
chronic_short_sleep,14,2026-01-14,60.3,0.826,77.6,0.684,97.5,0.815,Available signals are some recovery may help; sleep support changed most.,Sustainable
chronic_short_sleep,15,2026-01-15,60.1,0.812,75.2,0.678,94.3,0.817,Available signals are some recovery may help; sleep support changed most.,Sustainable
chronic_short_sleep,16,2026-01-16,60.1,0.829,71.3,0.686,95.9,0.819,Available signals are some recovery may help; sleep support changed most.,Sustainable
chronic_short_sleep,17,2026-01-17,59.4,0.814,77.0,0.68,90.9,0.821,Available signals are some recovery may help; sleep support changed most.,Sustainable
chronic_short_sleep,18,2026-01-18,60.5,0.831,78.0,0.688,93.8,0.823,Available signals are some recovery may help; sleep support changed most.,Sustainable
chronic_short_sleep,19,2026-01-19,59.6,0.844,73.3,0.694,98.2,0.825,Available signals are some recovery may help; sleep support changed most.,Sustainable
chronic_short_sleep,20,2026-01-20,60.2,0.857,72.0,0.7,93.7,0.827,Available signals are some recovery may help; sleep support changed most.,Sustainable
chronic_short_sleep,21,2026-01-21,60.5,0.845,73.7,0.694,93.4,0.83,Available signals are some recovery may help; sleep support changed most.,Sustainable
chronic_short_sleep,22,2026-01-22,60.9,0.845,78.3,0.695,96.4,0.832,Available signals are some recovery may help; sleep support changed most.,Sustainable
chronic_short_sleep,23,2026-01-23,60.4,0.846,74.3,0.695,93.7,0.834,Available signals are some recovery may help; sleep support changed most.,Sustainable
chronic_short_sleep,24,2026-01-24,59.7,0.871,71.9,0.707,96.2,0.836,Available signals are some recovery may help; sleep support changed most.,Sustainable
chronic_short_sleep,25,2026-01-25,60.6,0.87,75.8,0.707,95.3,0.838,Available signals are some recovery may help; sleep support changed most.,Sustainable
chronic_short_sleep,26,2026-01-26,60.8,0.879,78.4,0.711,92.8,0.84,Available signals are some recovery may help; sleep support changed most.,Sustainable
chronic_short_sleep,27,2026-01-27,59.5,0.866,72.8,0.705,87.8,0.842,Available signals are some recovery may help; sleep support changed most.,Sustainable
chronic_short_sleep,28,2026-01-28,60.2,0.887,78.3,0.715,95.0,0.844,Available signals are some recovery may help; sleep support changed most.,Sustainable
chronic_short_sleep,29,2026-01-29,60.8,0.876,79.1,0.711,96.0,0.846,Available signals are some recovery may help; sleep support changed most.,Sustainable
chronic_short_sleep,30,2026-01-30,60.2,0.864,77.6,0.705,98.0,0.847,Available signals are some recovery may help; sleep support changed most.,Sustainable
chronic_short_sleep,31,2026-01-31,61.2,0.878,76.1,0.712,95.2,0.848,Available signals are some recovery may help; sleep support changed most.,Sustainable
chronic_short_sleep,32,2026-02-01,59.0,0.877,77.6,0.711,99.8,0.849,Available signals are some recovery may help; sleep support changed most.,Sustainable
chronic_short_sleep,33,2026-02-02,60.7,0.894,78.8,0.719,94.3,0.851,Available signals are some recovery may help; sleep support changed most.,Sustainable
chronic_short_sleep,34,2026-02-03,60.4,0.869,73.8,0.708,87.4,0.852,Available signals are some recovery may help; sleep support changed most.,Sustainable
chronic_short_sleep,35,2026-02-04,60.3,0.896,75.2,0.72,89.9,0.853,Available signals are some recovery may help; sleep support changed most.,Sustainable
chronic_short_sleep,36,2026-02-05,59.5,0.87,76.6,0.709,91.9,0.855,Available signals are some recovery may help; sleep support changed most.,Sustainable
chronic_short_sleep,37,2026-02-06,60.5,0.882,74.9,0.714,95.7,0.856,Available signals are some recovery may help; sleep support changed most.,Sustainable
chronic_short_sleep,38,2026-02-07,59.4,0.874,76.5,0.711,93.4,0.857,Available signals are some recovery may help; sleep support changed most.,Sustainable
chronic_short_sleep,39,2026-02-08,60.8,0.882,77.6,0.714,93.0,0.858,Available signals are some recovery may help; sleep support changed most.,Sustainable
chronic_short_sleep,40,2026-02-09,59.4,0.903,75.3,0.724,95.5,0.86,Available signals are some recovery may help; sleep support changed most.,Sustainable
chronic_short_sleep,41,2026-02-10,60.7,0.892,78.4,0.719,96.2,0.861,Available signals are some recovery may help; sleep support changed most.,Sustainable
chronic_short_sleep,42,2026-02-11,58.7,0.915,75.3,0.73,90.9,0.862,Available signals are some recovery may help; sleep support changed most.,Sustainable
chronic_short_sleep,43,2026-02-12,60.9,0.897,74.5,0.722,94.6,0.863,Available signals are some recovery may help; sleep support changed most.,Sustainable
chronic_short_sleep,44,2026-02-13,61.1,0.918,78.3,0.731,93.1,0.864,Available signals are some recovery may help; sleep support changed most.,Sustainable
chronic_short_sleep,45,2026-02-14,60.8,0.912,76.5,0.729,98.5,0.866,Available signals are some recovery may help; sleep support changed most.,Sustainable
chronic_short_sleep,46,2026-02-15,60.6,0.913,72.3,0.729,96.4,0.867,Available signals are some recovery may help; sleep support changed most.,Sustainable
chronic_short_sleep,47,2026-02-16,60.0,0.92,78.4,0.733,94.4,0.868,Available signals are some recovery may help; sleep support changed most.,Sustainable
chronic_short_sleep,48,2026-02-17,61.2,0.897,78.4,0.723,96.8,0.87,Available signals are some recovery may help; sleep support changed most.,Sustainable
chronic_short_sleep,49,2026-02-18,60.8,0.922,77.9,0.734,92.9,0.871,Available signals are some recovery may help; sleep support changed most.,Sustainable
chronic_short_sleep,50,2026-02-19,60.4,0.898,76.6,0.723,97.6,0.872,Available signals are some recovery may help; sleep support changed most.,Sustainable
chronic_short_sleep,51,2026-02-20,59.6,0.906,78.0,0.727,95.4,0.873,Available signals are some recovery may help; sleep support changed most.,Sustainable
chronic_short_sleep,52,2026-02-21,60.5,0.922,75.0,0.734,95.4,0.874,Available signals are some recovery may help; sleep support changed most.,Sustainable
chronic_short_sleep,53,2026-02-22,60.5,0.913,77.5,0.731,96.5,0.876,Available signals are some recovery may help; sleep support changed most.,Sustainable
chronic_short_sleep,54,2026-02-23,60.2,0.927,77.2,0.737,97.0,0.877,Available signals are some recovery may help; sleep support changed most.,Sustainable
chronic_short_sleep,55,2026-02-24,60.1,0.928,76.2,0.738,97.4,0.878,Available signals are some recovery may help; sleep support changed most.,Sustainable
chronic_short_sleep,56,2026-02-25,59.3,0.935,77.5,0.741,99.1,0.879,Available signals are some recovery may help; sleep support changed most.,Sustainable
chronic_short_sleep,57,2026-02-26,60.4,0.919,77.3,0.734,96.2,0.881,Available signals are some recovery may help; sleep support changed most.,Sustainable
chronic_short_sleep,58,2026-02-27,60.9,0.944,77.1,0.745,93.3,0.882,Available signals are some recovery may help; sleep support changed most.,Sustainable
chronic_short_sleep,59,2026-02-28,61.2,0.932,78.3,0.74,92.0,0.882,Available signals are some recovery may help; sleep support changed most.,Sustainable
chronic_short_sleep,60,2026-03-01,60.4,0.919,79.2,0.734,95.1,0.882,Available signals are some recovery may help; sleep support changed most.,Sustainable
chronic_short_sleep,61,2026-03-02,60.3,0.917,78.9,0.733,94.8,0.882,Available signals are some recovery may help; sleep support changed most.,Sustainable
chronic_short_sleep,62,2026-03-03,60.1,0.933,75.9,0.74,95.8,0.882,Available signals are some recovery may help; sleep support changed most.,Sustainable
chronic_short_sleep,63,2026-03-04,59.8,0.918,74.1,0.733,93.5,0.882,Available signals are some recovery may help; sleep support changed most.,Sustainable
chronic_short_sleep,64,2026-03-05,61.5,0.919,76.6,0.734,97.8,0.882,Available signals are some recovery may help; sleep support changed most.,Sustainable
chronic_short_sleep,65,2026-03-06,59.7,0.917,77.2,0.733,89.9,0.882,Available signals are some recovery may help; sleep support changed most.,Sustainable
chronic_short_sleep,66,2026-03-07,58.8,0.921,74.1,0.735,92.0,0.882,Available signals are some recovery may help; sleep support changed most.,Sustainable
chronic_short_sleep,67,2026-03-08,61.0,0.919,77.7,0.734,96.1,0.882,Available signals are some recovery may help; sleep support changed most.,Sustainable
chronic_short_sleep,68,2026-03-09,60.4,0.926,78.6,0.737,96.3,0.882,Available signals are some recovery may help; sleep support changed most.,Sustainable
chronic_short_sleep,69,2026-03-10,59.5,0.942,76.7,0.744,99.5,0.882,Available signals are some recovery may help; sleep support changed most.,Sustainable
chronic_short_sleep,70,2026-03-11,60.6,0.926,76.6,0.737,85.2,0.882,Available signals are some recovery may help; sleep support changed most.,Sustainable
chronic_short_sleep,71,2026-03-12,60.7,0.915,76.7,0.732,94.9,0.882,Available signals are some recovery may help; sleep support changed most.,Sustainable
chronic_short_sleep,72,2026-03-13,60.1,0.935,77.6,0.741,95.7,0.882,Available signals are some recovery may help; sleep support changed most.,Sustainable
chronic_short_sleep,73,2026-03-14,60.3,0.929,73.5,0.738,95.5,0.882,Available signals are some recovery may help; sleep support changed most.,Sustainable
chronic_short_sleep,74,2026-03-15,60.7,0.943,75.7,0.745,92.3,0.882,Available signals are some recovery may help; sleep support changed most.,Sustainable
chronic_short_sleep,75,2026-03-16,60.9,0.941,71.8,0.744,94.4,0.882,Available signals are some recovery may help; sleep support changed most.,Sustainable
chronic_short_sleep,76,2026-03-17,61.2,0.919,76.1,0.734,94.5,0.882,Available signals are some recovery may help; sleep support changed most.,Sustainable
chronic_short_sleep,77,2026-03-18,60.0,0.926,75.3,0.737,95.3,0.882,Available signals are some recovery may help; sleep support changed most.,Sustainable
chronic_short_sleep,78,2026-03-19,60.4,0.948,77.5,0.747,99.3,0.882,Available signals are some recovery may help; sleep support changed most.,Sustainable
chronic_short_sleep,79,2026-03-20,60.7,0.929,75.6,0.738,94.5,0.882,Available signals are some recovery may help; sleep support changed most.,Sustainable
chronic_short_sleep,80,2026-03-21,59.9,0.924,70.9,0.736,92.0,0.882,Available signals are some recovery may help; sleep support changed most.,Sustainable
chronic_short_sleep,81,2026-03-22,60.9,0.941,76.0,0.744,88.7,0.882,Available signals are some recovery may help; sleep support changed most.,Sustainable
chronic_short_sleep,82,2026-03-23,59.6,0.917,73.6,0.733,95.5,0.882,Available signals are some recovery may help; sleep support changed most.,Sustainable
chronic_short_sleep,83,2026-03-24,60.4,0.919,76.8,0.734,98.5,0.882,Available signals are some recovery may help; sleep support changed most.,Sustainable
chronic_short_sleep,84,2026-03-25,60.3,0.946,76.9,0.746,99.4,0.882,Available signals are some recovery may help; sleep support changed most.,Sustainable
chronic_short_sleep,85,2026-03-26,60.8,0.95,76.1,0.748,89.3,0.882,Available signals are some recovery may help; sleep support changed most.,Sustainable
chronic_short_sleep,86,2026-03-27,60.9,0.92,76.7,0.734,95.4,0.882,Available signals are some recovery may help; sleep support changed most.,Sustainable
chronic_short_sleep,87,2026-03-28,60.1,0.938,69.5,0.743,99.9,0.882,Available signals are some recovery may help; sleep support changed most.,Sustainable
chronic_short_sleep,88,2026-03-29,59.5,0.942,75.6,0.744,91.2,0.882,Available signals are some recovery may help; sleep support changed most.,Sustainable
chronic_short_sleep,89,2026-03-30,60.2,0.937,78.9,0.742,95.7,0.882,Available signals are some recovery may help; sleep support changed most.,Sustainable
chronic_short_sleep,90,2026-03-31,59.9,0.931,72.9,0.739,93.5,0.882,Available signals are some recovery may help; sleep support changed most.,Sustainable
one_short_night,1,2026-01-01,85.8,0.73,85.7,0.635,95.1,0.762,Available signals are normal range; optional check-in changed most.,Sustainable
one_short_night,2,2026-01-02,82.3,0.732,89.8,0.636,93.7,0.762,Available signals are normal range; optional check-in changed most.,Sustainable
one_short_night,3,2026-01-03,75.0,0.779,84.5,0.66,90.2,0.791,Available signals are normal range; sleep support changed most.,Sustainable
one_short_night,4,2026-01-04,85.6,0.782,74.7,0.662,97.7,0.793,Available signals are some recovery may help; overnight pulse deviation changed most.,Sustainable
one_short_night,5,2026-01-05,79.2,0.785,87.3,0.664,92.5,0.795,Available signals are normal range; optional check-in changed most.,Sustainable
one_short_night,6,2026-01-06,85.6,0.805,89.2,0.672,92.9,0.797,Available signals are normal range; optional check-in changed most.,Sustainable
one_short_night,7,2026-01-07,85.7,0.792,88.1,0.667,93.5,0.799,Available signals are normal range; optional check-in changed most.,Sustainable
one_short_night,8,2026-01-08,78.2,0.801,86.5,0.671,97.1,0.802,Available signals are normal range; optional check-in changed most.,Sustainable
one_short_night,9,2026-01-09,86.1,0.808,88.5,0.675,98.3,0.804,Available signals are normal range; optional check-in changed most.,Sustainable
one_short_night,10,2026-01-10,85.2,0.816,84.8,0.678,92.9,0.806,Available signals are normal range; optional check-in changed most.,Sustainable
one_short_night,11,2026-01-11,82.8,0.827,83.7,0.684,94.9,0.808,Available signals are normal range; optional check-in changed most.,Sustainable
one_short_night,12,2026-01-12,85.7,0.827,85.2,0.684,99.2,0.81,Available signals are normal range; optional check-in changed most.,Sustainable
one_short_night,13,2026-01-13,84.6,0.82,87.8,0.681,97.5,0.812,Available signals are normal range; optional check-in changed most.,Sustainable
one_short_night,14,2026-01-14,85.7,0.821,83.7,0.682,96.0,0.815,Available signals are normal range; optional check-in changed most.,Sustainable
one_short_night,15,2026-01-15,86.3,0.834,83.5,0.688,98.6,0.817,Available signals are normal range; overnight pulse deviation changed most.,Sustainable
one_short_night,16,2026-01-16,85.3,0.819,87.3,0.681,97.4,0.819,Available signals are normal range; optional check-in changed most.,Sustainable
one_short_night,17,2026-01-17,83.7,0.814,82.7,0.679,96.0,0.821,Available signals are normal range; optional check-in changed most.,Sustainable
one_short_night,18,2026-01-18,84.9,0.821,88.7,0.683,93.7,0.823,Available signals are normal range; optional check-in changed most.,Sustainable
one_short_night,19,2026-01-19,81.9,0.845,88.1,0.694,91.7,0.825,Available signals are normal range; optional check-in changed most.,Sustainable
one_short_night,20,2026-01-20,84.0,0.842,87.3,0.693,96.3,0.827,Available signals are normal range; optional check-in changed most.,Sustainable
one_short_night,21,2026-01-21,81.8,0.859,88.6,0.701,88.7,0.83,Available signals are normal range; optional check-in changed most.,Sustainable
one_short_night,22,2026-01-22,83.5,0.84,89.0,0.693,88.5,0.832,Available signals are normal range; optional check-in changed most.,Sustainable
one_short_night,23,2026-01-23,85.0,0.841,81.7,0.693,93.6,0.834,Available signals are some recovery may help; overnight pulse deviation changed most.,Sustainable
one_short_night,24,2026-01-24,83.8,0.874,87.9,0.708,93.0,0.836,Available signals are normal range; optional check-in changed most.,Sustainable
one_short_night,25,2026-01-25,77.9,0.874,85.7,0.709,98.6,0.838,Available signals are normal range; optional check-in changed most.,Sustainable
one_short_night,26,2026-01-26,84.4,0.867,82.4,0.706,97.7,0.84,Available signals are normal range; overnight pulse deviation changed most.,Sustainable
one_short_night,27,2026-01-27,85.1,0.858,85.7,0.702,95.1,0.842,Available signals are normal range; optional check-in changed most.,Sustainable
one_short_night,28,2026-01-28,85.4,0.861,90.0,0.704,93.0,0.844,Available signals are normal range; optional check-in changed most.,Sustainable
one_short_night,29,2026-01-29,83.3,0.864,89.6,0.705,95.2,0.846,Available signals are normal range; optional check-in changed most.,Sustainable
one_short_night,30,2026-01-30,85.9,0.875,86.3,0.71,97.9,0.847,Available signals are normal range; optional check-in changed most.,Sustainable
one_short_night,31,2026-01-31,84.7,0.886,82.7,0.715,96.2,0.848,Available signals are normal range; overnight pulse deviation changed most.,Sustainable
one_short_night,32,2026-02-01,86.1,0.881,89.0,0.713,97.9,0.849,Available signals are normal range; optional check-in changed most.,Sustainable
one_short_night,33,2026-02-02,85.5,0.877,89.7,0.712,93.3,0.851,Available signals are normal range; optional check-in changed most.,Sustainable
one_short_night,34,2026-02-03,85.2,0.897,87.2,0.721,96.9,0.852,Available signals are normal range; optional check-in changed most.,Sustainable
one_short_night,35,2026-02-04,86.2,0.882,85.5,0.714,98.8,0.853,Available signals are normal range; optional check-in changed most.,Sustainable
one_short_night,36,2026-02-05,85.5,0.889,84.5,0.717,90.7,0.855,Available signals are normal range; optional check-in changed most.,Sustainable
one_short_night,37,2026-02-06,86.3,0.899,90.2,0.722,90.2,0.856,Available signals are normal range; optional check-in changed most.,Sustainable
one_short_night,38,2026-02-07,84.2,0.879,87.1,0.713,94.9,0.857,Available signals are normal range; optional check-in changed most.,Sustainable
one_short_night,39,2026-02-08,85.8,0.902,89.6,0.723,93.2,0.858,Available signals are normal range; optional check-in changed most.,Sustainable
one_short_night,40,2026-02-09,82.7,0.902,88.0,0.724,97.2,0.86,Available signals are normal range; optional check-in changed most.,Sustainable
one_short_night,41,2026-02-10,86.1,0.906,87.5,0.725,89.4,0.861,Available signals are normal range; optional check-in changed most.,Sustainable
one_short_night,42,2026-02-11,85.3,0.894,89.6,0.721,93.4,0.862,Available signals are normal range; optional check-in changed most.,Sustainable
one_short_night,43,2026-02-12,80.6,0.907,83.6,0.726,94.5,0.863,Available signals are normal range; optional check-in changed most.,Sustainable
one_short_night,44,2026-02-13,86.3,0.91,90.1,0.728,90.0,0.864,Available signals are normal range; optional check-in changed most.,Sustainable
one_short_night,45,2026-02-14,86.1,0.909,89.6,0.727,92.5,0.866,Available signals are normal range; optional check-in changed most.,Sustainable
one_short_night,46,2026-02-15,85.6,0.914,87.4,0.73,95.4,0.867,Available signals are normal range; optional check-in changed most.,Sustainable
one_short_night,47,2026-02-16,83.0,0.903,85.5,0.725,94.2,0.868,Available signals are normal range; optional check-in changed most.,Sustainable
one_short_night,48,2026-02-17,81.8,0.914,83.0,0.73,97.8,0.87,Available signals are normal range; optional check-in changed most.,Sustainable
one_short_night,49,2026-02-18,84.9,0.902,87.4,0.725,99.7,0.871,Available signals are normal range; optional check-in changed most.,Sustainable
one_short_night,50,2026-02-19,84.0,0.901,82.5,0.725,94.0,0.872,Available signals are normal range; optional check-in changed most.,Sustainable
one_short_night,51,2026-02-20,84.6,0.921,83.7,0.734,94.9,0.873,Available signals are normal range; optional check-in changed most.,Sustainable
one_short_night,52,2026-02-21,86.5,0.904,89.1,0.726,99.9,0.874,Available signals are normal range; optional check-in changed most.,Sustainable
one_short_night,53,2026-02-22,85.2,0.925,87.5,0.736,94.8,0.876,Available signals are normal range; optional check-in changed most.,Sustainable
one_short_night,54,2026-02-23,84.4,0.942,89.5,0.744,96.2,0.877,Available signals are normal range; optional check-in changed most.,Sustainable
one_short_night,55,2026-02-24,85.2,0.911,82.5,0.73,98.7,0.878,Available signals are normal range; overnight pulse deviation changed most.,Sustainable
one_short_night,56,2026-02-25,79.0,0.918,87.1,0.733,98.4,0.879,Available signals are normal range; optional check-in changed most.,Sustainable
one_short_night,57,2026-02-26,86.2,0.937,86.6,0.742,94.9,0.881,Available signals are normal range; optional check-in changed most.,Sustainable
one_short_night,58,2026-02-27,84.5,0.916,90.5,0.733,96.7,0.882,Available signals are normal range; optional check-in changed most.,Sustainable
one_short_night,59,2026-02-28,83.1,0.937,84.1,0.742,93.3,0.882,Available signals are normal range; optional check-in changed most.,Sustainable
one_short_night,60,2026-03-01,85.3,0.946,89.4,0.746,99.2,0.882,Available signals are normal range; optional check-in changed most.,Sustainable
one_short_night,61,2026-03-02,86.2,0.916,91.1,0.733,98.6,0.882,Available signals are normal range; optional check-in changed most.,Sustainable
one_short_night,62,2026-03-03,86.4,0.943,89.8,0.745,99.5,0.882,Available signals are normal range; optional check-in changed most.,Sustainable
one_short_night,63,2026-03-04,85.0,0.938,85.1,0.742,91.5,0.882,Available signals are normal range; optional check-in changed most.,Sustainable
one_short_night,64,2026-03-05,84.2,0.92,88.3,0.735,96.4,0.882,Available signals are normal range; optional check-in changed most.,Sustainable
one_short_night,65,2026-03-06,84.6,0.923,89.2,0.736,92.3,0.882,Available signals are normal range; optional check-in changed most.,Sustainable
one_short_night,66,2026-03-07,84.7,0.931,88.2,0.739,96.4,0.882,Available signals are normal range; optional check-in changed most.,Sustainable
one_short_night,67,2026-03-08,84.9,0.945,85.3,0.746,99.0,0.882,Available signals are normal range; optional check-in changed most.,Sustainable
one_short_night,68,2026-03-09,85.0,0.937,87.4,0.742,92.9,0.882,Available signals are normal range; optional check-in changed most.,Sustainable
one_short_night,69,2026-03-10,85.6,0.921,87.6,0.735,96.4,0.882,Available signals are normal range; optional check-in changed most.,Sustainable
one_short_night,70,2026-03-11,86.1,0.942,84.8,0.744,86.8,0.882,Available signals are normal range; optional check-in changed most.,Sustainable
one_short_night,71,2026-03-12,85.9,0.946,85.9,0.746,90.8,0.882,Available signals are normal range; optional check-in changed most.,Sustainable
one_short_night,72,2026-03-13,84.2,0.938,82.1,0.743,98.4,0.882,Available signals are normal range; overnight pulse deviation changed most.,Sustainable
one_short_night,73,2026-03-14,84.0,0.924,85.0,0.736,93.5,0.882,Available signals are normal range; optional check-in changed most.,Sustainable
one_short_night,74,2026-03-15,85.9,0.933,89.6,0.74,92.1,0.882,Available signals are normal range; optional check-in changed most.,Sustainable
one_short_night,75,2026-03-16,86.0,0.93,83.2,0.739,95.9,0.882,Available signals are normal range; optional check-in changed most.,Sustainable
one_short_night,76,2026-03-17,81.9,0.947,87.2,0.747,99.4,0.882,Available signals are normal range; optional check-in changed most.,Sustainable
one_short_night,77,2026-03-18,84.0,0.932,89.1,0.74,92.4,0.882,Available signals are normal range; optional check-in changed most.,Sustainable
one_short_night,78,2026-03-19,85.7,0.921,89.9,0.735,93.3,0.882,Available signals are normal range; optional check-in changed most.,Sustainable
one_short_night,79,2026-03-20,86.4,0.926,90.6,0.737,94.1,0.882,Available signals are normal range; optional check-in changed most.,Sustainable
one_short_night,80,2026-03-21,86.2,0.939,89.9,0.743,98.2,0.882,Available signals are normal range; optional check-in changed most.,Sustainable
one_short_night,81,2026-03-22,85.5,0.946,88.5,0.746,97.0,0.882,Available signals are normal range; optional check-in changed most.,Sustainable
one_short_night,82,2026-03-23,77.2,0.946,81.0,0.746,86.0,0.882,Available signals are some recovery may help; optional check-in changed most.,Sustainable
one_short_night,83,2026-03-24,84.7,0.942,85.9,0.744,96.6,0.882,Available signals are normal range; optional check-in changed most.,Sustainable
one_short_night,84,2026-03-25,86.3,0.924,83.4,0.736,99.8,0.882,Available signals are normal range; overnight pulse deviation changed most.,Sustainable
one_short_night,85,2026-03-26,84.7,0.937,81.4,0.742,96.0,0.882,Available signals are some recovery may help; overnight pulse deviation changed most.,Sustainable
one_short_night,86,2026-03-27,82.3,0.918,80.9,0.734,93.6,0.882,Available signals are some recovery may help; overnight pulse deviation changed most.,Sustainable
one_short_night,87,2026-03-28,85.3,0.922,89.8,0.735,90.8,0.882,Available signals are normal range; optional check-in changed most.,Sustainable
one_short_night,88,2026-03-29,85.7,0.931,89.6,0.739,91.7,0.882,Available signals are normal range; optional check-in changed most.,Sustainable
one_short_night,89,2026-03-30,84.7,0.949,81.2,0.747,99.2,0.882,Available signals are some recovery may help; overnight pulse deviation changed most.,Sustainable
one_short_night,90,2026-03-31,35.3,0.943,58.7,0.745,99.5,0.882,Available signals are more recovery may help; sleep support changed most.,Sustainable
several_short_nights,1,2026-01-01,98.7,0.719,92.1,0.63,96.3,0.762,Available signals are normal range; optional check-in changed most.,Sustainable
several_short_nights,2,2026-01-02,95.0,0.743,91.4,0.641,97.6,0.762,Available signals are normal range; optional check-in changed most.,Sustainable
several_short_nights,3,2026-01-03,97.6,0.782,89.7,0.662,97.9,0.791,Available signals are normal range; optional check-in changed most.,Sustainable
several_short_nights,4,2026-01-04,95.0,0.783,89.2,0.663,96.3,0.793,Available signals are normal range; optional check-in changed most.,Sustainable
several_short_nights,5,2026-01-05,99.5,0.776,92.0,0.659,95.9,0.795,Available signals are normal range; optional check-in changed most.,Sustainable
several_short_nights,6,2026-01-06,97.4,0.802,94.4,0.671,91.0,0.797,Available signals are normal range; optional check-in changed most.,Sustainable
several_short_nights,7,2026-01-07,98.0,0.796,90.6,0.669,92.7,0.799,Available signals are normal range; optional check-in changed most.,Sustainable
several_short_nights,8,2026-01-08,98.1,0.809,94.1,0.675,99.3,0.802,Available signals are normal range; optional check-in changed most.,Sustainable
several_short_nights,9,2026-01-09,97.3,0.798,94.4,0.67,95.8,0.804,Available signals are normal range; optional check-in changed most.,Sustainable
several_short_nights,10,2026-01-10,97.0,0.808,93.0,0.675,99.0,0.806,Available signals are normal range; optional check-in changed most.,Sustainable
several_short_nights,11,2026-01-11,98.0,0.807,94.7,0.675,91.9,0.808,Available signals are normal range; optional check-in changed most.,Sustainable
several_short_nights,12,2026-01-12,97.8,0.814,94.5,0.678,93.7,0.81,Available signals are normal range; optional check-in changed most.,Sustainable
several_short_nights,13,2026-01-13,96.3,0.81,95.2,0.677,95.5,0.812,Available signals are normal range; optional check-in changed most.,Sustainable
several_short_nights,14,2026-01-14,98.1,0.831,88.5,0.686,96.1,0.815,Available signals are normal range; optional check-in changed most.,Sustainable
several_short_nights,15,2026-01-15,98.3,0.833,91.6,0.688,97.0,0.817,Available signals are normal range; optional check-in changed most.,Sustainable
several_short_nights,16,2026-01-16,96.6,0.812,92.0,0.678,98.9,0.819,Available signals are normal range; optional check-in changed most.,Sustainable
several_short_nights,17,2026-01-17,93.5,0.829,90.0,0.686,98.0,0.821,Available signals are normal range; optional check-in changed most.,Sustainable
several_short_nights,18,2026-01-18,98.5,0.823,93.6,0.684,97.9,0.823,Available signals are normal range; optional check-in changed most.,Sustainable
several_short_nights,19,2026-01-19,95.8,0.836,89.1,0.69,92.1,0.825,Available signals are normal range; optional check-in changed most.,Sustainable
several_short_nights,20,2026-01-20,98.3,0.844,90.0,0.694,94.9,0.827,Available signals are normal range; optional check-in changed most.,Sustainable
several_short_nights,21,2026-01-21,95.6,0.856,90.9,0.699,99.4,0.83,Available signals are normal range; optional check-in changed most.,Sustainable
several_short_nights,22,2026-01-22,97.7,0.864,92.9,0.703,98.3,0.832,Available signals are normal range; optional check-in changed most.,Sustainable
several_short_nights,23,2026-01-23,88.1,0.866,88.6,0.704,89.3,0.834,Available signals are normal range; optional check-in changed most.,Sustainable
several_short_nights,24,2026-01-24,87.9,0.852,90.7,0.698,94.7,0.836,Available signals are normal range; optional check-in changed most.,Sustainable
several_short_nights,25,2026-01-25,97.9,0.867,93.6,0.705,96.3,0.838,Available signals are normal range; optional check-in changed most.,Sustainable
several_short_nights,26,2026-01-26,92.0,0.876,90.8,0.71,99.3,0.84,Available signals are normal range; optional check-in changed most.,Sustainable
several_short_nights,27,2026-01-27,98.3,0.866,93.3,0.706,90.2,0.842,Available signals are normal range; optional check-in changed most.,Sustainable
several_short_nights,28,2026-01-28,97.2,0.863,88.8,0.704,92.9,0.844,Available signals are normal range; optional check-in changed most.,Sustainable
several_short_nights,29,2026-01-29,97.4,0.88,92.6,0.712,96.9,0.846,Available signals are normal range; optional check-in changed most.,Sustainable
several_short_nights,30,2026-01-30,99.0,0.89,94.6,0.717,95.8,0.847,Available signals are normal range; optional check-in changed most.,Sustainable
several_short_nights,31,2026-01-31,91.3,0.882,93.0,0.713,88.4,0.848,Available signals are normal range; optional check-in changed most.,Sustainable
several_short_nights,32,2026-02-01,96.7,0.885,91.2,0.715,96.8,0.849,Available signals are normal range; optional check-in changed most.,Sustainable
several_short_nights,33,2026-02-02,97.3,0.867,93.6,0.707,93.7,0.851,Available signals are normal range; optional check-in changed most.,Sustainable
several_short_nights,34,2026-02-03,98.3,0.874,92.6,0.71,99.7,0.852,Available signals are normal range; optional check-in changed most.,Sustainable
several_short_nights,35,2026-02-04,97.2,0.887,88.7,0.716,95.2,0.853,Available signals are normal range; optional check-in changed most.,Sustainable
several_short_nights,36,2026-02-05,98.3,0.874,94.4,0.71,91.6,0.855,Available signals are normal range; optional check-in changed most.,Sustainable
several_short_nights,37,2026-02-06,98.1,0.898,91.6,0.721,97.9,0.856,Available signals are normal range; optional check-in changed most.,Sustainable
several_short_nights,38,2026-02-07,98.7,0.892,93.4,0.719,98.3,0.857,Available signals are normal range; optional check-in changed most.,Sustainable
several_short_nights,39,2026-02-08,97.0,0.904,92.2,0.724,95.1,0.858,Available signals are normal range; optional check-in changed most.,Sustainable
several_short_nights,40,2026-02-09,98.7,0.887,93.6,0.717,90.3,0.86,Available signals are normal range; optional check-in changed most.,Sustainable
several_short_nights,41,2026-02-10,95.7,0.894,89.9,0.72,98.2,0.861,Available signals are normal range; optional check-in changed most.,Sustainable
several_short_nights,42,2026-02-11,88.2,0.897,91.2,0.722,97.5,0.862,Available signals are normal range; optional check-in changed most.,Sustainable
several_short_nights,43,2026-02-12,99.3,0.895,93.6,0.721,89.6,0.863,Available signals are normal range; optional check-in changed most.,Sustainable
several_short_nights,44,2026-02-13,96.6,0.917,95.0,0.731,94.7,0.864,Available signals are normal range; optional check-in changed most.,Sustainable
several_short_nights,45,2026-02-14,97.7,0.891,93.1,0.719,98.2,0.866,Available signals are normal range; optional check-in changed most.,Sustainable
several_short_nights,46,2026-02-15,95.7,0.911,90.9,0.729,99.3,0.867,Available signals are normal range; optional check-in changed most.,Sustainable
several_short_nights,47,2026-02-16,96.0,0.901,93.6,0.724,98.1,0.868,Available signals are normal range; optional check-in changed most.,Sustainable
several_short_nights,48,2026-02-17,98.3,0.915,93.2,0.731,95.4,0.87,Available signals are normal range; optional check-in changed most.,Sustainable
several_short_nights,49,2026-02-18,97.7,0.926,95.5,0.736,97.7,0.871,Available signals are normal range; optional check-in changed most.,Sustainable
several_short_nights,50,2026-02-19,96.8,0.921,90.0,0.733,96.7,0.872,Available signals are normal range; optional check-in changed most.,Sustainable
several_short_nights,51,2026-02-20,92.8,0.908,89.2,0.728,90.5,0.873,Available signals are normal range; optional check-in changed most.,Sustainable
several_short_nights,52,2026-02-21,96.5,0.915,94.4,0.731,97.6,0.874,Available signals are normal range; optional check-in changed most.,Sustainable
several_short_nights,53,2026-02-22,98.5,0.921,94.2,0.734,96.4,0.876,Available signals are normal range; optional check-in changed most.,Sustainable
several_short_nights,54,2026-02-23,98.6,0.937,92.0,0.742,94.1,0.877,Available signals are normal range; optional check-in changed most.,Sustainable
several_short_nights,55,2026-02-24,98.0,0.912,93.8,0.731,93.0,0.878,Available signals are normal range; optional check-in changed most.,Sustainable
several_short_nights,56,2026-02-25,96.9,0.925,91.0,0.736,98.8,0.879,Available signals are normal range; optional check-in changed most.,Sustainable
several_short_nights,57,2026-02-26,98.4,0.94,95.1,0.743,97.7,0.881,Available signals are normal range; optional check-in changed most.,Sustainable
several_short_nights,58,2026-02-27,98.8,0.919,92.6,0.734,98.7,0.882,Available signals are normal range; optional check-in changed most.,Sustainable
several_short_nights,59,2026-02-28,94.8,0.918,87.7,0.734,98.7,0.882,Available signals are normal range; optional check-in changed most.,Sustainable
several_short_nights,60,2026-03-01,97.5,0.923,93.2,0.736,92.9,0.882,Available signals are normal range; optional check-in changed most.,Sustainable
several_short_nights,61,2026-03-02,97.7,0.926,95.2,0.737,96.6,0.882,Available signals are normal range; optional check-in changed most.,Sustainable
several_short_nights,62,2026-03-03,97.8,0.932,88.7,0.74,97.5,0.882,Available signals are normal range; optional check-in changed most.,Sustainable
several_short_nights,63,2026-03-04,96.6,0.93,92.8,0.739,96.1,0.882,Available signals are normal range; optional check-in changed most.,Sustainable
several_short_nights,64,2026-03-05,96.7,0.944,90.3,0.745,99.3,0.882,Available signals are normal range; optional check-in changed most.,Sustainable
several_short_nights,65,2026-03-06,98.8,0.915,95.6,0.732,98.2,0.882,Available signals are normal range; optional check-in changed most.,Sustainable
several_short_nights,66,2026-03-07,95.7,0.945,94.9,0.746,97.4,0.882,Available signals are normal range; optional check-in changed most.,Sustainable
several_short_nights,67,2026-03-08,96.5,0.929,92.7,0.739,93.2,0.882,Available signals are normal range; optional check-in changed most.,Sustainable
several_short_nights,68,2026-03-09,95.3,0.93,90.8,0.739,95.4,0.882,Available signals are normal range; optional check-in changed most.,Sustainable
several_short_nights,69,2026-03-10,97.2,0.927,94.8,0.737,98.8,0.882,Available signals are normal range; optional check-in changed most.,Sustainable
several_short_nights,70,2026-03-11,97.8,0.919,93.9,0.734,93.4,0.882,Available signals are normal range; optional check-in changed most.,Sustainable
several_short_nights,71,2026-03-12,92.5,0.925,91.3,0.737,93.8,0.882,Available signals are normal range; optional check-in changed most.,Sustainable
several_short_nights,72,2026-03-13,90.7,0.939,88.5,0.743,93.4,0.882,Available signals are normal range; optional check-in changed most.,Sustainable
several_short_nights,73,2026-03-14,98.2,0.948,91.0,0.747,96.4,0.882,Available signals are normal range; optional check-in changed most.,Sustainable
several_short_nights,74,2026-03-15,94.4,0.95,92.3,0.748,98.3,0.882,Available signals are normal range; optional check-in changed most.,Sustainable
several_short_nights,75,2026-03-16,96.3,0.93,92.5,0.739,96.9,0.882,Available signals are normal range; optional check-in changed most.,Sustainable
several_short_nights,76,2026-03-17,98.7,0.944,94.0,0.745,91.2,0.882,Available signals are normal range; optional check-in changed most.,Sustainable
several_short_nights,77,2026-03-18,95.9,0.933,89.7,0.74,91.7,0.882,Available signals are normal range; optional check-in changed most.,Sustainable
several_short_nights,78,2026-03-19,97.8,0.92,94.0,0.735,94.9,0.882,Available signals are normal range; optional check-in changed most.,Sustainable
several_short_nights,79,2026-03-20,97.3,0.915,94.1,0.732,96.8,0.882,Available signals are normal range; optional check-in changed most.,Sustainable
several_short_nights,80,2026-03-21,97.5,0.929,93.7,0.738,88.8,0.882,Available signals are normal range; optional check-in changed most.,Sustainable
several_short_nights,81,2026-03-22,97.4,0.923,92.9,0.736,96.6,0.882,Available signals are normal range; optional check-in changed most.,Sustainable
several_short_nights,82,2026-03-23,97.2,0.942,95.3,0.744,99.6,0.882,Available signals are normal range; optional check-in changed most.,Sustainable
several_short_nights,83,2026-03-24,98.2,0.941,94.1,0.744,94.0,0.882,Available signals are normal range; optional check-in changed most.,Sustainable
several_short_nights,84,2026-03-25,97.1,0.946,93.7,0.746,97.8,0.882,Available signals are normal range; optional check-in changed most.,Sustainable
several_short_nights,85,2026-03-26,95.6,0.935,94.1,0.741,95.4,0.882,Available signals are normal range; optional check-in changed most.,Sustainable
several_short_nights,86,2026-03-27,76.1,0.926,86.3,0.737,97.5,0.882,Available signals are normal range; optional check-in changed most.,Sustainable
several_short_nights,87,2026-03-28,67.1,0.929,81.0,0.738,97.7,0.882,Available signals are some recovery may help; sleep support changed most.,Sustainable
several_short_nights,88,2026-03-29,59.4,0.932,77.3,0.74,98.8,0.882,Available signals are some recovery may help; sleep support changed most.,Sustainable
several_short_nights,89,2026-03-30,50.9,0.937,68.9,0.742,96.8,0.882,Available signals are some recovery may help; sleep support changed most.,Sustainable
several_short_nights,90,2026-03-31,43.7,0.946,66.9,0.746,91.3,0.882,Available signals are some recovery may help; sleep support changed most.,Sustainable
long_fragmented_sleep,1,2026-01-01,60.1,0.729,76.5,0.634,86.6,0.762,Available signals are some recovery may help; sleep support changed most.,Sustainable
long_fragmented_sleep,2,2026-01-02,59.6,0.72,77.3,0.631,80.8,0.762,Available signals are some recovery may help; sleep support changed most.,Sustainable
long_fragmented_sleep,3,2026-01-03,59.5,0.787,74.9,0.664,84.5,0.791,Available signals are some recovery may help; sleep support changed most.,Sustainable
long_fragmented_sleep,4,2026-01-04,59.0,0.774,75.6,0.659,84.6,0.793,Available signals are some recovery may help; sleep support changed most.,Sustainable
long_fragmented_sleep,5,2026-01-05,59.4,0.79,76.0,0.666,86.2,0.795,Available signals are some recovery may help; sleep support changed most.,Sustainable
long_fragmented_sleep,6,2026-01-06,60.0,0.801,78.0,0.671,75.6,0.797,Available signals are some recovery may help; sleep support changed most.,Building
long_fragmented_sleep,7,2026-01-07,60.5,0.811,77.4,0.675,77.3,0.799,Available signals are some recovery may help; sleep support changed most.,Building
long_fragmented_sleep,8,2026-01-08,59.8,0.79,74.6,0.667,79.6,0.802,Available signals are some recovery may help; sleep support changed most.,Building
long_fragmented_sleep,9,2026-01-09,59.6,0.819,75.3,0.68,85.6,0.804,Available signals are some recovery may help; sleep support changed most.,Sustainable
long_fragmented_sleep,10,2026-01-10,59.8,0.8,77.1,0.671,84.7,0.806,Available signals are some recovery may help; sleep support changed most.,Sustainable
long_fragmented_sleep,11,2026-01-11,59.6,0.791,77.9,0.668,78.6,0.808,Available signals are some recovery may help; sleep support changed most.,Building
long_fragmented_sleep,12,2026-01-12,60.1,0.824,78.4,0.683,84.7,0.81,Available signals are some recovery may help; sleep support changed most.,Sustainable
long_fragmented_sleep,13,2026-01-13,60.4,0.803,71.3,0.673,81.6,0.812,Available signals are some recovery may help; sleep support changed most.,Sustainable
long_fragmented_sleep,14,2026-01-14,59.7,0.831,78.6,0.686,77.3,0.815,Available signals are some recovery may help; sleep support changed most.,Building
long_fragmented_sleep,15,2026-01-15,59.3,0.816,77.5,0.68,74.1,0.817,Available signals are some recovery may help; sleep support changed most.,Building
long_fragmented_sleep,16,2026-01-16,60.4,0.844,78.1,0.693,87.1,0.819,Available signals are some recovery may help; sleep support changed most.,Sustainable
long_fragmented_sleep,17,2026-01-17,59.9,0.814,76.0,0.679,81.8,0.821,Available signals are some recovery may help; sleep support changed most.,Sustainable
long_fragmented_sleep,18,2026-01-18,60.3,0.824,77.4,0.685,83.7,0.823,Available signals are some recovery may help; sleep support changed most.,Sustainable
long_fragmented_sleep,19,2026-01-19,60.3,0.822,78.8,0.684,80.0,0.825,Available signals are some recovery may help; sleep support changed most.,Sustainable
long_fragmented_sleep,20,2026-01-20,59.9,0.833,70.8,0.689,84.4,0.827,Available signals are some recovery may help; sleep support changed most.,Sustainable
long_fragmented_sleep,21,2026-01-21,60.2,0.845,73.2,0.695,83.1,0.83,Available signals are some recovery may help; sleep support changed most.,Sustainable
long_fragmented_sleep,22,2026-01-22,60.3,0.855,76.4,0.699,79.3,0.832,Available signals are some recovery may help; sleep support changed most.,Building
long_fragmented_sleep,23,2026-01-23,60.0,0.867,78.9,0.705,82.9,0.834,Available signals are some recovery may help; sleep support changed most.,Sustainable
long_fragmented_sleep,24,2026-01-24,59.9,0.869,73.5,0.706,82.1,0.836,Available signals are some recovery may help; sleep support changed most.,Sustainable
long_fragmented_sleep,25,2026-01-25,59.8,0.876,76.6,0.71,84.3,0.838,Available signals are some recovery may help; sleep support changed most.,Sustainable
long_fragmented_sleep,26,2026-01-26,59.3,0.868,77.1,0.706,80.7,0.84,Available signals are some recovery may help; sleep support changed most.,Sustainable
long_fragmented_sleep,27,2026-01-27,60.0,0.869,76.7,0.707,87.2,0.842,Available signals are some recovery may help; sleep support changed most.,Sustainable
long_fragmented_sleep,28,2026-01-28,59.9,0.881,74.8,0.713,75.3,0.844,Available signals are some recovery may help; sleep support changed most.,Building
long_fragmented_sleep,29,2026-01-29,59.6,0.863,76.3,0.705,85.2,0.846,Available signals are some recovery may help; sleep support changed most.,Sustainable
long_fragmented_sleep,30,2026-01-30,59.4,0.881,78.4,0.713,86.0,0.847,Available signals are some recovery may help; sleep support changed most.,Sustainable
long_fragmented_sleep,31,2026-01-31,60.1,0.859,76.7,0.703,78.6,0.848,Available signals are some recovery may help; sleep support changed most.,Building
long_fragmented_sleep,32,2026-02-01,59.9,0.884,78.0,0.714,84.6,0.849,Available signals are some recovery may help; sleep support changed most.,Sustainable
long_fragmented_sleep,33,2026-02-02,59.9,0.893,77.9,0.718,85.1,0.851,Available signals are some recovery may help; sleep support changed most.,Sustainable
long_fragmented_sleep,34,2026-02-03,59.7,0.87,76.4,0.709,91.1,0.852,Available signals are some recovery may help; sleep support changed most.,Sustainable
long_fragmented_sleep,35,2026-02-04,60.1,0.89,78.7,0.717,79.2,0.853,Available signals are some recovery may help; sleep support changed most.,Building
long_fragmented_sleep,36,2026-02-05,60.0,0.899,73.3,0.722,86.0,0.855,Available signals are some recovery may help; sleep support changed most.,Sustainable
long_fragmented_sleep,37,2026-02-06,60.5,0.886,77.4,0.716,83.5,0.856,Available signals are some recovery may help; sleep support changed most.,Sustainable
long_fragmented_sleep,38,2026-02-07,59.8,0.874,77.5,0.711,85.6,0.857,Available signals are some recovery may help; sleep support changed most.,Sustainable
long_fragmented_sleep,39,2026-02-08,59.6,0.903,71.4,0.724,80.8,0.858,Available signals are some recovery may help; sleep support changed most.,Sustainable
long_fragmented_sleep,40,2026-02-09,60.2,0.901,76.9,0.723,83.0,0.86,Available signals are some recovery may help; sleep support changed most.,Sustainable
long_fragmented_sleep,41,2026-02-10,60.2,0.888,73.7,0.718,79.4,0.861,Available signals are some recovery may help; sleep support changed most.,Building
long_fragmented_sleep,42,2026-02-11,59.5,0.884,72.4,0.716,78.2,0.862,Available signals are some recovery may help; sleep support changed most.,Building
long_fragmented_sleep,43,2026-02-12,59.9,0.888,76.0,0.718,90.7,0.863,Available signals are some recovery may help; sleep support changed most.,Sustainable
long_fragmented_sleep,44,2026-02-13,60.0,0.895,79.1,0.721,79.0,0.864,Available signals are some recovery may help; sleep support changed most.,Building
long_fragmented_sleep,45,2026-02-14,58.9,0.905,70.2,0.726,86.4,0.866,Available signals are some recovery may help; sleep support changed most.,Sustainable
long_fragmented_sleep,46,2026-02-15,60.0,0.912,75.1,0.729,82.0,0.867,Available signals are some recovery may help; sleep support changed most.,Sustainable
long_fragmented_sleep,47,2026-02-16,60.0,0.902,77.6,0.725,82.4,0.868,Available signals are some recovery may help; sleep support changed most.,Sustainable
long_fragmented_sleep,48,2026-02-17,59.6,0.9,73.9,0.724,73.9,0.87,Available signals are some recovery may help; sleep support changed most.,Building
long_fragmented_sleep,49,2026-02-18,59.9,0.916,77.5,0.731,79.6,0.871,Available signals are some recovery may help; sleep support changed most.,Building
long_fragmented_sleep,50,2026-02-19,59.8,0.914,70.3,0.73,83.5,0.872,Available signals are some recovery may help; sleep support changed most.,Sustainable
long_fragmented_sleep,51,2026-02-20,60.1,0.929,78.5,0.737,81.9,0.873,Available signals are some recovery may help; sleep support changed most.,Sustainable
long_fragmented_sleep,52,2026-02-21,60.3,0.936,78.7,0.741,84.9,0.874,Available signals are some recovery may help; sleep support changed most.,Sustainable
long_fragmented_sleep,53,2026-02-22,59.7,0.912,76.8,0.73,87.0,0.876,Available signals are some recovery may help; sleep support changed most.,Sustainable
long_fragmented_sleep,54,2026-02-23,59.9,0.93,73.9,0.738,77.6,0.877,Available signals are some recovery may help; sleep support changed most.,Building
long_fragmented_sleep,55,2026-02-24,60.1,0.938,75.4,0.742,85.6,0.878,Available signals are some recovery may help; sleep support changed most.,Sustainable
long_fragmented_sleep,56,2026-02-25,59.9,0.934,77.4,0.74,86.1,0.879,Available signals are some recovery may help; sleep support changed most.,Sustainable
long_fragmented_sleep,57,2026-02-26,60.1,0.944,73.8,0.745,91.2,0.881,Available signals are some recovery may help; sleep support changed most.,Sustainable
long_fragmented_sleep,58,2026-02-27,60.2,0.92,78.1,0.735,80.8,0.882,Available signals are some recovery may help; sleep support changed most.,Sustainable
long_fragmented_sleep,59,2026-02-28,59.9,0.922,77.9,0.735,86.6,0.882,Available signals are some recovery may help; sleep support changed most.,Sustainable
long_fragmented_sleep,60,2026-03-01,59.4,0.942,73.2,0.744,85.2,0.882,Available signals are some recovery may help; sleep support changed most.,Sustainable
long_fragmented_sleep,61,2026-03-02,60.1,0.916,76.7,0.733,84.2,0.882,Available signals are some recovery may help; sleep support changed most.,Sustainable
long_fragmented_sleep,62,2026-03-03,59.8,0.921,77.7,0.735,85.0,0.882,Available signals are some recovery may help; sleep support changed most.,Sustainable
long_fragmented_sleep,63,2026-03-04,60.2,0.941,78.7,0.744,79.7,0.882,Available signals are some recovery may help; sleep support changed most.,Building
long_fragmented_sleep,64,2026-03-05,60.5,0.949,79.5,0.747,82.2,0.882,Available signals are some recovery may help; sleep support changed most.,Sustainable
long_fragmented_sleep,65,2026-03-06,60.1,0.948,78.0,0.747,80.9,0.882,Available signals are some recovery may help; sleep support changed most.,Sustainable
long_fragmented_sleep,66,2026-03-07,59.4,0.945,72.3,0.746,93.2,0.882,Available signals are some recovery may help; sleep support changed most.,Sustainable
long_fragmented_sleep,67,2026-03-08,60.3,0.948,77.8,0.747,87.7,0.882,Available signals are some recovery may help; sleep support changed most.,Sustainable
long_fragmented_sleep,68,2026-03-09,59.6,0.926,77.9,0.737,89.7,0.882,Available signals are some recovery may help; sleep support changed most.,Sustainable
long_fragmented_sleep,69,2026-03-10,60.1,0.935,78.0,0.741,78.0,0.882,Available signals are some recovery may help; sleep support changed most.,Building
long_fragmented_sleep,70,2026-03-11,59.5,0.925,77.9,0.737,82.1,0.882,Available signals are some recovery may help; sleep support changed most.,Sustainable
long_fragmented_sleep,71,2026-03-12,59.4,0.929,71.8,0.739,80.0,0.882,Available signals are some recovery may help; sleep support changed most.,Building
long_fragmented_sleep,72,2026-03-13,60.0,0.948,71.0,0.747,84.6,0.882,Available signals are some recovery may help; sleep support changed most.,Sustainable
long_fragmented_sleep,73,2026-03-14,60.2,0.927,77.7,0.737,71.7,0.882,Available signals are some recovery may help; sleep support changed most.,Building
long_fragmented_sleep,74,2026-03-15,60.1,0.945,78.2,0.745,79.8,0.882,Available signals are some recovery may help; sleep support changed most.,Building
long_fragmented_sleep,75,2026-03-16,60.3,0.931,78.0,0.739,81.1,0.882,Available signals are some recovery may help; sleep support changed most.,Sustainable
long_fragmented_sleep,76,2026-03-17,60.1,0.919,74.2,0.734,81.8,0.882,Available signals are some recovery may help; sleep support changed most.,Sustainable
long_fragmented_sleep,77,2026-03-18,60.4,0.939,76.9,0.743,82.6,0.882,Available signals are some recovery may help; sleep support changed most.,Sustainable
long_fragmented_sleep,78,2026-03-19,60.3,0.929,78.0,0.739,81.6,0.882,Available signals are some recovery may help; sleep support changed most.,Sustainable
long_fragmented_sleep,79,2026-03-20,59.6,0.933,75.2,0.74,77.1,0.882,Available signals are some recovery may help; sleep support changed most.,Building
long_fragmented_sleep,80,2026-03-21,60.2,0.926,76.2,0.737,81.8,0.882,Available signals are some recovery may help; sleep support changed most.,Sustainable
long_fragmented_sleep,81,2026-03-22,59.9,0.941,78.1,0.744,87.6,0.882,Available signals are some recovery may help; sleep support changed most.,Sustainable
long_fragmented_sleep,82,2026-03-23,59.8,0.938,78.3,0.742,79.0,0.882,Available signals are some recovery may help; sleep support changed most.,Building
long_fragmented_sleep,83,2026-03-24,60.1,0.946,76.8,0.746,89.0,0.882,Available signals are some recovery may help; sleep support changed most.,Sustainable
long_fragmented_sleep,84,2026-03-25,59.6,0.919,77.6,0.734,76.6,0.882,Available signals are some recovery may help; sleep support changed most.,Building
long_fragmented_sleep,85,2026-03-26,59.3,0.923,74.2,0.736,79.3,0.882,Available signals are some recovery may help; sleep support changed most.,Building
long_fragmented_sleep,86,2026-03-27,59.9,0.932,77.8,0.74,85.8,0.882,Available signals are some recovery may help; sleep support changed most.,Sustainable
long_fragmented_sleep,87,2026-03-28,60.1,0.929,78.0,0.738,81.7,0.882,Available signals are some recovery may help; sleep support changed most.,Sustainable
long_fragmented_sleep,88,2026-03-29,60.2,0.932,74.8,0.74,84.5,0.882,Available signals are some recovery may help; sleep support changed most.,Sustainable
long_fragmented_sleep,89,2026-03-30,59.3,0.917,75.3,0.733,79.5,0.882,Available signals are some recovery may help; sleep support changed most.,Building
long_fragmented_sleep,90,2026-03-31,59.7,0.932,75.7,0.74,85.7,0.882,Available signals are some recovery may help; sleep support changed most.,Sustainable
late_consistent_sleep,1,2026-01-01,93.1,0.739,92.6,0.639,98.9,0.762,Available signals are normal range; optional check-in changed most.,Sustainable
late_consistent_sleep,2,2026-01-02,90.5,0.727,91.1,0.634,99.7,0.762,Available signals are normal range; optional check-in changed most.,Sustainable
late_consistent_sleep,3,2026-01-03,100.0,0.763,93.5,0.653,97.5,0.791,Available signals are normal range; optional check-in changed most.,Sustainable
late_consistent_sleep,4,2026-01-04,98.2,0.781,94.4,0.662,93.6,0.793,Available signals are normal range; optional check-in changed most.,Sustainable
late_consistent_sleep,5,2026-01-05,94.7,0.774,89.4,0.659,99.9,0.795,Available signals are normal range; optional check-in changed most.,Sustainable
late_consistent_sleep,6,2026-01-06,98.1,0.778,91.4,0.661,92.9,0.797,Available signals are normal range; optional check-in changed most.,Sustainable
late_consistent_sleep,7,2026-01-07,97.3,0.79,93.6,0.666,95.4,0.799,Available signals are normal range; optional check-in changed most.,Sustainable
late_consistent_sleep,8,2026-01-08,98.9,0.8,95.6,0.671,95.3,0.802,Available signals are normal range; optional check-in changed most.,Sustainable
late_consistent_sleep,9,2026-01-09,93.5,0.804,93.6,0.673,94.4,0.804,Available signals are normal range; optional check-in changed most.,Sustainable
late_consistent_sleep,10,2026-01-10,98.3,0.809,94.8,0.675,97.3,0.806,Available signals are normal range; optional check-in changed most.,Sustainable
late_consistent_sleep,11,2026-01-11,98.0,0.823,95.1,0.682,94.3,0.808,Available signals are normal range; optional check-in changed most.,Sustainable
late_consistent_sleep,12,2026-01-12,97.1,0.828,94.9,0.685,98.5,0.81,Available signals are normal range; optional check-in changed most.,Sustainable
late_consistent_sleep,13,2026-01-13,93.3,0.821,92.3,0.681,99.5,0.812,Available signals are normal range; optional check-in changed most.,Sustainable
late_consistent_sleep,14,2026-01-14,99.0,0.828,95.1,0.685,95.2,0.815,Available signals are normal range; optional check-in changed most.,Sustainable
late_consistent_sleep,15,2026-01-15,90.9,0.805,93.1,0.675,94.2,0.817,Available signals are normal range; optional check-in changed most.,Sustainable
late_consistent_sleep,16,2026-01-16,99.1,0.816,93.4,0.68,98.1,0.819,Available signals are normal range; optional check-in changed most.,Sustainable
late_consistent_sleep,17,2026-01-17,98.4,0.838,95.2,0.69,97.7,0.821,Available signals are normal range; optional check-in changed most.,Sustainable
late_consistent_sleep,18,2026-01-18,95.1,0.834,93.7,0.689,95.8,0.823,Available signals are normal range; optional check-in changed most.,Sustainable
late_consistent_sleep,19,2026-01-19,98.2,0.831,89.2,0.688,93.2,0.825,Available signals are normal range; optional check-in changed most.,Sustainable
late_consistent_sleep,20,2026-01-20,96.4,0.827,93.1,0.686,94.4,0.827,Available signals are normal range; optional check-in changed most.,Sustainable
late_consistent_sleep,21,2026-01-21,98.2,0.86,92.2,0.701,93.7,0.83,Available signals are normal range; optional check-in changed most.,Sustainable
late_consistent_sleep,22,2026-01-22,98.8,0.853,92.5,0.698,93.2,0.832,Available signals are normal range; optional check-in changed most.,Sustainable
late_consistent_sleep,23,2026-01-23,98.2,0.861,91.6,0.702,97.4,0.834,Available signals are normal range; optional check-in changed most.,Sustainable
late_consistent_sleep,24,2026-01-24,99.2,0.839,94.3,0.692,88.5,0.836,Available signals are normal range; optional check-in changed most.,Sustainable
late_consistent_sleep,25,2026-01-25,100.0,0.851,87.6,0.698,91.0,0.838,Available signals are normal range; overnight pulse deviation changed most.,Sustainable
late_consistent_sleep,26,2026-01-26,94.7,0.865,90.8,0.705,90.6,0.84,Available signals are normal range; optional check-in changed most.,Sustainable
late_consistent_sleep,27,2026-01-27,97.8,0.849,94.4,0.698,95.9,0.842,Available signals are normal range; optional check-in changed most.,Sustainable
late_consistent_sleep,28,2026-01-28,98.1,0.86,93.2,0.703,96.7,0.844,Available signals are normal range; optional check-in changed most.,Sustainable
late_consistent_sleep,29,2026-01-29,89.7,0.871,89.9,0.708,93.2,0.846,Available signals are normal range; optional check-in changed most.,Sustainable
late_consistent_sleep,30,2026-01-30,97.9,0.858,93.3,0.703,97.0,0.847,Available signals are normal range; optional check-in changed most.,Sustainable
late_consistent_sleep,31,2026-01-31,94.9,0.883,91.6,0.714,99.4,0.848,Available signals are normal range; optional check-in changed most.,Sustainable
late_consistent_sleep,32,2026-02-01,98.6,0.873,85.9,0.709,95.0,0.849,Available signals are normal range; overnight pulse deviation changed most.,Sustainable
late_consistent_sleep,33,2026-02-02,91.1,0.892,86.6,0.718,97.2,0.851,Available signals are normal range; optional check-in changed most.,Sustainable
late_consistent_sleep,34,2026-02-03,92.9,0.897,90.2,0.72,99.7,0.852,Available signals are normal range; optional check-in changed most.,Sustainable
late_consistent_sleep,35,2026-02-04,96.8,0.888,93.5,0.717,97.1,0.853,Available signals are normal range; optional check-in changed most.,Sustainable
late_consistent_sleep,36,2026-02-05,99.2,0.894,88.1,0.72,95.0,0.855,Available signals are normal range; overnight pulse deviation changed most.,Sustainable
late_consistent_sleep,37,2026-02-06,98.6,0.877,94.2,0.712,94.4,0.856,Available signals are normal range; optional check-in changed most.,Sustainable
late_consistent_sleep,38,2026-02-07,98.9,0.906,90.5,0.725,92.0,0.857,Available signals are normal range; optional check-in changed most.,Sustainable
late_consistent_sleep,39,2026-02-08,98.3,0.902,87.7,0.723,98.9,0.858,Available signals are normal range; overnight pulse deviation changed most.,Sustainable
late_consistent_sleep,40,2026-02-09,95.7,0.909,93.2,0.727,99.9,0.86,Available signals are normal range; optional check-in changed most.,Sustainable
late_consistent_sleep,41,2026-02-10,98.0,0.879,86.7,0.714,94.4,0.861,Available signals are normal range; overnight pulse deviation changed most.,Sustainable
late_consistent_sleep,42,2026-02-11,99.3,0.91,93.9,0.727,94.1,0.862,Available signals are normal range; optional check-in changed most.,Sustainable
late_consistent_sleep,43,2026-02-12,99.1,0.891,95.1,0.719,90.6,0.863,Available signals are normal range; optional check-in changed most.,Sustainable
late_consistent_sleep,44,2026-02-13,97.8,0.914,95.7,0.73,97.4,0.864,Available signals are normal range; optional check-in changed most.,Sustainable
late_consistent_sleep,45,2026-02-14,99.6,0.901,90.2,0.724,95.2,0.866,Available signals are normal range; optional check-in changed most.,Sustainable
late_consistent_sleep,46,2026-02-15,98.4,0.902,94.8,0.725,90.7,0.867,Available signals are normal range; optional check-in changed most.,Sustainable
late_consistent_sleep,47,2026-02-16,95.0,0.916,90.1,0.731,98.0,0.868,Available signals are normal range; optional check-in changed most.,Sustainable
late_consistent_sleep,48,2026-02-17,99.4,0.909,88.0,0.728,95.3,0.87,Available signals are normal range; optional check-in changed most.,Sustainable
late_consistent_sleep,49,2026-02-18,98.3,0.932,93.9,0.738,93.9,0.871,Available signals are normal range; optional check-in changed most.,Sustainable
late_consistent_sleep,50,2026-02-19,94.2,0.914,92.9,0.731,99.2,0.872,Available signals are normal range; optional check-in changed most.,Sustainable
late_consistent_sleep,51,2026-02-20,100.0,0.9,85.7,0.725,96.7,0.873,Available signals are normal range; overnight pulse deviation changed most.,Sustainable
late_consistent_sleep,52,2026-02-21,97.6,0.903,94.6,0.726,96.1,0.874,Available signals are normal range; optional check-in changed most.,Sustainable
late_consistent_sleep,53,2026-02-22,96.7,0.915,95.2,0.732,96.4,0.876,Available signals are normal range; optional check-in changed most.,Sustainable
late_consistent_sleep,54,2026-02-23,91.1,0.913,90.2,0.731,91.8,0.877,Available signals are normal range; optional check-in changed most.,Sustainable
late_consistent_sleep,55,2026-02-24,94.8,0.909,91.4,0.729,96.3,0.878,Available signals are normal range; optional check-in changed most.,Sustainable
late_consistent_sleep,56,2026-02-25,97.5,0.945,92.1,0.745,96.3,0.879,Available signals are normal range; optional check-in changed most.,Sustainable
late_consistent_sleep,57,2026-02-26,99.0,0.941,89.3,0.744,98.7,0.881,Available signals are normal range; optional check-in changed most.,Sustainable
late_consistent_sleep,58,2026-02-27,98.8,0.928,95.0,0.738,93.7,0.882,Available signals are normal range; optional check-in changed most.,Sustainable
late_consistent_sleep,59,2026-02-28,91.8,0.914,93.5,0.732,96.4,0.882,Available signals are normal range; optional check-in changed most.,Sustainable
late_consistent_sleep,60,2026-03-01,98.5,0.916,92.0,0.733,93.4,0.882,Available signals are normal range; optional check-in changed most.,Sustainable
late_consistent_sleep,61,2026-03-02,97.9,0.925,94.8,0.737,97.4,0.882,Available signals are normal range; optional check-in changed most.,Sustainable
late_consistent_sleep,62,2026-03-03,97.9,0.948,92.8,0.747,96.6,0.882,Available signals are normal range; optional check-in changed most.,Sustainable
late_consistent_sleep,63,2026-03-04,99.3,0.936,90.8,0.741,92.1,0.882,Available signals are normal range; optional check-in changed most.,Sustainable
late_consistent_sleep,64,2026-03-05,99.1,0.947,96.1,0.746,97.4,0.882,Available signals are normal range; optional check-in changed most.,Sustainable
late_consistent_sleep,65,2026-03-06,99.0,0.946,95.8,0.746,96.4,0.882,Available signals are normal range; optional check-in changed most.,Sustainable
late_consistent_sleep,66,2026-03-07,99.5,0.947,92.8,0.747,99.2,0.882,Available signals are normal range; optional check-in changed most.,Sustainable
late_consistent_sleep,67,2026-03-08,94.5,0.934,89.5,0.741,94.7,0.882,Available signals are normal range; optional check-in changed most.,Sustainable
late_consistent_sleep,68,2026-03-09,98.1,0.946,87.1,0.746,97.7,0.882,Available signals are normal range; overnight pulse deviation changed most.,Sustainable
late_consistent_sleep,69,2026-03-10,99.5,0.945,88.8,0.745,92.0,0.882,Available signals are normal range; optional check-in changed most.,Sustainable
late_consistent_sleep,70,2026-03-11,98.6,0.942,94.3,0.744,96.3,0.882,Available signals are normal range; optional check-in changed most.,Sustainable
late_consistent_sleep,71,2026-03-12,93.5,0.939,89.9,0.743,97.2,0.882,Available signals are normal range; optional check-in changed most.,Sustainable
late_consistent_sleep,72,2026-03-13,98.0,0.946,95.7,0.746,94.4,0.882,Available signals are normal range; optional check-in changed most.,Sustainable
late_consistent_sleep,73,2026-03-14,98.4,0.948,94.9,0.747,98.7,0.882,Available signals are normal range; optional check-in changed most.,Sustainable
late_consistent_sleep,74,2026-03-15,96.3,0.934,89.6,0.741,92.6,0.882,Available signals are normal range; optional check-in changed most.,Sustainable
late_consistent_sleep,75,2026-03-16,97.9,0.917,92.2,0.733,92.8,0.882,Available signals are normal range; optional check-in changed most.,Sustainable
late_consistent_sleep,76,2026-03-17,98.4,0.924,94.5,0.736,93.8,0.882,Available signals are normal range; optional check-in changed most.,Sustainable
late_consistent_sleep,77,2026-03-18,98.9,0.935,95.1,0.741,93.0,0.882,Available signals are normal range; optional check-in changed most.,Sustainable
late_consistent_sleep,78,2026-03-19,96.5,0.949,92.7,0.747,96.8,0.882,Available signals are normal range; optional check-in changed most.,Sustainable
late_consistent_sleep,79,2026-03-20,92.8,0.93,92.9,0.739,97.7,0.882,Available signals are normal range; optional check-in changed most.,Sustainable
late_consistent_sleep,80,2026-03-21,98.9,0.924,95.4,0.736,98.7,0.882,Available signals are normal range; optional check-in changed most.,Sustainable
late_consistent_sleep,81,2026-03-22,97.5,0.932,89.1,0.74,96.4,0.882,Available signals are normal range; optional check-in changed most.,Sustainable
late_consistent_sleep,82,2026-03-23,98.2,0.95,91.6,0.748,99.9,0.882,Available signals are normal range; optional check-in changed most.,Sustainable
late_consistent_sleep,83,2026-03-24,98.8,0.924,90.1,0.736,95.5,0.882,Available signals are normal range; optional check-in changed most.,Sustainable
late_consistent_sleep,84,2026-03-25,95.2,0.941,92.3,0.744,95.5,0.882,Available signals are normal range; optional check-in changed most.,Sustainable
late_consistent_sleep,85,2026-03-26,98.1,0.946,91.2,0.746,95.5,0.882,Available signals are normal range; optional check-in changed most.,Sustainable
late_consistent_sleep,86,2026-03-27,95.8,0.945,91.6,0.746,96.7,0.882,Available signals are normal range; optional check-in changed most.,Sustainable
late_consistent_sleep,87,2026-03-28,96.1,0.933,94.6,0.74,89.8,0.882,Available signals are normal range; optional check-in changed most.,Sustainable
late_consistent_sleep,88,2026-03-29,93.1,0.945,86.7,0.746,95.5,0.882,Available signals are normal range; optional check-in changed most.,Sustainable
late_consistent_sleep,89,2026-03-30,99.2,0.916,93.2,0.733,92.9,0.882,Available signals are normal range; optional check-in changed most.,Sustainable
late_consistent_sleep,90,2026-03-31,99.3,0.937,91.8,0.742,99.2,0.882,Available signals are normal range; optional check-in changed most.,Sustainable
shift_worker,1,2026-01-01,30.9,0.73,58.8,0.635,96.9,0.762,Available signals are more recovery may help; sleep support changed most.,Sustainable
shift_worker,2,2026-01-02,62.0,0.728,79.8,0.634,91.6,0.762,Available signals are some recovery may help; sleep support changed most.,Sustainable
shift_worker,3,2026-01-03,61.7,0.794,75.0,0.667,91.8,0.791,Available signals are some recovery may help; sleep support changed most.,Sustainable
shift_worker,4,2026-01-04,62.3,0.792,78.0,0.667,91.2,0.793,Available signals are some recovery may help; sleep support changed most.,Sustainable
shift_worker,5,2026-01-05,30.7,0.804,55.5,0.672,93.1,0.795,Available signals are more recovery may help; sleep support changed most.,Sustainable
shift_worker,6,2026-01-06,62.7,0.808,76.9,0.674,98.0,0.797,Available signals are some recovery may help; sleep support changed most.,Sustainable
shift_worker,7,2026-01-07,63.0,0.803,75.2,0.672,90.3,0.799,Available signals are some recovery may help; sleep support changed most.,Sustainable
shift_worker,8,2026-01-08,61.5,0.8,77.5,0.671,93.2,0.802,Available signals are some recovery may help; sleep support changed most.,Sustainable
shift_worker,9,2026-01-09,28.7,0.809,56.3,0.675,88.6,0.804,Available signals are more recovery may help; sleep support changed most.,Sustainable
shift_worker,10,2026-01-10,58.4,0.8,75.9,0.672,96.5,0.806,Available signals are some recovery may help; sleep support changed most.,Sustainable
shift_worker,11,2026-01-11,62.8,0.799,79.1,0.672,94.1,0.808,Available signals are some recovery may help; sleep support changed most.,Sustainable
shift_worker,12,2026-01-12,62.7,0.82,79.5,0.681,93.8,0.81,Available signals are some recovery may help; sleep support changed most.,Sustainable
shift_worker,13,2026-01-13,31.5,0.799,58.9,0.672,94.6,0.812,Available signals are more recovery may help; sleep support changed most.,Sustainable
shift_worker,14,2026-01-14,57.3,0.82,76.1,0.681,92.5,0.815,Available signals are some recovery may help; sleep support changed most.,Sustainable
shift_worker,15,2026-01-15,62.9,0.822,78.2,0.683,96.7,0.817,Available signals are some recovery may help; sleep support changed most.,Sustainable
shift_worker,16,2026-01-16,56.5,0.822,73.0,0.683,94.1,0.819,Available signals are some recovery may help; sleep support changed most.,Sustainable
shift_worker,17,2026-01-17,31.1,0.842,58.5,0.692,95.5,0.821,Available signals are more recovery may help; sleep support changed most.,Sustainable
shift_worker,18,2026-01-18,61.3,0.843,71.0,0.693,90.6,0.823,Available signals are some recovery may help; sleep support changed most.,Sustainable
shift_worker,19,2026-01-19,62.3,0.835,75.1,0.69,92.1,0.825,Available signals are some recovery may help; sleep support changed most.,Sustainable
shift_worker,20,2026-01-20,60.3,0.834,73.6,0.689,99.2,0.827,Available signals are some recovery may help; sleep support changed most.,Sustainable
shift_worker,21,2026-01-21,31.2,0.83,59.7,0.688,95.8,0.83,Available signals are more recovery may help; sleep support changed most.,Sustainable
shift_worker,22,2026-01-22,61.1,0.866,75.2,0.704,97.4,0.832,Available signals are some recovery may help; sleep support changed most.,Sustainable
shift_worker,23,2026-01-23,62.5,0.836,79.8,0.691,95.4,0.834,Available signals are some recovery may help; sleep support changed most.,Sustainable
shift_worker,24,2026-01-24,62.1,0.848,70.7,0.696,97.5,0.836,Available signals are some recovery may help; sleep support changed most.,Sustainable
shift_worker,25,2026-01-25,30.6,0.87,59.3,0.707,97.9,0.838,Available signals are more recovery may help; sleep support changed most.,Sustainable
shift_worker,26,2026-01-26,61.6,0.867,75.2,0.706,99.4,0.84,Available signals are some recovery may help; sleep support changed most.,Sustainable
shift_worker,27,2026-01-27,60.9,0.853,78.4,0.7,98.4,0.842,Available signals are some recovery may help; sleep support changed most.,Sustainable
shift_worker,28,2026-01-28,60.4,0.884,77.4,0.714,96.1,0.844,Available signals are some recovery may help; sleep support changed most.,Sustainable
shift_worker,29,2026-01-29,31.1,0.855,58.8,0.701,96.3,0.846,Available signals are more recovery may help; sleep support changed most.,Sustainable
shift_worker,30,2026-01-30,61.7,0.884,77.4,0.714,97.7,0.847,Available signals are some recovery may help; sleep support changed most.,Sustainable
shift_worker,31,2026-01-31,61.2,0.878,78.3,0.712,97.8,0.848,Available signals are some recovery may help; sleep support changed most.,Sustainable
shift_worker,32,2026-02-01,62.1,0.868,76.3,0.707,97.1,0.849,Available signals are some recovery may help; sleep support changed most.,Sustainable
shift_worker,33,2026-02-02,31.2,0.881,60.4,0.713,93.3,0.851,Available signals are more recovery may help; sleep support changed most.,Sustainable
shift_worker,34,2026-02-03,61.9,0.9,75.5,0.722,98.0,0.852,Available signals are some recovery may help; sleep support changed most.,Sustainable
shift_worker,35,2026-02-04,61.7,0.874,78.5,0.71,97.2,0.853,Available signals are some recovery may help; sleep support changed most.,Sustainable
shift_worker,36,2026-02-05,61.9,0.896,79.1,0.72,97.4,0.855,Available signals are some recovery may help; sleep support changed most.,Sustainable
shift_worker,37,2026-02-06,30.6,0.88,58.9,0.713,88.8,0.856,Available signals are more recovery may help; sleep support changed most.,Sustainable
shift_worker,38,2026-02-07,61.0,0.88,70.7,0.714,96.1,0.857,Available signals are some recovery may help; sleep support changed most.,Sustainable
shift_worker,39,2026-02-08,62.8,0.892,76.6,0.719,97.5,0.858,Available signals are some recovery may help; sleep support changed most.,Sustainable
shift_worker,40,2026-02-09,61.7,0.884,75.3,0.716,94.9,0.86,Available signals are some recovery may help; sleep support changed most.,Sustainable
shift_worker,41,2026-02-10,31.1,0.911,58.4,0.728,95.1,0.861,Available signals are more recovery may help; sleep support changed most.,Sustainable
shift_worker,42,2026-02-11,62.5,0.893,79.9,0.72,96.0,0.862,Available signals are some recovery may help; sleep support changed most.,Sustainable
shift_worker,43,2026-02-12,63.1,0.911,78.2,0.728,92.3,0.863,Available signals are some recovery may help; sleep support changed most.,Sustainable
shift_worker,44,2026-02-13,58.0,0.907,72.6,0.727,89.1,0.864,Available signals are some recovery may help; sleep support changed most.,Sustainable
shift_worker,45,2026-02-14,29.8,0.911,59.3,0.728,93.5,0.866,Available signals are more recovery may help; sleep support changed most.,Sustainable
shift_worker,46,2026-02-15,62.3,0.921,76.6,0.733,88.2,0.867,Available signals are some recovery may help; sleep support changed most.,Sustainable
shift_worker,47,2026-02-16,60.7,0.908,77.6,0.727,94.2,0.868,Available signals are some recovery may help; sleep support changed most.,Sustainable
shift_worker,48,2026-02-17,62.1,0.924,72.1,0.735,98.2,0.87,Available signals are some recovery may help; sleep support changed most.,Sustainable
shift_worker,49,2026-02-18,29.5,0.907,58.1,0.727,95.1,0.871,Available signals are more recovery may help; sleep support changed most.,Sustainable
shift_worker,50,2026-02-19,62.8,0.933,79.9,0.739,94.9,0.872,Available signals are some recovery may help; sleep support changed most.,Sustainable
shift_worker,51,2026-02-20,59.4,0.908,71.7,0.728,90.2,0.873,Available signals are some recovery may help; sleep support changed most.,Sustainable
shift_worker,52,2026-02-21,62.2,0.925,76.6,0.736,94.3,0.874,Available signals are some recovery may help; sleep support changed most.,Sustainable
shift_worker,53,2026-02-22,31.5,0.913,59.2,0.73,94.7,0.876,Available signals are more recovery may help; sleep support changed most.,Sustainable
shift_worker,54,2026-02-23,62.1,0.921,77.1,0.734,98.7,0.877,Available signals are some recovery may help; sleep support changed most.,Sustainable
shift_worker,55,2026-02-24,61.8,0.922,76.0,0.735,97.8,0.878,Available signals are some recovery may help; sleep support changed most.,Sustainable
shift_worker,56,2026-02-25,59.1,0.945,75.4,0.745,96.5,0.879,Available signals are some recovery may help; sleep support changed most.,Sustainable
shift_worker,57,2026-02-26,29.7,0.948,56.4,0.747,88.9,0.881,Available signals are more recovery may help; sleep support changed most.,Sustainable
shift_worker,58,2026-02-27,62.7,0.944,79.0,0.745,95.9,0.882,Available signals are some recovery may help; sleep support changed most.,Sustainable
shift_worker,59,2026-02-28,62.3,0.936,74.1,0.742,94.9,0.882,Available signals are some recovery may help; sleep support changed most.,Sustainable
shift_worker,60,2026-03-01,62.1,0.949,77.5,0.747,95.8,0.882,Available signals are some recovery may help; sleep support changed most.,Sustainable
shift_worker,61,2026-03-02,31.4,0.928,58.3,0.738,90.6,0.882,Available signals are more recovery may help; sleep support changed most.,Sustainable
shift_worker,62,2026-03-03,59.0,0.937,76.8,0.742,96.1,0.882,Available signals are some recovery may help; sleep support changed most.,Sustainable
shift_worker,63,2026-03-04,62.2,0.931,76.3,0.739,97.9,0.882,Available signals are some recovery may help; sleep support changed most.,Sustainable
shift_worker,64,2026-03-05,61.4,0.936,74.1,0.742,95.5,0.882,Available signals are some recovery may help; sleep support changed most.,Sustainable
shift_worker,65,2026-03-06,31.0,0.942,55.1,0.744,94.8,0.882,Available signals are more recovery may help; sleep support changed most.,Sustainable
shift_worker,66,2026-03-07,61.8,0.934,73.8,0.741,93.1,0.882,Available signals are some recovery may help; sleep support changed most.,Sustainable
shift_worker,67,2026-03-08,57.5,0.948,72.5,0.747,97.3,0.882,Available signals are some recovery may help; sleep support changed most.,Sustainable
shift_worker,68,2026-03-09,62.4,0.946,75.1,0.746,95.9,0.882,Available signals are some recovery may help; sleep support changed most.,Sustainable
shift_worker,69,2026-03-10,31.5,0.937,57.7,0.742,96.0,0.882,Available signals are more recovery may help; sleep support changed most.,Sustainable
shift_worker,70,2026-03-11,60.3,0.923,74.8,0.736,99.6,0.882,Available signals are some recovery may help; sleep support changed most.,Sustainable
shift_worker,71,2026-03-12,60.9,0.933,72.1,0.74,96.8,0.882,Available signals are some recovery may help; sleep support changed most.,Sustainable
shift_worker,72,2026-03-13,61.6,0.922,74.0,0.735,95.9,0.882,Available signals are some recovery may help; sleep support changed most.,Sustainable
shift_worker,73,2026-03-14,31.0,0.925,59.1,0.737,93.2,0.882,Available signals are more recovery may help; sleep support changed most.,Sustainable
shift_worker,74,2026-03-15,61.9,0.943,77.6,0.745,92.9,0.882,Available signals are some recovery may help; sleep support changed most.,Sustainable
shift_worker,75,2026-03-16,62.0,0.921,72.4,0.735,95.0,0.882,Available signals are some recovery may help; sleep support changed most.,Sustainable
shift_worker,76,2026-03-17,59.8,0.938,78.0,0.743,97.5,0.882,Available signals are some recovery may help; sleep support changed most.,Sustainable
shift_worker,77,2026-03-18,31.2,0.947,57.2,0.746,95.7,0.882,Available signals are more recovery may help; sleep support changed most.,Sustainable
shift_worker,78,2026-03-19,57.2,0.95,77.0,0.748,98.0,0.882,Available signals are some recovery may help; sleep support changed most.,Sustainable
shift_worker,79,2026-03-20,62.4,0.934,78.5,0.741,90.5,0.882,Available signals are some recovery may help; sleep support changed most.,Sustainable
shift_worker,80,2026-03-21,62.5,0.942,77.7,0.744,99.9,0.882,Available signals are some recovery may help; sleep support changed most.,Sustainable
shift_worker,81,2026-03-22,30.1,0.932,58.5,0.74,97.9,0.882,Available signals are more recovery may help; sleep support changed most.,Sustainable
shift_worker,82,2026-03-23,62.4,0.937,77.0,0.742,90.8,0.882,Available signals are some recovery may help; sleep support changed most.,Sustainable
shift_worker,83,2026-03-24,62.6,0.929,80.0,0.739,95.5,0.882,Available signals are some recovery may help; sleep support changed most.,Sustainable
shift_worker,84,2026-03-25,61.9,0.942,78.2,0.744,97.4,0.882,Available signals are some recovery may help; sleep support changed most.,Sustainable
shift_worker,85,2026-03-26,31.5,0.946,59.5,0.746,99.1,0.882,Available signals are more recovery may help; sleep support changed most.,Sustainable
shift_worker,86,2026-03-27,62.1,0.948,75.7,0.747,95.1,0.882,Available signals are some recovery may help; sleep support changed most.,Sustainable
shift_worker,87,2026-03-28,59.8,0.936,70.1,0.741,96.8,0.882,Available signals are some recovery may help; sleep support changed most.,Sustainable
shift_worker,88,2026-03-29,62.2,0.922,76.7,0.735,96.7,0.882,Available signals are some recovery may help; sleep support changed most.,Sustainable
shift_worker,89,2026-03-30,31.1,0.932,57.8,0.74,96.8,0.882,Available signals are more recovery may help; sleep support changed most.,Sustainable
shift_worker,90,2026-03-31,62.3,0.919,79.6,0.734,95.1,0.882,Available signals are some recovery may help; sleep support changed most.,Sustainable
jet_lag,1,2026-01-01,97.3,0.75,89.8,0.644,94.0,0.762,Available signals are normal range; optional check-in changed most.,Sustainable
jet_lag,2,2026-01-02,98.0,0.715,93.2,0.628,97.7,0.762,Available signals are normal range; optional check-in changed most.,Sustainable
jet_lag,3,2026-01-03,97.4,0.771,92.4,0.657,94.2,0.791,Available signals are normal range; optional check-in changed most.,Sustainable
jet_lag,4,2026-01-04,91.5,0.789,84.4,0.665,92.8,0.793,Available signals are normal range; optional check-in changed most.,Sustainable
jet_lag,5,2026-01-05,98.3,0.794,93.6,0.668,91.0,0.795,Available signals are normal range; optional check-in changed most.,Sustainable
jet_lag,6,2026-01-06,97.4,0.778,95.6,0.661,96.8,0.797,Available signals are normal range; optional check-in changed most.,Sustainable
jet_lag,7,2026-01-07,97.5,0.792,95.5,0.667,94.5,0.799,Available signals are normal range; optional check-in changed most.,Sustainable
jet_lag,8,2026-01-08,98.6,0.813,95.4,0.677,96.5,0.802,Available signals are normal range; optional check-in changed most.,Sustainable
jet_lag,9,2026-01-09,97.0,0.808,93.7,0.675,97.7,0.804,Available signals are normal range; optional check-in changed most.,Sustainable
jet_lag,10,2026-01-10,97.2,0.813,90.1,0.677,95.5,0.806,Available signals are normal range; optional check-in changed most.,Sustainable
jet_lag,11,2026-01-11,97.6,0.817,89.3,0.679,96.6,0.808,Available signals are normal range; optional check-in changed most.,Sustainable
jet_lag,12,2026-01-12,98.4,0.818,92.8,0.68,94.1,0.81,Available signals are normal range; optional check-in changed most.,Sustainable
jet_lag,13,2026-01-13,96.9,0.801,90.3,0.673,91.2,0.812,Available signals are normal range; optional check-in changed most.,Sustainable
jet_lag,14,2026-01-14,98.7,0.83,92.3,0.686,95.0,0.815,Available signals are normal range; optional check-in changed most.,Sustainable
jet_lag,15,2026-01-15,96.7,0.819,92.1,0.681,94.6,0.817,Available signals are normal range; optional check-in changed most.,Sustainable
jet_lag,16,2026-01-16,92.5,0.838,92.3,0.69,95.0,0.819,Available signals are normal range; optional check-in changed most.,Sustainable
jet_lag,17,2026-01-17,98.0,0.841,93.3,0.692,99.5,0.821,Available signals are normal range; optional check-in changed most.,Sustainable
jet_lag,18,2026-01-18,98.1,0.817,84.2,0.681,93.1,0.823,Available signals are normal range; overnight pulse deviation changed most.,Sustainable
jet_lag,19,2026-01-19,96.0,0.836,84.8,0.69,96.3,0.825,Available signals are normal range; overnight pulse deviation changed most.,Sustainable
jet_lag,20,2026-01-20,97.5,0.832,92.4,0.688,93.9,0.827,Available signals are normal range; optional check-in changed most.,Sustainable
jet_lag,21,2026-01-21,96.9,0.841,83.8,0.693,95.1,0.83,Available signals are normal range; overnight pulse deviation changed most.,Sustainable
jet_lag,22,2026-01-22,96.3,0.851,88.8,0.697,98.2,0.832,Available signals are normal range; optional check-in changed most.,Sustainable
jet_lag,23,2026-01-23,98.6,0.845,91.9,0.695,99.8,0.834,Available signals are normal range; optional check-in changed most.,Sustainable
jet_lag,24,2026-01-24,98.5,0.858,93.8,0.701,99.8,0.836,Available signals are normal range; optional check-in changed most.,Sustainable
jet_lag,25,2026-01-25,97.6,0.851,95.2,0.698,92.3,0.838,Available signals are normal range; optional check-in changed most.,Sustainable
jet_lag,26,2026-01-26,94.8,0.856,89.5,0.701,96.6,0.84,Available signals are normal range; optional check-in changed most.,Sustainable
jet_lag,27,2026-01-27,96.6,0.88,88.5,0.712,95.0,0.842,Available signals are normal range; optional check-in changed most.,Sustainable
jet_lag,28,2026-01-28,97.5,0.859,88.7,0.703,89.7,0.844,Available signals are normal range; optional check-in changed most.,Sustainable
jet_lag,29,2026-01-29,96.2,0.864,90.7,0.705,99.2,0.846,Available signals are normal range; optional check-in changed most.,Sustainable
jet_lag,30,2026-01-30,96.1,0.877,89.3,0.711,96.2,0.847,Available signals are normal range; optional check-in changed most.,Sustainable
jet_lag,31,2026-01-31,96.8,0.881,93.8,0.713,93.8,0.848,Available signals are normal range; optional check-in changed most.,Sustainable
jet_lag,32,2026-02-01,99.3,0.873,96.0,0.709,90.4,0.849,Available signals are normal range; optional check-in changed most.,Sustainable
jet_lag,33,2026-02-02,97.1,0.869,89.0,0.708,95.8,0.851,Available signals are normal range; optional check-in changed most.,Sustainable
jet_lag,34,2026-02-03,90.1,0.878,86.9,0.712,97.4,0.852,Available signals are normal range; optional check-in changed most.,Sustainable
jet_lag,35,2026-02-04,98.3,0.867,94.5,0.707,97.0,0.853,Available signals are normal range; optional check-in changed most.,Sustainable
jet_lag,36,2026-02-05,97.2,0.893,91.1,0.719,98.1,0.855,Available signals are normal range; optional check-in changed most.,Sustainable
jet_lag,37,2026-02-06,99.1,0.888,95.8,0.717,98.8,0.856,Available signals are normal range; optional check-in changed most.,Sustainable
jet_lag,38,2026-02-07,96.8,0.881,94.8,0.714,94.6,0.857,Available signals are normal range; optional check-in changed most.,Sustainable
jet_lag,39,2026-02-08,96.8,0.908,91.4,0.726,96.5,0.858,Available signals are normal range; optional check-in changed most.,Sustainable
jet_lag,40,2026-02-09,93.8,0.894,90.5,0.72,98.0,0.86,Available signals are normal range; optional check-in changed most.,Sustainable
jet_lag,41,2026-02-10,95.4,0.897,94.6,0.722,94.1,0.861,Available signals are normal range; optional check-in changed most.,Sustainable
jet_lag,42,2026-02-11,99.3,0.897,96.6,0.722,96.3,0.862,Available signals are normal range; optional check-in changed most.,Sustainable
jet_lag,43,2026-02-12,94.2,0.903,91.3,0.725,95.9,0.863,Available signals are normal range; optional check-in changed most.,Sustainable
jet_lag,44,2026-02-13,99.2,0.92,89.9,0.732,96.8,0.864,Available signals are normal range; optional check-in changed most.,Sustainable
jet_lag,45,2026-02-14,95.0,0.914,85.5,0.73,94.8,0.866,Available signals are normal range; optional check-in changed most.,Sustainable
jet_lag,46,2026-02-15,97.4,0.899,94.4,0.723,98.8,0.867,Available signals are normal range; optional check-in changed most.,Sustainable
jet_lag,47,2026-02-16,97.5,0.914,91.7,0.73,87.7,0.868,Available signals are normal range; optional check-in changed most.,Sustainable
jet_lag,48,2026-02-17,97.7,0.928,89.4,0.737,94.7,0.87,Available signals are normal range; optional check-in changed most.,Sustainable
jet_lag,49,2026-02-18,96.0,0.912,93.0,0.73,92.4,0.871,Available signals are normal range; optional check-in changed most.,Sustainable
jet_lag,50,2026-02-19,94.9,0.928,90.7,0.737,97.5,0.872,Available signals are normal range; optional check-in changed most.,Sustainable
jet_lag,51,2026-02-20,97.2,0.904,91.3,0.726,96.0,0.873,Available signals are normal range; optional check-in changed most.,Sustainable
jet_lag,52,2026-02-21,95.8,0.921,91.0,0.734,90.1,0.874,Available signals are normal range; optional check-in changed most.,Sustainable
jet_lag,53,2026-02-22,95.0,0.904,94.0,0.727,97.8,0.876,Available signals are normal range; optional check-in changed most.,Sustainable
jet_lag,54,2026-02-23,98.0,0.929,91.3,0.738,94.2,0.877,Available signals are normal range; optional check-in changed most.,Sustainable
jet_lag,55,2026-02-24,97.5,0.944,90.7,0.745,93.0,0.878,Available signals are normal range; optional check-in changed most.,Sustainable
jet_lag,56,2026-02-25,96.0,0.921,90.0,0.735,95.9,0.879,Available signals are normal range; optional check-in changed most.,Sustainable
jet_lag,57,2026-02-26,84.8,0.935,86.0,0.741,94.9,0.881,Available signals are normal range; optional check-in changed most.,Sustainable
jet_lag,58,2026-02-27,97.1,0.925,93.5,0.737,95.4,0.882,Available signals are normal range; optional check-in changed most.,Sustainable
jet_lag,59,2026-02-28,93.1,0.937,91.0,0.742,94.4,0.882,Available signals are normal range; optional check-in changed most.,Sustainable
jet_lag,60,2026-03-01,98.4,0.933,92.9,0.74,92.7,0.882,Available signals are normal range; optional check-in changed most.,Sustainable
jet_lag,61,2026-03-02,97.3,0.933,94.1,0.74,97.3,0.882,Available signals are normal range; optional check-in changed most.,Sustainable
jet_lag,62,2026-03-03,97.3,0.936,89.9,0.742,95.2,0.882,Available signals are normal range; optional check-in changed most.,Sustainable
jet_lag,63,2026-03-04,97.0,0.92,89.4,0.734,96.2,0.882,Available signals are normal range; optional check-in changed most.,Sustainable
jet_lag,64,2026-03-05,92.0,0.925,88.5,0.737,96.5,0.882,Available signals are normal range; optional check-in changed most.,Sustainable
jet_lag,65,2026-03-06,93.8,0.923,94.3,0.736,99.7,0.882,Available signals are normal range; optional check-in changed most.,Sustainable
jet_lag,66,2026-03-07,97.1,0.95,91.6,0.748,95.9,0.882,Available signals are normal range; optional check-in changed most.,Sustainable
jet_lag,67,2026-03-08,92.2,0.94,90.3,0.743,97.6,0.882,Available signals are normal range; optional check-in changed most.,Sustainable
jet_lag,68,2026-03-09,93.5,0.929,92.5,0.739,95.8,0.882,Available signals are normal range; optional check-in changed most.,Sustainable
jet_lag,69,2026-03-10,96.2,0.936,92.4,0.742,93.2,0.882,Available signals are normal range; optional check-in changed most.,Sustainable
jet_lag,70,2026-03-11,93.8,0.944,90.5,0.745,99.0,0.882,Available signals are normal range; optional check-in changed most.,Sustainable
jet_lag,71,2026-03-12,98.8,0.921,93.7,0.735,99.3,0.882,Available signals are normal range; optional check-in changed most.,Sustainable
jet_lag,72,2026-03-13,99.3,0.935,94.1,0.741,95.0,0.882,Available signals are normal range; optional check-in changed most.,Sustainable
jet_lag,73,2026-03-14,93.7,0.924,89.5,0.736,96.1,0.882,Available signals are normal range; optional check-in changed most.,Sustainable
jet_lag,74,2026-03-15,88.5,0.928,89.6,0.738,96.9,0.882,Available signals are normal range; optional check-in changed most.,Sustainable
jet_lag,75,2026-03-16,93.4,0.935,91.4,0.741,93.0,0.882,Available signals are normal range; optional check-in changed most.,Sustainable
jet_lag,76,2026-03-17,98.3,0.936,94.2,0.742,98.8,0.882,Available signals are normal range; optional check-in changed most.,Sustainable
jet_lag,77,2026-03-18,84.9,0.923,88.1,0.736,90.6,0.882,Available signals are normal range; optional check-in changed most.,Sustainable
jet_lag,78,2026-03-19,97.6,0.949,95.6,0.747,96.9,0.882,Available signals are normal range; optional check-in changed most.,Sustainable
jet_lag,79,2026-03-20,94.2,0.93,87.7,0.739,98.8,0.882,Available signals are normal range; optional check-in changed most.,Sustainable
jet_lag,80,2026-03-21,95.9,0.944,90.5,0.745,97.3,0.882,Available signals are normal range; optional check-in changed most.,Sustainable
jet_lag,81,2026-03-22,99.2,0.94,87.0,0.743,93.6,0.882,Available signals are normal range; overnight pulse deviation changed most.,Sustainable
jet_lag,82,2026-03-23,97.3,0.917,90.5,0.733,92.1,0.882,Available signals are normal range; optional check-in changed most.,Sustainable
jet_lag,83,2026-03-24,97.9,0.948,87.4,0.747,99.8,0.882,Available signals are normal range; overnight pulse deviation changed most.,Sustainable
jet_lag,84,2026-03-25,92.9,0.92,82.2,0.734,91.8,0.882,Available signals are normal range; overnight pulse deviation changed most.,Sustainable
jet_lag,85,2026-03-26,96.4,0.946,91.9,0.746,99.8,0.882,Available signals are normal range; optional check-in changed most.,Sustainable
jet_lag,86,2026-03-27,83.3,0.95,86.4,0.748,96.5,0.882,Available signals are normal range; optional check-in changed most.,Sustainable
jet_lag,87,2026-03-28,91.1,0.939,90.9,0.743,91.9,0.882,Available signals are normal range; optional check-in changed most.,Sustainable
jet_lag,88,2026-03-29,93.3,0.936,90.5,0.741,93.6,0.882,Available signals are normal range; optional check-in changed most.,Sustainable
jet_lag,89,2026-03-30,97.5,0.925,91.9,0.737,95.6,0.882,Available signals are normal range; optional check-in changed most.,Sustainable
jet_lag,90,2026-03-31,96.6,0.929,85.5,0.739,95.6,0.882,Available signals are normal range; overnight pulse deviation changed most.,Sustainable
high_overnight_heart_rate,1,2026-01-01,84.5,0.728,84.3,0.634,93.4,0.762,Available signals are normal range; optional check-in changed most.,Sustainable
high_overnight_heart_rate,2,2026-01-02,84.9,0.718,87.9,0.63,93.0,0.762,Available signals are normal range; optional check-in changed most.,Sustainable
high_overnight_heart_rate,3,2026-01-03,85.9,0.791,89.3,0.666,96.7,0.791,Available signals are normal range; optional check-in changed most.,Sustainable
high_overnight_heart_rate,4,2026-01-04,85.6,0.801,85.2,0.671,91.4,0.793,Available signals are normal range; optional check-in changed most.,Sustainable
high_overnight_heart_rate,5,2026-01-05,85.8,0.803,90.6,0.672,96.2,0.795,Available signals are normal range; optional check-in changed most.,Sustainable
high_overnight_heart_rate,6,2026-01-06,85.7,0.801,89.8,0.671,92.1,0.797,Available signals are normal range; optional check-in changed most.,Sustainable
high_overnight_heart_rate,7,2026-01-07,83.1,0.803,82.8,0.672,95.5,0.799,Available signals are normal range; optional check-in changed most.,Sustainable
high_overnight_heart_rate,8,2026-01-08,86.1,0.79,90.1,0.667,93.4,0.802,Available signals are normal range; optional check-in changed most.,Sustainable
high_overnight_heart_rate,9,2026-01-09,84.8,0.786,85.4,0.665,93.4,0.804,Available signals are normal range; optional check-in changed most.,Sustainable
high_overnight_heart_rate,10,2026-01-10,82.6,0.812,87.9,0.677,97.4,0.806,Available signals are normal range; optional check-in changed most.,Sustainable
high_overnight_heart_rate,11,2026-01-11,85.7,0.825,87.9,0.683,90.3,0.808,Available signals are normal range; optional check-in changed most.,Sustainable
high_overnight_heart_rate,12,2026-01-12,85.3,0.819,86.8,0.681,97.0,0.81,Available signals are normal range; optional check-in changed most.,Sustainable
high_overnight_heart_rate,13,2026-01-13,86.1,0.828,91.0,0.685,100.0,0.812,Available signals are normal range; optional check-in changed most.,Sustainable
high_overnight_heart_rate,14,2026-01-14,83.4,0.819,86.3,0.681,97.3,0.815,Available signals are normal range; optional check-in changed most.,Sustainable
high_overnight_heart_rate,15,2026-01-15,84.4,0.828,88.7,0.685,95.9,0.817,Available signals are normal range; optional check-in changed most.,Sustainable
high_overnight_heart_rate,16,2026-01-16,84.5,0.815,90.0,0.68,94.8,0.819,Available signals are normal range; optional check-in changed most.,Sustainable
high_overnight_heart_rate,17,2026-01-17,82.1,0.827,87.3,0.685,99.6,0.821,Available signals are normal range; optional check-in changed most.,Sustainable
high_overnight_heart_rate,18,2026-01-18,85.8,0.841,84.7,0.692,85.8,0.823,Available signals are normal range; optional check-in changed most.,Sustainable
high_overnight_heart_rate,19,2026-01-19,85.2,0.854,83.2,0.698,94.2,0.825,Available signals are normal range; optional check-in changed most.,Sustainable
high_overnight_heart_rate,20,2026-01-20,82.1,0.832,83.9,0.688,95.3,0.827,Available signals are normal range; optional check-in changed most.,Sustainable
high_overnight_heart_rate,21,2026-01-21,84.7,0.849,90.4,0.696,95.7,0.83,Available signals are normal range; optional check-in changed most.,Sustainable
high_overnight_heart_rate,22,2026-01-22,78.4,0.842,86.9,0.693,90.8,0.832,Available signals are normal range; optional check-in changed most.,Sustainable
high_overnight_heart_rate,23,2026-01-23,83.8,0.842,84.5,0.694,92.9,0.834,Available signals are normal range; optional check-in changed most.,Sustainable
high_overnight_heart_rate,24,2026-01-24,85.9,0.867,84.4,0.705,99.2,0.836,Available signals are normal range; optional check-in changed most.,Sustainable
high_overnight_heart_rate,25,2026-01-25,83.5,0.87,83.6,0.707,92.5,0.838,Available signals are normal range; optional check-in changed most.,Sustainable
high_overnight_heart_rate,26,2026-01-26,84.5,0.88,88.2,0.712,92.7,0.84,Available signals are normal range; optional check-in changed most.,Sustainable
high_overnight_heart_rate,27,2026-01-27,83.4,0.864,86.5,0.704,95.4,0.842,Available signals are normal range; optional check-in changed most.,Sustainable
high_overnight_heart_rate,28,2026-01-28,80.7,0.856,87.4,0.701,93.2,0.844,Available signals are normal range; optional check-in changed most.,Sustainable
high_overnight_heart_rate,29,2026-01-29,80.0,0.873,86.0,0.709,94.9,0.846,Available signals are normal range; optional check-in changed most.,Sustainable
high_overnight_heart_rate,30,2026-01-30,82.3,0.88,88.7,0.712,93.4,0.847,Available signals are normal range; optional check-in changed most.,Sustainable
high_overnight_heart_rate,31,2026-01-31,85.7,0.893,89.3,0.718,97.7,0.848,Available signals are normal range; optional check-in changed most.,Sustainable
high_overnight_heart_rate,32,2026-02-01,85.1,0.875,87.2,0.71,90.4,0.849,Available signals are normal range; optional check-in changed most.,Sustainable
high_overnight_heart_rate,33,2026-02-02,86.5,0.897,89.0,0.72,96.9,0.851,Available signals are normal range; optional check-in changed most.,Sustainable
high_overnight_heart_rate,34,2026-02-03,85.7,0.885,84.7,0.715,93.5,0.852,Available signals are normal range; optional check-in changed most.,Sustainable
high_overnight_heart_rate,35,2026-02-04,82.4,0.902,81.5,0.723,96.5,0.853,Available signals are some recovery may help; optional check-in changed most.,Sustainable
high_overnight_heart_rate,36,2026-02-05,86.5,0.901,89.3,0.722,96.3,0.855,Available signals are normal range; optional check-in changed most.,Sustainable
high_overnight_heart_rate,37,2026-02-06,85.9,0.882,87.2,0.714,93.6,0.856,Available signals are normal range; optional check-in changed most.,Sustainable
high_overnight_heart_rate,38,2026-02-07,82.2,0.884,86.2,0.715,92.5,0.857,Available signals are normal range; optional check-in changed most.,Sustainable
high_overnight_heart_rate,39,2026-02-08,85.4,0.887,86.2,0.717,93.6,0.858,Available signals are normal range; optional check-in changed most.,Sustainable
high_overnight_heart_rate,40,2026-02-09,85.2,0.893,86.6,0.72,88.9,0.86,Available signals are normal range; optional check-in changed most.,Sustainable
high_overnight_heart_rate,41,2026-02-10,81.6,0.893,82.9,0.72,92.9,0.861,Available signals are normal range; optional check-in changed most.,Sustainable
high_overnight_heart_rate,42,2026-02-11,83.7,0.891,84.0,0.719,97.2,0.862,Available signals are normal range; optional check-in changed most.,Sustainable
high_overnight_heart_rate,43,2026-02-12,86.2,0.889,84.9,0.718,98.6,0.863,Available signals are normal range; optional check-in changed most.,Sustainable
high_overnight_heart_rate,44,2026-02-13,85.4,0.896,78.2,0.722,91.6,0.864,Available signals are some recovery may help; overnight pulse deviation changed most.,Sustainable
high_overnight_heart_rate,45,2026-02-14,84.4,0.899,86.2,0.723,93.6,0.866,Available signals are normal range; optional check-in changed most.,Sustainable
high_overnight_heart_rate,46,2026-02-15,85.8,0.909,87.8,0.728,89.1,0.867,Available signals are normal range; optional check-in changed most.,Sustainable
high_overnight_heart_rate,47,2026-02-16,85.7,0.909,89.0,0.728,99.9,0.868,Available signals are normal range; optional check-in changed most.,Sustainable
high_overnight_heart_rate,48,2026-02-17,85.3,0.906,88.0,0.727,93.5,0.87,Available signals are normal range; optional check-in changed most.,Sustainable
high_overnight_heart_rate,49,2026-02-18,83.1,0.918,86.9,0.732,93.5,0.871,Available signals are normal range; optional check-in changed most.,Sustainable
high_overnight_heart_rate,50,2026-02-19,84.4,0.914,87.3,0.73,87.9,0.872,Available signals are normal range; optional check-in changed most.,Sustainable
high_overnight_heart_rate,51,2026-02-20,85.4,0.917,84.5,0.732,97.8,0.873,Available signals are normal range; optional check-in changed most.,Sustainable
high_overnight_heart_rate,52,2026-02-21,85.6,0.921,85.0,0.734,93.9,0.874,Available signals are normal range; optional check-in changed most.,Sustainable
high_overnight_heart_rate,53,2026-02-22,84.5,0.924,90.1,0.735,94.5,0.876,Available signals are normal range; optional check-in changed most.,Sustainable
high_overnight_heart_rate,54,2026-02-23,84.3,0.936,85.3,0.741,94.8,0.877,Available signals are normal range; optional check-in changed most.,Sustainable
high_overnight_heart_rate,55,2026-02-24,82.4,0.924,85.8,0.736,93.0,0.878,Available signals are normal range; optional check-in changed most.,Sustainable
high_overnight_heart_rate,56,2026-02-25,85.7,0.919,87.6,0.734,95.3,0.879,Available signals are normal range; optional check-in changed most.,Sustainable
high_overnight_heart_rate,57,2026-02-26,85.7,0.93,88.0,0.739,90.7,0.881,Available signals are normal range; optional check-in changed most.,Sustainable
high_overnight_heart_rate,58,2026-02-27,84.8,0.932,88.9,0.74,88.2,0.882,Available signals are normal range; optional check-in changed most.,Sustainable
high_overnight_heart_rate,59,2026-02-28,80.3,0.932,88.1,0.74,94.4,0.882,Available signals are normal range; optional check-in changed most.,Sustainable
high_overnight_heart_rate,60,2026-03-01,85.1,0.923,86.6,0.736,97.2,0.882,Available signals are normal range; optional check-in changed most.,Sustainable
high_overnight_heart_rate,61,2026-03-02,84.2,0.932,90.1,0.74,99.3,0.882,Available signals are normal range; optional check-in changed most.,Sustainable
high_overnight_heart_rate,62,2026-03-03,86.3,0.95,90.0,0.748,96.3,0.882,Available signals are normal range; optional check-in changed most.,Sustainable
high_overnight_heart_rate,63,2026-03-04,85.9,0.925,87.5,0.737,95.7,0.882,Available signals are normal range; optional check-in changed most.,Sustainable
high_overnight_heart_rate,64,2026-03-05,84.6,0.924,84.1,0.736,92.0,0.882,Available signals are normal range; optional check-in changed most.,Sustainable
high_overnight_heart_rate,65,2026-03-06,84.8,0.927,84.7,0.737,99.2,0.882,Available signals are normal range; optional check-in changed most.,Sustainable
high_overnight_heart_rate,66,2026-03-07,85.3,0.945,89.3,0.745,98.6,0.882,Available signals are normal range; optional check-in changed most.,Sustainable
high_overnight_heart_rate,67,2026-03-08,85.6,0.921,76.2,0.735,94.8,0.882,Available signals are some recovery may help; overnight pulse deviation changed most.,Sustainable
high_overnight_heart_rate,68,2026-03-09,86.3,0.927,90.3,0.738,92.1,0.882,Available signals are normal range; optional check-in changed most.,Sustainable
high_overnight_heart_rate,69,2026-03-10,86.2,0.941,90.0,0.744,96.9,0.882,Available signals are normal range; optional check-in changed most.,Sustainable
high_overnight_heart_rate,70,2026-03-11,82.5,0.923,86.2,0.736,99.6,0.882,Available signals are normal range; optional check-in changed most.,Sustainable
high_overnight_heart_rate,71,2026-03-12,85.5,0.931,89.2,0.739,92.9,0.882,Available signals are normal range; optional check-in changed most.,Sustainable
high_overnight_heart_rate,72,2026-03-13,84.5,0.946,90.0,0.746,89.4,0.882,Available signals are normal range; optional check-in changed most.,Sustainable
high_overnight_heart_rate,73,2026-03-14,81.8,0.935,84.1,0.741,95.0,0.882,Available signals are normal range; optional check-in changed most.,Sustainable
high_overnight_heart_rate,74,2026-03-15,82.3,0.94,89.5,0.743,93.9,0.882,Available signals are normal range; optional check-in changed most.,Sustainable
high_overnight_heart_rate,75,2026-03-16,85.5,0.916,86.7,0.733,97.0,0.882,Available signals are normal range; optional check-in changed most.,Sustainable
high_overnight_heart_rate,76,2026-03-17,85.3,0.931,86.5,0.739,97.4,0.882,Available signals are normal range; optional check-in changed most.,Sustainable
high_overnight_heart_rate,77,2026-03-18,84.4,0.941,86.7,0.744,99.8,0.882,Available signals are normal range; optional check-in changed most.,Sustainable
high_overnight_heart_rate,78,2026-03-19,85.0,0.927,90.5,0.738,98.9,0.882,Available signals are normal range; optional check-in changed most.,Sustainable
high_overnight_heart_rate,79,2026-03-20,86.5,0.937,91.1,0.742,93.9,0.882,Available signals are normal range; optional check-in changed most.,Sustainable
high_overnight_heart_rate,80,2026-03-21,86.5,0.936,85.6,0.741,90.8,0.882,Available signals are normal range; optional check-in changed most.,Sustainable
high_overnight_heart_rate,81,2026-03-22,82.0,0.923,88.8,0.736,96.6,0.882,Available signals are normal range; optional check-in changed most.,Sustainable
high_overnight_heart_rate,82,2026-03-23,81.9,0.932,88.3,0.74,94.0,0.882,Available signals are normal range; optional check-in changed most.,Sustainable
high_overnight_heart_rate,83,2026-03-24,85.7,0.915,85.9,0.732,98.9,0.882,Available signals are normal range; optional check-in changed most.,Sustainable
high_overnight_heart_rate,84,2026-03-25,85.4,0.916,85.9,0.733,96.8,0.882,Available signals are normal range; optional check-in changed most.,Sustainable
high_overnight_heart_rate,85,2026-03-26,78.8,0.942,85.2,0.744,96.6,0.882,Available signals are normal range; optional check-in changed most.,Sustainable
high_overnight_heart_rate,86,2026-03-27,84.6,0.936,45.1,0.741,92.8,0.882,Available signals are more recovery may help; overnight pulse deviation changed most.,Sustainable
high_overnight_heart_rate,87,2026-03-28,85.2,0.936,45.6,0.742,99.9,0.882,Available signals are more recovery may help; overnight pulse deviation changed most.,Sustainable
high_overnight_heart_rate,88,2026-03-29,85.3,0.931,45.2,0.739,94.5,0.882,Available signals are more recovery may help; overnight pulse deviation changed most.,Sustainable
high_overnight_heart_rate,89,2026-03-30,84.8,0.93,44.8,0.739,97.5,0.882,Available signals are more recovery may help; overnight pulse deviation changed most.,Sustainable
high_overnight_heart_rate,90,2026-03-31,79.7,0.923,44.2,0.736,95.1,0.882,Available signals are more recovery may help; overnight pulse deviation changed most.,Sustainable
low_hrv,1,2026-01-01,98.8,0.747,93.9,0.642,96.1,0.762,Available signals are normal range; optional check-in changed most.,Sustainable
low_hrv,2,2026-01-02,97.9,0.742,93.7,0.64,97.6,0.762,Available signals are normal range; optional check-in changed most.,Sustainable
low_hrv,3,2026-01-03,95.8,0.784,85.3,0.662,90.0,0.791,Available signals are normal range; overnight pulse deviation changed most.,Sustainable
low_hrv,4,2026-01-04,98.8,0.789,95.6,0.665,96.0,0.793,Available signals are normal range; optional check-in changed most.,Sustainable
low_hrv,5,2026-01-05,96.9,0.8,90.0,0.67,96.7,0.795,Available signals are normal range; optional check-in changed most.,Sustainable
low_hrv,6,2026-01-06,89.6,0.792,91.7,0.667,92.2,0.797,Available signals are normal range; optional check-in changed most.,Sustainable
low_hrv,7,2026-01-07,97.3,0.799,90.7,0.67,99.0,0.799,Available signals are normal range; optional check-in changed most.,Sustainable
low_hrv,8,2026-01-08,98.4,0.811,92.1,0.676,93.7,0.802,Available signals are normal range; optional check-in changed most.,Sustainable
low_hrv,9,2026-01-09,89.1,0.787,89.9,0.666,99.1,0.804,Available signals are normal range; optional check-in changed most.,Sustainable
low_hrv,10,2026-01-10,98.6,0.816,93.0,0.679,98.1,0.806,Available signals are normal range; optional check-in changed most.,Sustainable
low_hrv,11,2026-01-11,97.7,0.803,94.0,0.673,92.2,0.808,Available signals are normal range; optional check-in changed most.,Sustainable
low_hrv,12,2026-01-12,96.5,0.796,93.6,0.67,92.8,0.81,Available signals are normal range; optional check-in changed most.,Sustainable
low_hrv,13,2026-01-13,89.2,0.808,91.0,0.676,95.3,0.812,Available signals are normal range; optional check-in changed most.,Sustainable
low_hrv,14,2026-01-14,99.3,0.829,94.3,0.686,93.8,0.815,Available signals are normal range; optional check-in changed most.,Sustainable
low_hrv,15,2026-01-15,96.2,0.81,94.7,0.677,95.4,0.817,Available signals are normal range; optional check-in changed most.,Sustainable
low_hrv,16,2026-01-16,97.7,0.841,94.2,0.691,92.8,0.819,Available signals are normal range; optional check-in changed most.,Sustainable
low_hrv,17,2026-01-17,96.8,0.823,93.9,0.684,96.6,0.821,Available signals are normal range; optional check-in changed most.,Sustainable
low_hrv,18,2026-01-18,96.1,0.822,92.2,0.684,96.9,0.823,Available signals are normal range; optional check-in changed most.,Sustainable
low_hrv,19,2026-01-19,96.9,0.839,95.4,0.691,98.9,0.825,Available signals are normal range; optional check-in changed most.,Sustainable
low_hrv,20,2026-01-20,97.4,0.828,94.5,0.687,93.1,0.827,Available signals are normal range; optional check-in changed most.,Sustainable
low_hrv,21,2026-01-21,94.1,0.862,94.3,0.702,97.5,0.83,Available signals are normal range; optional check-in changed most.,Sustainable
low_hrv,22,2026-01-22,99.3,0.862,93.7,0.703,97.5,0.832,Available signals are normal range; optional check-in changed most.,Sustainable
low_hrv,23,2026-01-23,98.9,0.852,96.1,0.698,97.9,0.834,Available signals are normal range; optional check-in changed most.,Sustainable
low_hrv,24,2026-01-24,96.7,0.863,93.6,0.703,98.5,0.836,Available signals are normal range; optional check-in changed most.,Sustainable
low_hrv,25,2026-01-25,98.2,0.869,91.9,0.706,93.7,0.838,Available signals are normal range; optional check-in changed most.,Sustainable
low_hrv,26,2026-01-26,92.9,0.848,92.9,0.697,94.2,0.84,Available signals are normal range; optional check-in changed most.,Sustainable
low_hrv,27,2026-01-27,94.7,0.857,90.4,0.701,96.6,0.842,Available signals are normal range; optional check-in changed most.,Sustainable
low_hrv,28,2026-01-28,98.1,0.857,94.3,0.702,93.8,0.844,Available signals are normal range; optional check-in changed most.,Sustainable
low_hrv,29,2026-01-29,97.2,0.887,93.4,0.715,99.8,0.846,Available signals are normal range; optional check-in changed most.,Sustainable
low_hrv,30,2026-01-30,93.8,0.89,94.5,0.717,90.9,0.847,Available signals are normal range; optional check-in changed most.,Sustainable
low_hrv,31,2026-01-31,93.3,0.86,89.3,0.704,93.0,0.848,Available signals are normal range; optional check-in changed most.,Sustainable
low_hrv,32,2026-02-01,97.6,0.874,94.8,0.71,93.6,0.849,Available signals are normal range; optional check-in changed most.,Sustainable
low_hrv,33,2026-02-02,88.9,0.885,91.7,0.715,96.6,0.851,Available signals are normal range; optional check-in changed most.,Sustainable
low_hrv,34,2026-02-03,99.2,0.895,95.3,0.72,95.0,0.852,Available signals are normal range; optional check-in changed most.,Sustainable
low_hrv,35,2026-02-04,98.0,0.869,89.6,0.708,90.8,0.853,Available signals are normal range; optional check-in changed most.,Sustainable
low_hrv,36,2026-02-05,98.1,0.878,91.2,0.712,93.5,0.855,Available signals are normal range; optional check-in changed most.,Sustainable
low_hrv,37,2026-02-06,93.4,0.894,94.2,0.72,96.3,0.856,Available signals are normal range; optional check-in changed most.,Sustainable
low_hrv,38,2026-02-07,97.0,0.892,92.0,0.719,90.5,0.857,Available signals are normal range; optional check-in changed most.,Sustainable
low_hrv,39,2026-02-08,98.8,0.887,88.6,0.717,98.2,0.858,Available signals are normal range; optional check-in changed most.,Sustainable
low_hrv,40,2026-02-09,98.2,0.9,94.4,0.723,99.5,0.86,Available signals are normal range; optional check-in changed most.,Sustainable
low_hrv,41,2026-02-10,97.8,0.887,94.8,0.717,99.8,0.861,Available signals are normal range; optional check-in changed most.,Sustainable
low_hrv,42,2026-02-11,97.1,0.905,94.2,0.725,91.7,0.862,Available signals are normal range; optional check-in changed most.,Sustainable
low_hrv,43,2026-02-12,94.9,0.891,90.7,0.719,93.9,0.863,Available signals are normal range; optional check-in changed most.,Sustainable
low_hrv,44,2026-02-13,95.2,0.919,92.0,0.732,99.8,0.864,Available signals are normal range; optional check-in changed most.,Sustainable
low_hrv,45,2026-02-14,97.7,0.892,92.8,0.72,97.2,0.866,Available signals are normal range; optional check-in changed most.,Sustainable
low_hrv,46,2026-02-15,98.1,0.893,95.3,0.721,96.2,0.867,Available signals are normal range; optional check-in changed most.,Sustainable
low_hrv,47,2026-02-16,96.6,0.899,91.7,0.723,94.3,0.868,Available signals are normal range; optional check-in changed most.,Sustainable
low_hrv,48,2026-02-17,94.5,0.922,93.6,0.734,93.9,0.87,Available signals are normal range; optional check-in changed most.,Sustainable
low_hrv,49,2026-02-18,98.9,0.915,93.9,0.731,99.2,0.871,Available signals are normal range; optional check-in changed most.,Sustainable
low_hrv,50,2026-02-19,97.5,0.899,94.9,0.724,96.6,0.872,Available signals are normal range; optional check-in changed most.,Sustainable
low_hrv,51,2026-02-20,97.6,0.918,92.4,0.732,94.9,0.873,Available signals are normal range; optional check-in changed most.,Sustainable
low_hrv,52,2026-02-21,93.9,0.92,86.9,0.734,99.3,0.874,Available signals are normal range; optional check-in changed most.,Sustainable
low_hrv,53,2026-02-22,96.0,0.927,92.8,0.737,99.0,0.876,Available signals are normal range; optional check-in changed most.,Sustainable
low_hrv,54,2026-02-23,94.0,0.927,85.8,0.737,93.4,0.877,Available signals are normal range; overnight pulse deviation changed most.,Sustainable
low_hrv,55,2026-02-24,94.0,0.926,88.2,0.737,96.2,0.878,Available signals are normal range; optional check-in changed most.,Sustainable
low_hrv,56,2026-02-25,97.2,0.925,93.4,0.736,95.4,0.879,Available signals are normal range; optional check-in changed most.,Sustainable
low_hrv,57,2026-02-26,97.6,0.929,90.7,0.738,93.1,0.881,Available signals are normal range; optional check-in changed most.,Sustainable
low_hrv,58,2026-02-27,97.8,0.938,87.4,0.742,95.8,0.882,Available signals are normal range; optional check-in changed most.,Sustainable
low_hrv,59,2026-02-28,99.6,0.919,94.6,0.734,96.7,0.882,Available signals are normal range; optional check-in changed most.,Sustainable
low_hrv,60,2026-03-01,94.3,0.943,92.2,0.745,99.0,0.882,Available signals are normal range; optional check-in changed most.,Sustainable
low_hrv,61,2026-03-02,94.0,0.931,90.1,0.739,97.4,0.882,Available signals are normal range; optional check-in changed most.,Sustainable
low_hrv,62,2026-03-03,96.8,0.943,89.5,0.745,97.7,0.882,Available signals are normal range; optional check-in changed most.,Sustainable
low_hrv,63,2026-03-04,98.5,0.917,93.5,0.733,97.5,0.882,Available signals are normal range; optional check-in changed most.,Sustainable
low_hrv,64,2026-03-05,96.5,0.95,92.8,0.748,96.8,0.882,Available signals are normal range; optional check-in changed most.,Sustainable
low_hrv,65,2026-03-06,99.0,0.917,93.6,0.733,97.4,0.882,Available signals are normal range; optional check-in changed most.,Sustainable
low_hrv,66,2026-03-07,96.3,0.924,92.7,0.736,95.6,0.882,Available signals are normal range; optional check-in changed most.,Sustainable
low_hrv,67,2026-03-08,96.9,0.946,91.2,0.746,94.3,0.882,Available signals are normal range; optional check-in changed most.,Sustainable
low_hrv,68,2026-03-09,95.9,0.945,93.7,0.746,98.3,0.882,Available signals are normal range; optional check-in changed most.,Sustainable
low_hrv,69,2026-03-10,97.9,0.941,92.4,0.744,95.4,0.882,Available signals are normal range; optional check-in changed most.,Sustainable
low_hrv,70,2026-03-11,94.3,0.919,94.4,0.734,92.7,0.882,Available signals are normal range; optional check-in changed most.,Sustainable
low_hrv,71,2026-03-12,96.3,0.928,89.1,0.738,95.2,0.882,Available signals are normal range; optional check-in changed most.,Sustainable
low_hrv,72,2026-03-13,99.0,0.947,90.8,0.747,98.2,0.882,Available signals are normal range; optional check-in changed most.,Sustainable
low_hrv,73,2026-03-14,98.4,0.942,94.2,0.744,99.8,0.882,Available signals are normal range; optional check-in changed most.,Sustainable
low_hrv,74,2026-03-15,92.7,0.931,88.2,0.739,94.8,0.882,Available signals are normal range; optional check-in changed most.,Sustainable
low_hrv,75,2026-03-16,99.8,0.924,95.1,0.736,99.3,0.882,Available signals are normal range; optional check-in changed most.,Sustainable
low_hrv,76,2026-03-17,96.9,0.931,93.6,0.739,93.1,0.882,Available signals are normal range; optional check-in changed most.,Sustainable
low_hrv,77,2026-03-18,97.5,0.948,90.6,0.747,95.9,0.882,Available signals are normal range; optional check-in changed most.,Sustainable
low_hrv,78,2026-03-19,97.0,0.918,94.5,0.734,99.3,0.882,Available signals are normal range; optional check-in changed most.,Sustainable
low_hrv,79,2026-03-20,98.5,0.94,90.7,0.743,94.6,0.882,Available signals are normal range; optional check-in changed most.,Sustainable
low_hrv,80,2026-03-21,94.8,0.928,90.2,0.738,97.4,0.882,Available signals are normal range; optional check-in changed most.,Sustainable
low_hrv,81,2026-03-22,95.4,0.938,87.8,0.743,93.3,0.882,Available signals are normal range; optional check-in changed most.,Sustainable
low_hrv,82,2026-03-23,98.0,0.946,91.3,0.746,97.6,0.882,Available signals are normal range; optional check-in changed most.,Sustainable
low_hrv,83,2026-03-24,98.6,0.918,93.3,0.734,95.6,0.882,Available signals are normal range; optional check-in changed most.,Sustainable
low_hrv,84,2026-03-25,93.6,0.924,92.2,0.736,96.1,0.882,Available signals are normal range; optional check-in changed most.,Sustainable
low_hrv,85,2026-03-26,93.9,0.929,92.9,0.739,98.7,0.882,Available signals are normal range; optional check-in changed most.,Sustainable
low_hrv,86,2026-03-27,96.5,0.94,87.7,0.743,94.6,0.882,Available signals are normal range; overnight pulse deviation changed most.,Sustainable
low_hrv,87,2026-03-28,97.4,0.94,91.8,0.743,95.1,0.882,Available signals are normal range; optional check-in changed most.,Sustainable
low_hrv,88,2026-03-29,96.2,0.922,90.3,0.735,94.2,0.882,Available signals are normal range; optional check-in changed most.,Sustainable
low_hrv,89,2026-03-30,96.6,0.917,93.6,0.733,95.0,0.882,Available signals are normal range; optional check-in changed most.,Sustainable
low_hrv,90,2026-03-31,98.7,0.939,96.4,0.743,98.1,0.882,Available signals are normal range; optional check-in changed most.,Sustainable
improving_hrv,1,2026-01-01,96.8,0.724,95.2,0.632,83.2,0.762,Available signals are normal range; optional check-in changed most.,Sustainable
improving_hrv,2,2026-01-02,97.3,0.727,93.2,0.633,81.7,0.762,Available signals are normal range; optional check-in changed most.,Sustainable
improving_hrv,3,2026-01-03,97.0,0.781,93.3,0.661,83.4,0.791,Available signals are normal range; optional check-in changed most.,Sustainable
improving_hrv,4,2026-01-04,98.5,0.798,88.9,0.669,85.7,0.793,Available signals are normal range; optional check-in changed most.,Sustainable
improving_hrv,5,2026-01-05,95.6,0.802,93.8,0.671,80.6,0.795,Available signals are normal range; optional check-in changed most.,Sustainable
improving_hrv,6,2026-01-06,97.2,0.786,87.3,0.664,86.6,0.797,Available signals are normal range; optional check-in changed most.,Sustainable
improving_hrv,7,2026-01-07,98.0,0.799,90.5,0.67,86.8,0.799,Available signals are normal range; optional check-in changed most.,Sustainable
improving_hrv,8,2026-01-08,98.1,0.817,88.4,0.678,80.5,0.802,Available signals are normal range; overnight pulse deviation changed most.,Sustainable
improving_hrv,9,2026-01-09,93.5,0.805,93.1,0.673,83.7,0.804,Available signals are normal range; optional check-in changed most.,Sustainable
improving_hrv,10,2026-01-10,97.7,0.799,90.8,0.671,85.3,0.806,Available signals are normal range; optional check-in changed most.,Sustainable
improving_hrv,11,2026-01-11,98.7,0.795,85.3,0.67,81.6,0.808,Available signals are normal range; overnight pulse deviation changed most.,Sustainable
improving_hrv,12,2026-01-12,97.7,0.826,91.2,0.684,83.1,0.81,Available signals are normal range; optional check-in changed most.,Sustainable
improving_hrv,13,2026-01-13,97.3,0.826,92.7,0.684,79.5,0.812,Available signals are normal range; optional check-in changed most.,Building
improving_hrv,14,2026-01-14,96.2,0.807,93.9,0.676,85.5,0.815,Available signals are normal range; optional check-in changed most.,Sustainable
improving_hrv,15,2026-01-15,97.8,0.824,95.9,0.684,80.9,0.817,Available signals are normal range; optional check-in changed most.,Sustainable
improving_hrv,16,2026-01-16,93.4,0.819,91.9,0.682,80.3,0.819,Available signals are normal range; optional check-in changed most.,Sustainable
improving_hrv,17,2026-01-17,98.7,0.816,94.5,0.681,86.3,0.821,Available signals are normal range; optional check-in changed most.,Sustainable
improving_hrv,18,2026-01-18,98.0,0.822,84.2,0.684,84.8,0.823,Available signals are normal range; overnight pulse deviation changed most.,Sustainable
improving_hrv,19,2026-01-19,98.3,0.84,95.0,0.692,81.5,0.825,Available signals are normal range; optional check-in changed most.,Sustainable
improving_hrv,20,2026-01-20,97.5,0.824,94.8,0.685,75.4,0.827,Available signals are normal range; optional check-in changed most.,Building
improving_hrv,21,2026-01-21,94.9,0.854,92.3,0.699,77.7,0.83,Available signals are normal range; optional check-in changed most.,Building
improving_hrv,22,2026-01-22,98.8,0.858,92.6,0.701,87.3,0.832,Available signals are normal range; optional check-in changed most.,Sustainable
improving_hrv,23,2026-01-23,97.6,0.859,91.8,0.701,82.2,0.834,Available signals are normal range; optional check-in changed most.,Sustainable
improving_hrv,24,2026-01-24,84.8,0.872,89.5,0.707,85.8,0.836,Available signals are normal range; optional check-in changed most.,Sustainable
improving_hrv,25,2026-01-25,98.6,0.843,93.3,0.695,76.7,0.838,Available signals are normal range; optional check-in changed most.,Building
improving_hrv,26,2026-01-26,92.9,0.86,90.0,0.702,82.9,0.84,Available signals are normal range; optional check-in changed most.,Sustainable
improving_hrv,27,2026-01-27,93.2,0.863,87.3,0.704,85.7,0.842,Available signals are normal range; optional check-in changed most.,Sustainable
improving_hrv,28,2026-01-28,93.6,0.867,93.1,0.706,82.2,0.844,Available signals are normal range; optional check-in changed most.,Sustainable
improving_hrv,29,2026-01-29,98.6,0.869,93.4,0.707,76.6,0.846,Available signals are normal range; optional check-in changed most.,Building
improving_hrv,30,2026-01-30,91.3,0.88,92.4,0.712,83.0,0.847,Available signals are normal range; optional check-in changed most.,Sustainable
improving_hrv,31,2026-01-31,91.6,0.889,89.1,0.717,87.6,0.848,Available signals are normal range; optional check-in changed most.,Sustainable
improving_hrv,32,2026-02-01,98.7,0.863,91.7,0.705,72.6,0.849,Available signals are normal range; optional check-in changed most.,Building
improving_hrv,33,2026-02-02,98.1,0.88,95.6,0.713,84.4,0.851,Available signals are normal range; optional check-in changed most.,Sustainable
improving_hrv,34,2026-02-03,95.4,0.87,90.2,0.708,84.2,0.852,Available signals are normal range; optional check-in changed most.,Sustainable
improving_hrv,35,2026-02-04,98.1,0.9,92.0,0.722,88.2,0.853,Available signals are normal range; optional check-in changed most.,Sustainable
improving_hrv,36,2026-02-05,97.7,0.88,90.3,0.713,81.1,0.855,Available signals are normal range; optional check-in changed most.,Sustainable
improving_hrv,37,2026-02-06,97.2,0.902,91.1,0.723,82.0,0.856,Available signals are normal range; optional check-in changed most.,Sustainable
improving_hrv,38,2026-02-07,97.1,0.908,91.7,0.726,83.1,0.857,Available signals are normal range; optional check-in changed most.,Sustainable
improving_hrv,39,2026-02-08,97.4,0.876,88.4,0.712,80.1,0.858,Available signals are normal range; optional check-in changed most.,Sustainable
improving_hrv,40,2026-02-09,93.6,0.896,90.7,0.721,81.1,0.86,Available signals are normal range; optional check-in changed most.,Sustainable
improving_hrv,41,2026-02-10,98.8,0.889,94.0,0.718,85.1,0.861,Available signals are normal range; optional check-in changed most.,Sustainable
improving_hrv,42,2026-02-11,92.7,0.888,92.6,0.718,83.0,0.862,Available signals are normal range; optional check-in changed most.,Sustainable
improving_hrv,43,2026-02-12,97.7,0.908,93.1,0.727,83.3,0.863,Available signals are normal range; optional check-in changed most.,Sustainable
improving_hrv,44,2026-02-13,97.5,0.92,92.6,0.732,86.6,0.864,Available signals are normal range; optional check-in changed most.,Sustainable
improving_hrv,45,2026-02-14,96.9,0.919,94.7,0.732,78.9,0.866,Available signals are normal range; optional check-in changed most.,Building
improving_hrv,46,2026-02-15,99.6,0.919,95.9,0.732,78.0,0.867,Available signals are normal range; optional check-in changed most.,Building
improving_hrv,47,2026-02-16,95.3,0.927,94.3,0.736,76.8,0.868,Available signals are normal range; optional check-in changed most.,Building
improving_hrv,48,2026-02-17,96.3,0.896,92.5,0.722,76.6,0.87,Available signals are normal range; optional check-in changed most.,Building
improving_hrv,49,2026-02-18,96.0,0.916,91.7,0.731,79.7,0.871,Available signals are normal range; optional check-in changed most.,Building
improving_hrv,50,2026-02-19,98.5,0.93,94.1,0.738,77.6,0.872,Available signals are normal range; optional check-in changed most.,Building
improving_hrv,51,2026-02-20,99.3,0.911,92.2,0.729,87.3,0.873,Available signals are normal range; optional check-in changed most.,Sustainable
improving_hrv,52,2026-02-21,98.4,0.931,93.6,0.738,80.6,0.874,Available signals are normal range; optional check-in changed most.,Sustainable
improving_hrv,53,2026-02-22,97.3,0.937,85.7,0.741,84.8,0.876,Available signals are normal range; overnight pulse deviation changed most.,Sustainable
improving_hrv,54,2026-02-23,99.3,0.939,92.5,0.742,79.6,0.877,Available signals are normal range; optional check-in changed most.,Building
improving_hrv,55,2026-02-24,98.2,0.935,92.2,0.741,81.0,0.878,Available signals are normal range; optional check-in changed most.,Sustainable
improving_hrv,56,2026-02-25,96.4,0.918,94.6,0.733,82.9,0.879,Available signals are normal range; optional check-in changed most.,Sustainable
improving_hrv,57,2026-02-26,99.2,0.917,95.6,0.733,83.2,0.881,Available signals are normal range; optional check-in changed most.,Sustainable
improving_hrv,58,2026-02-27,96.4,0.941,90.4,0.744,79.0,0.882,Available signals are normal range; optional check-in changed most.,Building
improving_hrv,59,2026-02-28,96.3,0.92,89.8,0.734,80.9,0.882,Available signals are normal range; optional check-in changed most.,Sustainable
improving_hrv,60,2026-03-01,99.2,0.932,79.1,0.74,86.1,0.882,Available signals are some recovery may help; overnight pulse deviation changed most.,Sustainable
improving_hrv,61,2026-03-02,96.7,0.93,86.1,0.739,84.4,0.882,Available signals are normal range; overnight pulse deviation changed most.,Sustainable
improving_hrv,62,2026-03-03,97.8,0.942,91.6,0.744,85.5,0.882,Available signals are normal range; optional check-in changed most.,Sustainable
improving_hrv,63,2026-03-04,92.5,0.943,89.8,0.745,86.3,0.882,Available signals are normal range; optional check-in changed most.,Sustainable
improving_hrv,64,2026-03-05,97.2,0.942,84.1,0.744,85.8,0.882,Available signals are normal range; overnight pulse deviation changed most.,Sustainable
improving_hrv,65,2026-03-06,97.8,0.924,92.7,0.736,87.3,0.882,Available signals are normal range; optional check-in changed most.,Sustainable
improving_hrv,66,2026-03-07,98.2,0.94,93.2,0.743,86.7,0.882,Available signals are normal range; optional check-in changed most.,Sustainable
improving_hrv,67,2026-03-08,97.1,0.941,93.3,0.744,86.4,0.882,Available signals are normal range; optional check-in changed most.,Sustainable
improving_hrv,68,2026-03-09,97.4,0.917,94.7,0.733,84.1,0.882,Available signals are normal range; optional check-in changed most.,Sustainable
improving_hrv,69,2026-03-10,95.6,0.937,90.2,0.742,81.6,0.882,Available signals are normal range; optional check-in changed most.,Sustainable
improving_hrv,70,2026-03-11,97.7,0.937,94.3,0.742,83.9,0.882,Available signals are normal range; optional check-in changed most.,Sustainable
improving_hrv,71,2026-03-12,97.5,0.919,95.6,0.734,85.0,0.882,Available signals are normal range; optional check-in changed most.,Sustainable
improving_hrv,72,2026-03-13,93.3,0.938,88.7,0.743,82.3,0.882,Available signals are normal range; optional check-in changed most.,Sustainable
improving_hrv,73,2026-03-14,98.8,0.932,89.6,0.74,86.1,0.882,Available signals are normal range; optional check-in changed most.,Sustainable
improving_hrv,74,2026-03-15,96.2,0.935,91.4,0.741,85.5,0.882,Available signals are normal range; optional check-in changed most.,Sustainable
improving_hrv,75,2026-03-16,95.9,0.95,90.6,0.748,79.0,0.882,Available signals are normal range; optional check-in changed most.,Building
improving_hrv,76,2026-03-17,96.5,0.943,90.5,0.745,82.7,0.882,Available signals are normal range; optional check-in changed most.,Sustainable
improving_hrv,77,2026-03-18,97.2,0.948,91.4,0.747,81.9,0.882,Available signals are normal range; optional check-in changed most.,Sustainable
improving_hrv,78,2026-03-19,91.8,0.937,93.0,0.742,83.5,0.882,Available signals are normal range; optional check-in changed most.,Sustainable
improving_hrv,79,2026-03-20,95.0,0.929,90.8,0.739,79.4,0.882,Available signals are normal range; optional check-in changed most.,Building
improving_hrv,80,2026-03-21,93.8,0.95,92.5,0.748,80.0,0.882,Available signals are normal range; optional check-in changed most.,Sustainable
improving_hrv,81,2026-03-22,95.1,0.915,91.4,0.732,82.6,0.882,Available signals are normal range; optional check-in changed most.,Sustainable
improving_hrv,82,2026-03-23,99.2,0.924,93.5,0.736,82.9,0.882,Available signals are normal range; optional check-in changed most.,Sustainable
improving_hrv,83,2026-03-24,99.1,0.924,93.3,0.736,87.8,0.882,Available signals are normal range; optional check-in changed most.,Sustainable
improving_hrv,84,2026-03-25,99.8,0.948,89.5,0.747,88.1,0.882,Available signals are normal range; optional check-in changed most.,Sustainable
improving_hrv,85,2026-03-26,95.4,0.927,91.1,0.737,84.6,0.882,Available signals are normal range; optional check-in changed most.,Sustainable
improving_hrv,86,2026-03-27,89.0,0.949,91.7,0.747,80.7,0.882,Available signals are normal range; optional check-in changed most.,Sustainable
improving_hrv,87,2026-03-28,93.4,0.929,87.0,0.738,86.4,0.882,Available signals are normal range; optional check-in changed most.,Sustainable
improving_hrv,88,2026-03-29,96.0,0.938,90.6,0.743,85.1,0.882,Available signals are normal range; optional check-in changed most.,Sustainable
improving_hrv,89,2026-03-30,97.9,0.928,93.6,0.738,85.4,0.882,Available signals are normal range; optional check-in changed most.,Sustainable
improving_hrv,90,2026-03-31,97.2,0.941,94.0,0.744,82.1,0.882,Available signals are normal range; optional check-in changed most.,Sustainable
temperature_elevation,1,2026-01-01,98.1,0.73,94.1,0.635,99.7,0.762,Available signals are normal range; optional check-in changed most.,Sustainable
temperature_elevation,2,2026-01-02,88.5,0.737,91.8,0.638,96.3,0.762,Available signals are normal range; optional check-in changed most.,Sustainable
temperature_elevation,3,2026-01-03,95.2,0.763,93.7,0.653,91.7,0.791,Available signals are normal range; optional check-in changed most.,Sustainable
temperature_elevation,4,2026-01-04,95.4,0.778,91.3,0.66,86.7,0.793,Available signals are normal range; optional check-in changed most.,Sustainable
temperature_elevation,5,2026-01-05,97.6,0.786,87.1,0.664,97.5,0.795,Available signals are normal range; overnight pulse deviation changed most.,Sustainable
temperature_elevation,6,2026-01-06,87.3,0.8,85.0,0.67,96.5,0.797,Available signals are normal range; optional check-in changed most.,Sustainable
temperature_elevation,7,2026-01-07,96.5,0.799,93.1,0.67,96.2,0.799,Available signals are normal range; optional check-in changed most.,Sustainable
temperature_elevation,8,2026-01-08,98.8,0.781,93.0,0.663,97.7,0.802,Available signals are normal range; optional check-in changed most.,Sustainable
temperature_elevation,9,2026-01-09,97.8,0.804,94.3,0.673,91.4,0.804,Available signals are normal range; optional check-in changed most.,Sustainable
temperature_elevation,10,2026-01-10,97.2,0.82,95.5,0.68,95.6,0.806,Available signals are normal range; optional check-in changed most.,Sustainable
temperature_elevation,11,2026-01-11,96.4,0.804,91.5,0.674,98.1,0.808,Available signals are normal range; optional check-in changed most.,Sustainable
temperature_elevation,12,2026-01-12,97.1,0.816,94.3,0.679,94.2,0.81,Available signals are normal range; optional check-in changed most.,Sustainable
temperature_elevation,13,2026-01-13,98.7,0.801,95.3,0.673,95.7,0.812,Available signals are normal range; optional check-in changed most.,Sustainable
temperature_elevation,14,2026-01-14,94.5,0.815,94.1,0.679,94.9,0.815,Available signals are normal range; optional check-in changed most.,Sustainable
temperature_elevation,15,2026-01-15,96.6,0.84,93.2,0.691,93.5,0.817,Available signals are normal range; optional check-in changed most.,Sustainable
temperature_elevation,16,2026-01-16,98.2,0.823,95.5,0.683,97.0,0.819,Available signals are normal range; optional check-in changed most.,Sustainable
temperature_elevation,17,2026-01-17,92.0,0.836,91.5,0.689,94.8,0.821,Available signals are normal range; optional check-in changed most.,Sustainable
temperature_elevation,18,2026-01-18,90.8,0.847,91.9,0.695,90.6,0.823,Available signals are normal range; optional check-in changed most.,Sustainable
temperature_elevation,19,2026-01-19,95.9,0.829,87.6,0.687,96.5,0.825,Available signals are normal range; optional check-in changed most.,Sustainable
temperature_elevation,20,2026-01-20,97.5,0.842,92.9,0.693,95.8,0.827,Available signals are normal range; optional check-in changed most.,Sustainable
temperature_elevation,21,2026-01-21,99.4,0.827,95.3,0.687,96.7,0.83,Available signals are normal range; optional check-in changed most.,Sustainable
temperature_elevation,22,2026-01-22,96.1,0.834,95.2,0.69,98.8,0.832,Available signals are normal range; optional check-in changed most.,Sustainable
temperature_elevation,23,2026-01-23,94.8,0.849,92.5,0.697,96.8,0.834,Available signals are normal range; optional check-in changed most.,Sustainable
temperature_elevation,24,2026-01-24,98.6,0.842,90.4,0.694,93.4,0.836,Available signals are normal range; optional check-in changed most.,Sustainable
temperature_elevation,25,2026-01-25,97.7,0.87,90.6,0.707,98.4,0.838,Available signals are normal range; optional check-in changed most.,Sustainable
temperature_elevation,26,2026-01-26,96.5,0.857,90.8,0.701,93.2,0.84,Available signals are normal range; optional check-in changed most.,Sustainable
temperature_elevation,27,2026-01-27,98.4,0.877,92.6,0.71,95.3,0.842,Available signals are normal range; optional check-in changed most.,Sustainable
temperature_elevation,28,2026-01-28,89.5,0.878,91.2,0.711,89.2,0.844,Available signals are normal range; optional check-in changed most.,Sustainable
temperature_elevation,29,2026-01-29,98.6,0.863,90.8,0.705,85.9,0.846,Available signals are normal range; optional check-in changed most.,Sustainable
temperature_elevation,30,2026-01-30,97.0,0.874,91.1,0.71,95.5,0.847,Available signals are normal range; optional check-in changed most.,Sustainable
temperature_elevation,31,2026-01-31,96.4,0.887,94.1,0.716,94.9,0.848,Available signals are normal range; optional check-in changed most.,Sustainable
temperature_elevation,32,2026-02-01,98.5,0.889,94.9,0.716,92.8,0.849,Available signals are normal range; optional check-in changed most.,Sustainable
temperature_elevation,33,2026-02-02,89.6,0.874,89.0,0.71,97.6,0.851,Available signals are normal range; optional check-in changed most.,Sustainable
temperature_elevation,34,2026-02-03,97.8,0.877,93.4,0.712,94.0,0.852,Available signals are normal range; optional check-in changed most.,Sustainable
temperature_elevation,35,2026-02-04,97.3,0.879,95.4,0.712,98.0,0.853,Available signals are normal range; optional check-in changed most.,Sustainable
temperature_elevation,36,2026-02-05,96.8,0.888,86.2,0.717,98.6,0.855,Available signals are normal range; overnight pulse deviation changed most.,Sustainable
temperature_elevation,37,2026-02-06,98.3,0.876,95.2,0.712,98.1,0.856,Available signals are normal range; optional check-in changed most.,Sustainable
temperature_elevation,38,2026-02-07,92.7,0.89,92.4,0.718,98.0,0.857,Available signals are normal range; optional check-in changed most.,Sustainable
temperature_elevation,39,2026-02-08,96.7,0.876,93.8,0.712,95.9,0.858,Available signals are normal range; optional check-in changed most.,Sustainable
temperature_elevation,40,2026-02-09,98.6,0.886,94.5,0.716,98.1,0.86,Available signals are normal range; optional check-in changed most.,Sustainable
temperature_elevation,41,2026-02-10,92.4,0.896,88.1,0.721,92.9,0.861,Available signals are normal range; optional check-in changed most.,Sustainable
temperature_elevation,42,2026-02-11,96.6,0.883,91.4,0.715,93.4,0.862,Available signals are normal range; optional check-in changed most.,Sustainable
temperature_elevation,43,2026-02-12,94.0,0.888,92.0,0.718,93.4,0.863,Available signals are normal range; optional check-in changed most.,Sustainable
temperature_elevation,44,2026-02-13,97.8,0.902,90.1,0.724,96.2,0.864,Available signals are normal range; optional check-in changed most.,Sustainable
temperature_elevation,45,2026-02-14,98.5,0.897,91.8,0.722,95.0,0.866,Available signals are normal range; optional check-in changed most.,Sustainable
temperature_elevation,46,2026-02-15,97.7,0.899,89.1,0.723,93.8,0.867,Available signals are normal range; optional check-in changed most.,Sustainable
temperature_elevation,47,2026-02-16,95.3,0.905,94.1,0.726,95.5,0.868,Available signals are normal range; optional check-in changed most.,Sustainable
temperature_elevation,48,2026-02-17,99.6,0.909,92.6,0.728,87.3,0.87,Available signals are normal range; optional check-in changed most.,Sustainable
temperature_elevation,49,2026-02-18,98.4,0.913,95.2,0.73,93.4,0.871,Available signals are normal range; optional check-in changed most.,Sustainable
temperature_elevation,50,2026-02-19,97.1,0.929,91.8,0.737,97.1,0.872,Available signals are normal range; optional check-in changed most.,Sustainable
temperature_elevation,51,2026-02-20,99.1,0.901,94.0,0.725,95.4,0.873,Available signals are normal range; optional check-in changed most.,Sustainable
temperature_elevation,52,2026-02-21,97.7,0.906,92.7,0.727,93.0,0.874,Available signals are normal range; optional check-in changed most.,Sustainable
temperature_elevation,53,2026-02-22,95.0,0.912,93.3,0.73,92.4,0.876,Available signals are normal range; optional check-in changed most.,Sustainable
temperature_elevation,54,2026-02-23,97.6,0.939,94.2,0.742,97.2,0.877,Available signals are normal range; optional check-in changed most.,Sustainable
temperature_elevation,55,2026-02-24,98.3,0.938,95.8,0.742,93.8,0.878,Available signals are normal range; optional check-in changed most.,Sustainable
temperature_elevation,56,2026-02-25,94.1,0.924,87.4,0.736,96.5,0.879,Available signals are normal range; optional check-in changed most.,Sustainable
temperature_elevation,57,2026-02-26,97.7,0.94,86.6,0.743,92.7,0.881,Available signals are normal range; overnight pulse deviation changed most.,Sustainable
temperature_elevation,58,2026-02-27,95.5,0.92,89.2,0.735,92.4,0.882,Available signals are normal range; optional check-in changed most.,Sustainable
temperature_elevation,59,2026-02-28,97.5,0.942,95.1,0.744,93.4,0.882,Available signals are normal range; optional check-in changed most.,Sustainable
temperature_elevation,60,2026-03-01,95.0,0.935,90.1,0.741,94.3,0.882,Available signals are normal range; optional check-in changed most.,Sustainable
temperature_elevation,61,2026-03-02,98.3,0.947,88.4,0.746,96.3,0.882,Available signals are normal range; optional check-in changed most.,Sustainable
temperature_elevation,62,2026-03-03,95.0,0.926,91.8,0.737,96.4,0.882,Available signals are normal range; optional check-in changed most.,Sustainable
temperature_elevation,63,2026-03-04,92.8,0.918,91.5,0.734,95.3,0.882,Available signals are normal range; optional check-in changed most.,Sustainable
temperature_elevation,64,2026-03-05,98.5,0.92,93.1,0.735,95.6,0.882,Available signals are normal range; optional check-in changed most.,Sustainable
temperature_elevation,65,2026-03-06,94.8,0.915,90.1,0.732,95.1,0.882,Available signals are normal range; optional check-in changed most.,Sustainable
temperature_elevation,66,2026-03-07,93.0,0.949,88.8,0.747,92.5,0.882,Available signals are normal range; optional check-in changed most.,Sustainable
temperature_elevation,67,2026-03-08,98.7,0.936,92.5,0.742,93.9,0.882,Available signals are normal range; optional check-in changed most.,Sustainable
temperature_elevation,68,2026-03-09,97.6,0.926,81.5,0.737,98.4,0.882,Available signals are some recovery may help; overnight pulse deviation changed most.,Sustainable
temperature_elevation,69,2026-03-10,97.6,0.932,94.8,0.74,96.7,0.882,Available signals are normal range; optional check-in changed most.,Sustainable
temperature_elevation,70,2026-03-11,97.5,0.93,90.7,0.739,95.5,0.882,Available signals are normal range; optional check-in changed most.,Sustainable
temperature_elevation,71,2026-03-12,97.5,0.936,93.2,0.741,95.8,0.882,Available signals are normal range; optional check-in changed most.,Sustainable
temperature_elevation,72,2026-03-13,92.2,0.936,86.2,0.742,96.0,0.882,Available signals are normal range; optional check-in changed most.,Sustainable
temperature_elevation,73,2026-03-14,91.3,0.945,91.3,0.746,97.9,0.882,Available signals are normal range; optional check-in changed most.,Sustainable
temperature_elevation,74,2026-03-15,96.5,0.933,86.8,0.74,99.2,0.882,Available signals are normal range; overnight pulse deviation changed most.,Sustainable
temperature_elevation,75,2026-03-16,99.0,0.919,95.9,0.734,94.9,0.882,Available signals are normal range; optional check-in changed most.,Sustainable
temperature_elevation,76,2026-03-17,99.1,0.92,93.9,0.734,94.1,0.882,Available signals are normal range; optional check-in changed most.,Sustainable
temperature_elevation,77,2026-03-18,98.5,0.951,92.7,0.748,99.5,0.882,Available signals are normal range; optional check-in changed most.,Sustainable
temperature_elevation,78,2026-03-19,98.1,0.939,93.3,0.743,99.9,0.882,Available signals are normal range; optional check-in changed most.,Sustainable
temperature_elevation,79,2026-03-20,97.6,0.927,86.6,0.737,98.4,0.882,Available signals are normal range; overnight pulse deviation changed most.,Sustainable
temperature_elevation,80,2026-03-21,97.5,0.945,84.7,0.745,92.7,0.882,Available signals are normal range; overnight pulse deviation changed most.,Sustainable
temperature_elevation,81,2026-03-22,97.6,0.95,93.7,0.748,97.0,0.882,Available signals are normal range; optional check-in changed most.,Sustainable
temperature_elevation,82,2026-03-23,89.6,0.95,92.6,0.748,92.1,0.882,Available signals are normal range; optional check-in changed most.,Sustainable
temperature_elevation,83,2026-03-24,95.9,0.937,87.4,0.742,96.1,0.882,Available signals are normal range; optional check-in changed most.,Sustainable
temperature_elevation,84,2026-03-25,97.6,0.936,94.7,0.742,95.7,0.882,Available signals are normal range; optional check-in changed most.,Sustainable
temperature_elevation,85,2026-03-26,93.2,0.949,92.5,0.747,95.8,0.882,Available signals are normal range; optional check-in changed most.,Sustainable
temperature_elevation,86,2026-03-27,99.2,0.917,91.7,0.733,99.7,0.882,Available signals are normal range; optional check-in changed most.,Sustainable
temperature_elevation,87,2026-03-28,96.5,0.923,92.0,0.736,94.2,0.882,Available signals are normal range; optional check-in changed most.,Sustainable
temperature_elevation,88,2026-03-29,97.7,0.928,94.6,0.738,90.3,0.882,Available signals are normal range; optional check-in changed most.,Sustainable
temperature_elevation,89,2026-03-30,99.2,0.929,94.6,0.739,94.7,0.882,Available signals are normal range; optional check-in changed most.,Sustainable
temperature_elevation,90,2026-03-31,97.4,0.936,91.1,0.741,97.8,0.882,Available signals are normal range; optional check-in changed most.,Sustainable
missing_temperature,1,2026-01-01,94.9,0.738,91.7,0.638,91.4,0.762,Available signals are normal range; optional check-in changed most.,Sustainable
missing_temperature,2,2026-01-02,98.8,0.723,90.6,0.632,94.4,0.762,Available signals are normal range; optional check-in changed most.,Sustainable
missing_temperature,3,2026-01-03,98.4,0.798,94.3,0.669,99.2,0.791,Available signals are normal range; optional check-in changed most.,Sustainable
missing_temperature,4,2026-01-04,99.1,0.788,96.7,0.665,98.1,0.793,Available signals are normal range; optional check-in changed most.,Sustainable
missing_temperature,5,2026-01-05,94.5,0.791,89.5,0.666,95.1,0.795,Available signals are normal range; optional check-in changed most.,Sustainable
missing_temperature,6,2026-01-06,97.0,0.779,88.9,0.661,97.1,0.797,Available signals are normal range; optional check-in changed most.,Sustainable
missing_temperature,7,2026-01-07,90.3,0.797,83.4,0.669,91.2,0.799,Available signals are normal range; overnight pulse deviation changed most.,Sustainable
missing_temperature,8,2026-01-08,95.3,0.809,93.7,0.675,98.1,0.802,Available signals are normal range; optional check-in changed most.,Sustainable
missing_temperature,9,2026-01-09,97.4,0.805,85.6,0.673,94.9,0.804,Available signals are normal range; overnight pulse deviation changed most.,Sustainable
missing_temperature,10,2026-01-10,94.0,0.792,84.1,0.668,91.8,0.806,Available signals are normal range; overnight pulse deviation changed most.,Sustainable
missing_temperature,11,2026-01-11,98.0,0.807,90.9,0.675,98.9,0.808,Available signals are normal range; optional check-in changed most.,Sustainable
missing_temperature,12,2026-01-12,97.2,0.806,90.7,0.675,98.2,0.81,Available signals are normal range; optional check-in changed most.,Sustainable
missing_temperature,13,2026-01-13,97.7,0.807,93.2,0.676,99.9,0.812,Available signals are normal range; optional check-in changed most.,Sustainable
missing_temperature,14,2026-01-14,96.3,0.804,91.3,0.674,91.3,0.815,Available signals are normal range; optional check-in changed most.,Sustainable
missing_temperature,15,2026-01-15,97.0,0.829,94.6,0.686,98.6,0.817,Available signals are normal range; optional check-in changed most.,Sustainable
missing_temperature,16,2026-01-16,97.6,0.829,93.8,0.686,99.3,0.819,Available signals are normal range; optional check-in changed most.,Sustainable
missing_temperature,17,2026-01-17,97.5,0.823,94.5,0.684,96.3,0.821,Available signals are normal range; optional check-in changed most.,Sustainable
missing_temperature,18,2026-01-18,92.6,0.826,92.2,0.685,98.2,0.823,Available signals are normal range; optional check-in changed most.,Sustainable
missing_temperature,19,2026-01-19,98.6,0.84,93.5,0.692,95.1,0.825,Available signals are normal range; optional check-in changed most.,Sustainable
missing_temperature,20,2026-01-20,94.0,0.849,86.7,0.696,99.1,0.827,Available signals are normal range; optional check-in changed most.,Sustainable
missing_temperature,21,2026-01-21,97.5,0.853,92.0,0.698,93.7,0.83,Available signals are normal range; optional check-in changed most.,Sustainable
missing_temperature,22,2026-01-22,98.3,0.842,91.7,0.693,94.2,0.832,Available signals are normal range; optional check-in changed most.,Sustainable
missing_temperature,23,2026-01-23,99.5,0.841,93.5,0.693,96.6,0.834,Available signals are normal range; optional check-in changed most.,Sustainable
missing_temperature,24,2026-01-24,98.3,0.856,92.5,0.7,99.1,0.836,Available signals are normal range; optional check-in changed most.,Sustainable
missing_temperature,25,2026-01-25,95.5,0.848,93.2,0.697,90.6,0.838,Available signals are normal range; optional check-in changed most.,Sustainable
missing_temperature,26,2026-01-26,98.8,0.857,94.8,0.701,93.3,0.84,Available signals are normal range; optional check-in changed most.,Sustainable
missing_temperature,27,2026-01-27,98.9,0.876,95.2,0.71,94.4,0.842,Available signals are normal range; optional check-in changed most.,Sustainable
missing_temperature,28,2026-01-28,97.4,0.875,93.8,0.71,93.3,0.844,Available signals are normal range; optional check-in changed most.,Sustainable
missing_temperature,29,2026-01-29,97.1,0.856,95.5,0.702,98.3,0.846,Available signals are normal range; optional check-in changed most.,Sustainable
missing_temperature,30,2026-01-30,99.7,0.863,96.5,0.705,97.8,0.847,Available signals are normal range; optional check-in changed most.,Sustainable
missing_temperature,31,2026-01-31,94.7,0.861,89.5,0.704,99.3,0.848,Available signals are normal range; optional check-in changed most.,Sustainable
missing_temperature,32,2026-02-01,91.8,0.888,93.1,0.716,93.4,0.849,Available signals are normal range; optional check-in changed most.,Sustainable
missing_temperature,33,2026-02-02,96.2,0.882,92.4,0.714,96.5,0.851,Available signals are normal range; optional check-in changed most.,Sustainable
missing_temperature,34,2026-02-03,97.7,0.874,92.9,0.71,97.7,0.852,Available signals are normal range; optional check-in changed most.,Sustainable
missing_temperature,35,2026-02-04,98.3,0.87,92.0,0.708,89.1,0.853,Available signals are normal range; optional check-in changed most.,Sustainable
missing_temperature,36,2026-02-05,87.3,0.894,90.6,0.72,95.4,0.855,Available signals are normal range; optional check-in changed most.,Sustainable
missing_temperature,37,2026-02-06,98.8,0.888,91.8,0.717,94.7,0.856,Available signals are normal range; optional check-in changed most.,Sustainable
missing_temperature,38,2026-02-07,97.6,0.892,92.7,0.719,88.4,0.857,Available signals are normal range; optional check-in changed most.,Sustainable
missing_temperature,39,2026-02-08,98.0,0.902,93.0,0.723,91.5,0.858,Available signals are normal range; optional check-in changed most.,Sustainable
missing_temperature,40,2026-02-09,96.9,0.881,94.6,0.714,95.0,0.86,Available signals are normal range; optional check-in changed most.,Sustainable
missing_temperature,41,2026-02-10,93.8,0.894,91.9,0.72,93.8,0.861,Available signals are normal range; optional check-in changed most.,Sustainable
missing_temperature,42,2026-02-11,97.7,0.917,94.5,0.731,97.5,0.862,Available signals are normal range; optional check-in changed most.,Sustainable
missing_temperature,43,2026-02-12,97.3,0.894,92.7,0.72,96.4,0.863,Available signals are normal range; optional check-in changed most.,Sustainable
missing_temperature,44,2026-02-13,95.2,0.919,93.3,0.732,91.1,0.864,Available signals are normal range; optional check-in changed most.,Sustainable
missing_temperature,45,2026-02-14,98.7,0.891,92.8,0.719,89.0,0.866,Available signals are normal range; optional check-in changed most.,Sustainable
missing_temperature,46,2026-02-15,93.5,0.89,85.7,0.719,92.8,0.867,Available signals are normal range; overnight pulse deviation changed most.,Sustainable
missing_temperature,47,2026-02-16,94.9,0.904,93.5,0.725,96.6,0.868,Available signals are normal range; optional check-in changed most.,Sustainable
missing_temperature,48,2026-02-17,97.8,0.918,93.1,0.732,97.4,0.87,Available signals are normal range; optional check-in changed most.,Sustainable
missing_temperature,49,2026-02-18,98.9,0.908,93.7,0.728,91.4,0.871,Available signals are normal range; optional check-in changed most.,Sustainable
missing_temperature,50,2026-02-19,98.0,0.918,95.2,0.732,98.5,0.872,Available signals are normal range; optional check-in changed most.,Sustainable
missing_temperature,51,2026-02-20,98.3,0.922,86.6,0.734,95.1,0.873,Available signals are normal range; overnight pulse deviation changed most.,Sustainable
missing_temperature,52,2026-02-21,94.2,0.903,93.7,0.726,99.5,0.874,Available signals are normal range; optional check-in changed most.,Sustainable
missing_temperature,53,2026-02-22,86.6,0.91,81.0,0.729,99.1,0.876,Available signals are some recovery may help; overnight pulse deviation changed most.,Sustainable
missing_temperature,54,2026-02-23,90.5,0.908,86.6,0.729,99.3,0.877,Available signals are normal range; optional check-in changed most.,Sustainable
missing_temperature,55,2026-02-24,97.1,0.926,94.6,0.737,92.9,0.878,Available signals are normal range; optional check-in changed most.,Sustainable
missing_temperature,56,2026-02-25,95.5,0.911,93.2,0.73,91.8,0.879,Available signals are normal range; optional check-in changed most.,Sustainable
missing_temperature,57,2026-02-26,97.4,0.928,91.4,0.738,94.6,0.881,Available signals are normal range; optional check-in changed most.,Sustainable
missing_temperature,58,2026-02-27,96.3,0.948,95.1,0.747,97.6,0.882,Available signals are normal range; optional check-in changed most.,Sustainable
missing_temperature,59,2026-02-28,96.9,0.947,94.3,0.747,93.7,0.882,Available signals are normal range; optional check-in changed most.,Sustainable
missing_temperature,60,2026-03-01,99.0,0.949,88.5,0.747,97.0,0.882,Available signals are normal range; optional check-in changed most.,Sustainable
missing_temperature,61,2026-03-02,98.0,0.92,91.7,0.734,96.8,0.882,Available signals are normal range; optional check-in changed most.,Sustainable
missing_temperature,62,2026-03-03,97.7,0.918,92.8,0.733,98.9,0.882,Available signals are normal range; optional check-in changed most.,Sustainable
missing_temperature,63,2026-03-04,98.9,0.942,96.2,0.744,97.0,0.882,Available signals are normal range; optional check-in changed most.,Sustainable
missing_temperature,64,2026-03-05,94.5,0.917,86.9,0.733,88.1,0.882,Available signals are normal range; optional check-in changed most.,Sustainable
missing_temperature,65,2026-03-06,98.2,0.932,89.2,0.74,93.7,0.882,Available signals are normal range; optional check-in changed most.,Sustainable
missing_temperature,66,2026-03-07,98.0,0.934,94.0,0.741,97.2,0.882,Available signals are normal range; optional check-in changed most.,Sustainable
missing_temperature,67,2026-03-08,96.7,0.916,91.0,0.733,96.9,0.882,Available signals are normal range; optional check-in changed most.,Sustainable
missing_temperature,68,2026-03-09,89.0,0.927,90.4,0.737,93.6,0.882,Available signals are normal range; optional check-in changed most.,Sustainable
missing_temperature,69,2026-03-10,98.1,0.944,94.6,0.745,95.6,0.882,Available signals are normal range; optional check-in changed most.,Sustainable
missing_temperature,70,2026-03-11,96.8,0.923,91.5,0.736,93.6,0.882,Available signals are normal range; optional check-in changed most.,Sustainable
missing_temperature,71,2026-03-12,93.0,0.933,89.1,0.74,86.7,0.882,Available signals are normal range; optional check-in changed most.,Sustainable
missing_temperature,72,2026-03-13,98.7,0.927,95.2,0.737,93.4,0.882,Available signals are normal range; optional check-in changed most.,Sustainable
missing_temperature,73,2026-03-14,98.1,0.924,91.3,0.736,94.3,0.882,Available signals are normal range; optional check-in changed most.,Sustainable
missing_temperature,74,2026-03-15,98.4,0.934,94.3,0.741,94.8,0.882,Available signals are normal range; optional check-in changed most.,Sustainable
missing_temperature,75,2026-03-16,98.7,0.943,93.7,0.745,95.5,0.882,Available signals are normal range; optional check-in changed most.,Sustainable
missing_temperature,76,2026-03-17,98.7,0.926,93.5,0.737,96.9,0.882,Available signals are normal range; optional check-in changed most.,Sustainable
missing_temperature,77,2026-03-18,95.7,0.949,93.1,0.747,93.2,0.882,Available signals are normal range; optional check-in changed most.,Sustainable
missing_temperature,78,2026-03-19,95.8,0.93,89.2,0.739,94.9,0.882,Available signals are normal range; optional check-in changed most.,Sustainable
missing_temperature,79,2026-03-20,97.9,0.937,94.3,0.742,97.0,0.882,Available signals are normal range; optional check-in changed most.,Sustainable
missing_temperature,80,2026-03-21,98.2,0.925,90.8,0.737,98.3,0.882,Available signals are normal range; optional check-in changed most.,Sustainable
missing_temperature,81,2026-03-22,90.9,0.948,81.5,0.747,97.6,0.882,Available signals are some recovery may help; overnight pulse deviation changed most.,Sustainable
missing_temperature,82,2026-03-23,95.0,0.938,92.5,0.743,98.5,0.882,Available signals are normal range; optional check-in changed most.,Sustainable
missing_temperature,83,2026-03-24,97.2,0.93,94.1,0.739,95.6,0.882,Available signals are normal range; optional check-in changed most.,Sustainable
missing_temperature,84,2026-03-25,88.2,0.941,89.6,0.744,94.1,0.882,Available signals are normal range; optional check-in changed most.,Sustainable
missing_temperature,85,2026-03-26,91.9,0.946,92.5,0.746,98.3,0.882,Available signals are normal range; optional check-in changed most.,Sustainable
missing_temperature,86,2026-03-27,98.3,0.924,91.4,0.736,94.5,0.882,Available signals are normal range; optional check-in changed most.,Sustainable
missing_temperature,87,2026-03-28,97.5,0.944,89.2,0.745,93.0,0.882,Available signals are normal range; optional check-in changed most.,Sustainable
missing_temperature,88,2026-03-29,95.4,0.917,89.7,0.733,95.4,0.882,Available signals are normal range; optional check-in changed most.,Sustainable
missing_temperature,89,2026-03-30,95.9,0.939,94.2,0.743,92.8,0.882,Available signals are normal range; optional check-in changed most.,Sustainable
missing_temperature,90,2026-03-31,95.6,0.925,93.8,0.737,89.1,0.882,Available signals are normal range; optional check-in changed most.,Sustainable
missing_heart_rate,1,2026-01-01,98.7,0.724,91.1,0.632,95.4,0.762,Available signals are normal range; optional check-in changed most.,Sustainable
missing_heart_rate,2,2026-01-02,98.4,0.728,91.8,0.634,96.5,0.762,Available signals are normal range; optional check-in changed most.,Sustainable
missing_heart_rate,3,2026-01-03,97.9,0.787,93.6,0.664,94.6,0.791,Available signals are normal range; optional check-in changed most.,Sustainable
missing_heart_rate,4,2026-01-04,97.8,0.768,90.4,0.656,95.6,0.793,Available signals are normal range; optional check-in changed most.,Sustainable
missing_heart_rate,5,2026-01-05,95.5,0.793,94.7,0.667,92.9,0.795,Available signals are normal range; optional check-in changed most.,Sustainable
missing_heart_rate,6,2026-01-06,97.2,0.776,86.9,0.66,90.0,0.797,Available signals are normal range; overnight pulse deviation changed most.,Sustainable
missing_heart_rate,7,2026-01-07,97.7,0.783,92.3,0.663,95.0,0.799,Available signals are normal range; optional check-in changed most.,Sustainable
missing_heart_rate,8,2026-01-08,97.9,0.816,95.1,0.678,95.1,0.802,Available signals are normal range; optional check-in changed most.,Sustainable
missing_heart_rate,9,2026-01-09,99.4,0.818,95.7,0.679,97.3,0.804,Available signals are normal range; optional check-in changed most.,Sustainable
missing_heart_rate,10,2026-01-10,98.0,0.79,94.8,0.667,94.4,0.806,Available signals are normal range; optional check-in changed most.,Sustainable
missing_heart_rate,11,2026-01-11,91.3,0.823,91.8,0.682,89.5,0.808,Available signals are normal range; optional check-in changed most.,Sustainable
missing_heart_rate,12,2026-01-12,91.7,0.827,91.2,0.684,98.3,0.81,Available signals are normal range; optional check-in changed most.,Sustainable
missing_heart_rate,13,2026-01-13,90.7,0.8,88.4,0.672,96.1,0.812,Available signals are normal range; optional check-in changed most.,Sustainable
missing_heart_rate,14,2026-01-14,98.4,0.816,93.3,0.679,98.2,0.815,Available signals are normal range; optional check-in changed most.,Sustainable
missing_heart_rate,15,2026-01-15,97.8,0.818,86.4,0.681,95.1,0.817,Available signals are normal range; overnight pulse deviation changed most.,Sustainable
missing_heart_rate,16,2026-01-16,97.5,0.832,91.3,0.687,97.9,0.819,Available signals are normal range; optional check-in changed most.,Sustainable
missing_heart_rate,17,2026-01-17,98.7,0.846,87.5,0.694,93.2,0.821,Available signals are normal range; optional check-in changed most.,Sustainable
missing_heart_rate,18,2026-01-18,96.9,0.831,93.5,0.687,99.1,0.823,Available signals are normal range; optional check-in changed most.,Sustainable
missing_heart_rate,19,2026-01-19,96.4,0.853,91.5,0.697,98.8,0.825,Available signals are normal range; optional check-in changed most.,Sustainable
missing_heart_rate,20,2026-01-20,99.2,0.837,92.1,0.69,96.4,0.827,Available signals are normal range; optional check-in changed most.,Sustainable
missing_heart_rate,21,2026-01-21,98.3,0.86,87.5,0.701,93.4,0.83,Available signals are normal range; optional check-in changed most.,Sustainable
missing_heart_rate,22,2026-01-22,95.7,0.851,93.9,0.697,91.7,0.832,Available signals are normal range; optional check-in changed most.,Sustainable
missing_heart_rate,23,2026-01-23,97.7,0.853,89.4,0.698,95.7,0.834,Available signals are normal range; optional check-in changed most.,Sustainable
missing_heart_rate,24,2026-01-24,97.1,0.856,94.1,0.7,95.7,0.836,Available signals are normal range; optional check-in changed most.,Sustainable
missing_heart_rate,25,2026-01-25,89.3,0.853,88.1,0.699,97.9,0.838,Available signals are normal range; optional check-in changed most.,Sustainable
missing_heart_rate,26,2026-01-26,98.5,0.86,95.3,0.703,98.1,0.84,Available signals are normal range; optional check-in changed most.,Sustainable
missing_heart_rate,27,2026-01-27,91.4,0.86,85.7,0.703,98.0,0.842,Available signals are normal range; overnight pulse deviation changed most.,Sustainable
missing_heart_rate,28,2026-01-28,93.9,0.881,92.5,0.712,91.5,0.844,Available signals are normal range; optional check-in changed most.,Sustainable
missing_heart_rate,29,2026-01-29,96.7,0.884,90.1,0.714,90.1,0.846,Available signals are normal range; optional check-in changed most.,Sustainable
missing_heart_rate,30,2026-01-30,97.1,0.89,93.6,0.717,98.7,0.847,Available signals are normal range; optional check-in changed most.,Sustainable
missing_heart_rate,31,2026-01-31,97.6,0.889,94.2,0.717,92.0,0.848,Available signals are normal range; optional check-in changed most.,Sustainable
missing_heart_rate,32,2026-02-01,98.7,0.872,91.5,0.709,95.6,0.849,Available signals are normal range; optional check-in changed most.,Sustainable
missing_heart_rate,33,2026-02-02,97.6,0.864,86.0,0.706,91.8,0.851,Available signals are normal range; overnight pulse deviation changed most.,Sustainable
missing_heart_rate,34,2026-02-03,85.7,0.883,83.6,0.714,90.8,0.852,Available signals are normal range; optional check-in changed most.,Sustainable
missing_heart_rate,35,2026-02-04,98.1,0.886,93.9,0.716,92.1,0.853,Available signals are normal range; optional check-in changed most.,Sustainable
missing_heart_rate,36,2026-02-05,92.7,0.871,94.0,0.709,100.0,0.855,Available signals are normal range; optional check-in changed most.,Sustainable
missing_heart_rate,37,2026-02-06,98.0,0.89,89.9,0.718,97.8,0.856,Available signals are normal range; optional check-in changed most.,Sustainable
missing_heart_rate,38,2026-02-07,98.1,0.899,91.1,0.722,91.5,0.857,Available signals are normal range; optional check-in changed most.,Sustainable
missing_heart_rate,39,2026-02-08,97.4,0.885,91.2,0.716,93.5,0.858,Available signals are normal range; optional check-in changed most.,Sustainable
missing_heart_rate,40,2026-02-09,93.5,0.89,93.5,0.718,99.3,0.86,Available signals are normal range; optional check-in changed most.,Sustainable
missing_heart_rate,41,2026-02-10,93.2,0.905,93.0,0.725,90.4,0.861,Available signals are normal range; optional check-in changed most.,Sustainable
missing_heart_rate,42,2026-02-11,97.5,0.897,93.1,0.722,91.8,0.862,Available signals are normal range; optional check-in changed most.,Sustainable
missing_heart_rate,43,2026-02-12,98.0,0.897,91.1,0.722,99.5,0.863,Available signals are normal range; optional check-in changed most.,Sustainable
missing_heart_rate,44,2026-02-13,98.5,0.898,92.1,0.723,94.7,0.864,Available signals are normal range; optional check-in changed most.,Sustainable
missing_heart_rate,45,2026-02-14,92.2,0.887,90.6,0.718,98.6,0.866,Available signals are normal range; optional check-in changed most.,Sustainable
missing_heart_rate,46,2026-02-15,95.4,0.892,89.7,0.72,95.7,0.867,Available signals are normal range; optional check-in changed most.,Sustainable
missing_heart_rate,47,2026-02-16,97.5,0.927,93.9,0.736,96.6,0.868,Available signals are normal range; optional check-in changed most.,Sustainable
missing_heart_rate,48,2026-02-17,95.6,0.894,89.3,0.721,92.4,0.87,Available signals are normal range; optional check-in changed most.,Sustainable
missing_heart_rate,49,2026-02-18,91.3,0.917,88.0,0.732,90.6,0.871,Available signals are normal range; optional check-in changed most.,Sustainable
missing_heart_rate,50,2026-02-19,95.0,0.923,90.6,0.735,98.0,0.872,Available signals are normal range; optional check-in changed most.,Sustainable
missing_heart_rate,51,2026-02-20,96.9,0.905,84.8,0.727,93.4,0.873,Available signals are normal range; overnight pulse deviation changed most.,Sustainable
missing_heart_rate,52,2026-02-21,97.7,0.917,92.0,0.732,94.7,0.874,Available signals are normal range; optional check-in changed most.,Sustainable
missing_heart_rate,53,2026-02-22,98.5,0.929,95.4,0.738,93.8,0.876,Available signals are normal range; optional check-in changed most.,Sustainable
missing_heart_rate,54,2026-02-23,95.4,0.94,89.8,0.743,95.1,0.877,Available signals are normal range; optional check-in changed most.,Sustainable
missing_heart_rate,55,2026-02-24,98.6,0.924,93.8,0.736,97.9,0.878,Available signals are normal range; optional check-in changed most.,Sustainable
missing_heart_rate,56,2026-02-25,92.9,0.946,91.4,0.746,92.5,0.879,Available signals are normal range; optional check-in changed most.,Sustainable
missing_heart_rate,57,2026-02-26,93.0,0.931,89.9,0.739,98.4,0.881,Available signals are normal range; optional check-in changed most.,Sustainable
missing_heart_rate,58,2026-02-27,97.8,0.942,94.9,0.744,97.3,0.882,Available signals are normal range; optional check-in changed most.,Sustainable
missing_heart_rate,59,2026-02-28,93.6,0.922,92.3,0.735,95.1,0.882,Available signals are normal range; optional check-in changed most.,Sustainable
missing_heart_rate,60,2026-03-01,97.3,0.928,87.5,0.738,97.4,0.882,Available signals are normal range; optional check-in changed most.,Sustainable
missing_heart_rate,61,2026-03-02,97.1,0.932,90.6,0.74,97.5,0.882,Available signals are normal range; optional check-in changed most.,Sustainable
missing_heart_rate,62,2026-03-03,95.7,0.934,91.9,0.741,91.3,0.882,Available signals are normal range; optional check-in changed most.,Sustainable
missing_heart_rate,63,2026-03-04,99.3,0.938,95.1,0.742,96.9,0.882,Available signals are normal range; optional check-in changed most.,Sustainable
missing_heart_rate,64,2026-03-05,97.5,0.939,93.6,0.743,95.5,0.882,Available signals are normal range; optional check-in changed most.,Sustainable
missing_heart_rate,65,2026-03-06,96.3,0.949,94.2,0.747,99.3,0.882,Available signals are normal range; optional check-in changed most.,Sustainable
missing_heart_rate,66,2026-03-07,97.5,0.948,93.9,0.747,97.8,0.882,Available signals are normal range; optional check-in changed most.,Sustainable
missing_heart_rate,67,2026-03-08,98.7,0.94,94.1,0.743,96.9,0.882,Available signals are normal range; optional check-in changed most.,Sustainable
missing_heart_rate,68,2026-03-09,98.7,0.928,96.0,0.738,93.7,0.882,Available signals are normal range; optional check-in changed most.,Sustainable
missing_heart_rate,69,2026-03-10,97.4,0.928,93.4,0.738,96.5,0.882,Available signals are normal range; optional check-in changed most.,Sustainable
missing_heart_rate,70,2026-03-11,95.6,0.949,93.6,0.747,96.0,0.882,Available signals are normal range; optional check-in changed most.,Sustainable
missing_heart_rate,71,2026-03-12,97.5,0.92,91.8,0.735,94.1,0.882,Available signals are normal range; optional check-in changed most.,Sustainable
missing_heart_rate,72,2026-03-13,97.0,0.946,90.5,0.746,96.2,0.882,Available signals are normal range; optional check-in changed most.,Sustainable
missing_heart_rate,73,2026-03-14,93.6,0.926,88.3,0.737,97.6,0.882,Available signals are normal range; optional check-in changed most.,Sustainable
missing_heart_rate,74,2026-03-15,88.7,0.948,92.3,0.747,99.5,0.882,Available signals are normal range; optional check-in changed most.,Sustainable
missing_heart_rate,75,2026-03-16,89.2,0.939,88.6,0.743,91.1,0.882,Available signals are normal range; optional check-in changed most.,Sustainable
missing_heart_rate,76,2026-03-17,95.5,0.924,84.3,0.736,91.2,0.882,Available signals are normal range; overnight pulse deviation changed most.,Sustainable
missing_heart_rate,77,2026-03-18,98.7,0.916,87.4,0.733,95.5,0.882,Available signals are normal range; overnight pulse deviation changed most.,Sustainable
missing_heart_rate,78,2026-03-19,99.2,0.934,93.1,0.741,95.2,0.882,Available signals are normal range; optional check-in changed most.,Sustainable
missing_heart_rate,79,2026-03-20,97.5,0.947,95.1,0.746,96.4,0.882,Available signals are normal range; optional check-in changed most.,Sustainable
missing_heart_rate,80,2026-03-21,98.5,0.928,94.3,0.738,94.0,0.882,Available signals are normal range; optional check-in changed most.,Sustainable
missing_heart_rate,81,2026-03-22,96.1,0.95,90.7,0.748,95.0,0.882,Available signals are normal range; optional check-in changed most.,Sustainable
missing_heart_rate,82,2026-03-23,89.3,0.917,87.9,0.733,93.5,0.882,Available signals are normal range; optional check-in changed most.,Sustainable
missing_heart_rate,83,2026-03-24,98.3,0.919,91.4,0.734,94.5,0.882,Available signals are normal range; optional check-in changed most.,Sustainable
missing_heart_rate,84,2026-03-25,96.5,0.942,91.3,0.744,93.9,0.882,Available signals are normal range; optional check-in changed most.,Sustainable
missing_heart_rate,85,2026-03-26,96.5,0.926,92.0,0.737,96.0,0.882,Available signals are normal range; optional check-in changed most.,Sustainable
missing_heart_rate,86,2026-03-27,97.4,0.924,92.4,0.556,94.2,0.882,Available signals are normal range; optional check-in changed most.,Sustainable
missing_heart_rate,87,2026-03-28,98.3,0.935,93.1,0.561,98.6,0.882,Available signals are normal range; optional check-in changed most.,Sustainable
missing_heart_rate,88,2026-03-29,98.0,0.924,93.2,0.556,89.4,0.882,Available signals are normal range; optional check-in changed most.,Sustainable
missing_heart_rate,89,2026-03-30,98.4,0.942,94.3,0.564,94.9,0.882,Available signals are normal range; optional check-in changed most.,Sustainable
missing_heart_rate,90,2026-03-31,97.8,0.935,94.3,0.561,95.0,0.882,Available signals are normal range; optional check-in changed most.,Sustainable
partial_sleep,1,2026-01-01,81.8,0.741,87.1,0.64,95.0,0.762,Available signals are normal range; optional check-in changed most.,Sustainable
partial_sleep,2,2026-01-02,85.0,0.719,90.1,0.63,95.0,0.762,Available signals are normal range; optional check-in changed most.,Sustainable
partial_sleep,3,2026-01-03,86.5,0.767,91.3,0.655,97.9,0.791,Available signals are normal range; optional check-in changed most.,Sustainable
partial_sleep,4,2026-01-04,86.4,0.769,86.3,0.656,96.6,0.793,Available signals are normal range; optional check-in changed most.,Sustainable
partial_sleep,5,2026-01-05,85.0,0.778,89.1,0.66,92.8,0.795,Available signals are normal range; optional check-in changed most.,Sustainable
partial_sleep,6,2026-01-06,85.9,0.793,86.0,0.667,94.7,0.797,Available signals are normal range; optional check-in changed most.,Sustainable
partial_sleep,7,2026-01-07,82.1,0.782,86.6,0.663,86.6,0.799,Available signals are normal range; optional check-in changed most.,Sustainable
partial_sleep,8,2026-01-08,84.9,0.805,83.4,0.673,97.0,0.802,Available signals are normal range; optional check-in changed most.,Sustainable
partial_sleep,9,2026-01-09,85.1,0.813,81.0,0.677,96.9,0.804,Available signals are some recovery may help; overnight pulse deviation changed most.,Sustainable
partial_sleep,10,2026-01-10,86.5,0.789,86.6,0.667,99.4,0.806,Available signals are normal range; optional check-in changed most.,Sustainable
partial_sleep,11,2026-01-11,86.4,0.807,89.0,0.675,85.4,0.808,Available signals are normal range; optional check-in changed most.,Sustainable
partial_sleep,12,2026-01-12,78.4,0.826,85.4,0.684,96.2,0.81,Available signals are normal range; optional check-in changed most.,Sustainable
partial_sleep,13,2026-01-13,86.0,0.804,82.2,0.674,92.9,0.812,Available signals are normal range; overnight pulse deviation changed most.,Sustainable
partial_sleep,14,2026-01-14,83.1,0.816,88.2,0.68,98.4,0.815,Available signals are normal range; optional check-in changed most.,Sustainable
partial_sleep,15,2026-01-15,83.9,0.807,85.1,0.676,96.0,0.817,Available signals are normal range; optional check-in changed most.,Sustainable
partial_sleep,16,2026-01-16,86.1,0.843,90.5,0.692,93.7,0.819,Available signals are normal range; optional check-in changed most.,Sustainable
partial_sleep,17,2026-01-17,85.0,0.825,89.4,0.685,92.4,0.821,Available signals are normal range; optional check-in changed most.,Sustainable
partial_sleep,18,2026-01-18,85.7,0.832,90.0,0.688,98.8,0.823,Available signals are normal range; optional check-in changed most.,Sustainable
partial_sleep,19,2026-01-19,85.2,0.844,86.8,0.694,97.2,0.825,Available signals are normal range; optional check-in changed most.,Sustainable
partial_sleep,20,2026-01-20,85.7,0.826,78.2,0.686,94.4,0.827,Available signals are some recovery may help; overnight pulse deviation changed most.,Sustainable
partial_sleep,21,2026-01-21,80.5,0.856,87.4,0.699,90.9,0.83,Available signals are normal range; optional check-in changed most.,Sustainable
partial_sleep,22,2026-01-22,83.6,0.858,88.1,0.7,90.9,0.832,Available signals are normal range; optional check-in changed most.,Sustainable
partial_sleep,23,2026-01-23,84.9,0.841,88.6,0.693,96.7,0.834,Available signals are normal range; optional check-in changed most.,Sustainable
partial_sleep,24,2026-01-24,74.6,0.854,84.8,0.699,93.8,0.836,Available signals are normal range; sleep support changed most.,Sustainable
partial_sleep,25,2026-01-25,86.1,0.851,86.3,0.698,96.9,0.838,Available signals are normal range; optional check-in changed most.,Sustainable
partial_sleep,26,2026-01-26,85.3,0.878,87.0,0.711,95.6,0.84,Available signals are normal range; optional check-in changed most.,Sustainable
partial_sleep,27,2026-01-27,84.7,0.88,87.5,0.712,93.1,0.842,Available signals are normal range; optional check-in changed most.,Sustainable
partial_sleep,28,2026-01-28,84.5,0.861,90.0,0.704,93.3,0.844,Available signals are normal range; optional check-in changed most.,Sustainable
partial_sleep,29,2026-01-29,86.4,0.888,87.1,0.716,92.2,0.846,Available signals are normal range; optional check-in changed most.,Sustainable
partial_sleep,30,2026-01-30,85.5,0.881,87.0,0.713,96.2,0.847,Available signals are normal range; optional check-in changed most.,Sustainable
partial_sleep,31,2026-01-31,79.7,0.877,79.8,0.711,99.7,0.848,Available signals are some recovery may help; overnight pulse deviation changed most.,Sustainable
partial_sleep,32,2026-02-01,84.4,0.887,78.5,0.716,94.7,0.849,Available signals are some recovery may help; overnight pulse deviation changed most.,Sustainable
partial_sleep,33,2026-02-02,85.5,0.882,88.3,0.714,92.5,0.851,Available signals are normal range; optional check-in changed most.,Sustainable
partial_sleep,34,2026-02-03,84.2,0.874,78.8,0.71,92.5,0.852,Available signals are some recovery may help; overnight pulse deviation changed most.,Sustainable
partial_sleep,35,2026-02-04,84.8,0.876,90.0,0.711,91.2,0.853,Available signals are normal range; optional check-in changed most.,Sustainable
partial_sleep,36,2026-02-05,80.2,0.892,84.2,0.718,93.5,0.855,Available signals are normal range; optional check-in changed most.,Sustainable
partial_sleep,37,2026-02-06,80.7,0.902,81.3,0.723,93.3,0.856,Available signals are some recovery may help; optional check-in changed most.,Sustainable
partial_sleep,38,2026-02-07,85.4,0.883,84.4,0.715,98.6,0.857,Available signals are normal range; optional check-in changed most.,Sustainable
partial_sleep,39,2026-02-08,82.6,0.89,86.5,0.718,97.0,0.858,Available signals are normal range; optional check-in changed most.,Sustainable
partial_sleep,40,2026-02-09,85.4,0.877,87.8,0.713,96.5,0.86,Available signals are normal range; optional check-in changed most.,Sustainable
partial_sleep,41,2026-02-10,85.4,0.904,82.8,0.725,93.2,0.861,Available signals are normal range; overnight pulse deviation changed most.,Sustainable
partial_sleep,42,2026-02-11,86.5,0.897,90.9,0.722,99.2,0.862,Available signals are normal range; optional check-in changed most.,Sustainable
partial_sleep,43,2026-02-12,84.9,0.889,87.8,0.718,97.1,0.863,Available signals are normal range; optional check-in changed most.,Sustainable
partial_sleep,44,2026-02-13,85.7,0.901,89.1,0.724,96.1,0.864,Available signals are normal range; optional check-in changed most.,Sustainable
partial_sleep,45,2026-02-14,82.0,0.89,82.6,0.719,94.0,0.866,Available signals are normal range; optional check-in changed most.,Sustainable
partial_sleep,46,2026-02-15,84.0,0.896,88.1,0.722,93.9,0.867,Available signals are normal range; optional check-in changed most.,Sustainable
partial_sleep,47,2026-02-16,85.3,0.908,83.8,0.727,97.6,0.868,Available signals are normal range; optional check-in changed most.,Sustainable
partial_sleep,48,2026-02-17,86.0,0.907,84.2,0.727,90.9,0.87,Available signals are normal range; optional check-in changed most.,Sustainable
partial_sleep,49,2026-02-18,86.5,0.908,83.2,0.728,96.3,0.871,Available signals are normal range; overnight pulse deviation changed most.,Sustainable
partial_sleep,50,2026-02-19,85.2,0.9,89.6,0.724,99.5,0.872,Available signals are normal range; optional check-in changed most.,Sustainable
partial_sleep,51,2026-02-20,84.7,0.921,79.8,0.734,96.2,0.873,Available signals are some recovery may help; overnight pulse deviation changed most.,Sustainable
partial_sleep,52,2026-02-21,86.3,0.911,87.2,0.73,92.5,0.874,Available signals are normal range; optional check-in changed most.,Sustainable
partial_sleep,53,2026-02-22,84.7,0.935,86.9,0.74,97.2,0.876,Available signals are normal range; optional check-in changed most.,Sustainable
partial_sleep,54,2026-02-23,85.4,0.935,87.9,0.74,94.5,0.877,Available signals are normal range; optional check-in changed most.,Sustainable
partial_sleep,55,2026-02-24,85.3,0.937,81.0,0.741,97.3,0.878,Available signals are some recovery may help; overnight pulse deviation changed most.,Sustainable
partial_sleep,56,2026-02-25,86.1,0.929,86.0,0.738,95.7,0.879,Available signals are normal range; optional check-in changed most.,Sustainable
partial_sleep,57,2026-02-26,86.0,0.916,89.2,0.733,96.8,0.881,Available signals are normal range; optional check-in changed most.,Sustainable
partial_sleep,58,2026-02-27,83.1,0.936,88.5,0.741,89.2,0.882,Available signals are normal range; optional check-in changed most.,Sustainable
partial_sleep,59,2026-02-28,82.5,0.918,87.1,0.734,98.4,0.882,Available signals are normal range; optional check-in changed most.,Sustainable
partial_sleep,60,2026-03-01,84.8,0.919,88.1,0.734,97.7,0.882,Available signals are normal range; optional check-in changed most.,Sustainable
partial_sleep,61,2026-03-02,83.8,0.943,87.5,0.745,94.6,0.882,Available signals are normal range; optional check-in changed most.,Sustainable
partial_sleep,62,2026-03-03,86.2,0.947,84.8,0.746,90.9,0.882,Available signals are normal range; optional check-in changed most.,Sustainable
partial_sleep,63,2026-03-04,85.2,0.932,85.2,0.74,95.3,0.882,Available signals are normal range; optional check-in changed most.,Sustainable
partial_sleep,64,2026-03-05,84.8,0.924,87.1,0.736,98.9,0.882,Available signals are normal range; optional check-in changed most.,Sustainable
partial_sleep,65,2026-03-06,85.1,0.94,88.7,0.743,98.7,0.882,Available signals are normal range; optional check-in changed most.,Sustainable
partial_sleep,66,2026-03-07,85.4,0.937,89.6,0.742,95.9,0.882,Available signals are normal range; optional check-in changed most.,Sustainable
partial_sleep,67,2026-03-08,83.0,0.951,88.3,0.748,95.5,0.882,Available signals are normal range; optional check-in changed most.,Sustainable
partial_sleep,68,2026-03-09,86.1,0.919,90.1,0.734,95.4,0.882,Available signals are normal range; optional check-in changed most.,Sustainable
partial_sleep,69,2026-03-10,85.1,0.929,88.8,0.738,92.5,0.882,Available signals are normal range; optional check-in changed most.,Sustainable
partial_sleep,70,2026-03-11,83.0,0.932,89.3,0.74,93.8,0.882,Available signals are normal range; optional check-in changed most.,Sustainable
partial_sleep,71,2026-03-12,84.9,0.942,89.7,0.744,94.8,0.882,Available signals are normal range; optional check-in changed most.,Sustainable
partial_sleep,72,2026-03-13,86.5,0.93,88.2,0.739,98.5,0.882,Available signals are normal range; optional check-in changed most.,Sustainable
partial_sleep,73,2026-03-14,85.7,0.924,88.8,0.736,93.3,0.882,Available signals are normal range; optional check-in changed most.,Sustainable
partial_sleep,74,2026-03-15,84.7,0.928,87.2,0.738,94.3,0.882,Available signals are normal range; optional check-in changed most.,Sustainable
partial_sleep,75,2026-03-16,85.9,0.943,88.6,0.745,98.9,0.882,Available signals are normal range; optional check-in changed most.,Sustainable
partial_sleep,76,2026-03-17,84.4,0.92,88.2,0.734,96.4,0.882,Available signals are normal range; optional check-in changed most.,Sustainable
partial_sleep,77,2026-03-18,86.0,0.921,90.7,0.735,95.7,0.882,Available signals are normal range; optional check-in changed most.,Sustainable
partial_sleep,78,2026-03-19,85.6,0.92,87.2,0.734,95.2,0.882,Available signals are normal range; optional check-in changed most.,Sustainable
partial_sleep,79,2026-03-20,85.9,0.928,87.6,0.738,93.8,0.882,Available signals are normal range; optional check-in changed most.,Sustainable
partial_sleep,80,2026-03-21,86.4,0.928,88.2,0.738,89.8,0.882,Available signals are normal range; optional check-in changed most.,Sustainable
partial_sleep,81,2026-03-22,84.3,0.934,82.6,0.741,91.3,0.882,Available signals are normal range; overnight pulse deviation changed most.,Sustainable
partial_sleep,82,2026-03-23,82.7,0.925,88.5,0.737,95.7,0.882,Available signals are normal range; optional check-in changed most.,Sustainable
partial_sleep,83,2026-03-24,84.0,0.918,89.6,0.734,93.4,0.882,Available signals are normal range; optional check-in changed most.,Sustainable
partial_sleep,84,2026-03-25,85.5,0.917,86.3,0.733,97.1,0.882,Available signals are normal range; optional check-in changed most.,Sustainable
partial_sleep,85,2026-03-26,86.1,0.93,87.5,0.739,95.5,0.882,Available signals are normal range; optional check-in changed most.,Sustainable
partial_sleep,86,2026-03-27,86.4,0.926,87.3,0.737,92.6,0.882,Available signals are normal range; optional check-in changed most.,Sustainable
partial_sleep,87,2026-03-28,86.5,0.92,84.0,0.734,98.4,0.882,Available signals are normal range; optional check-in changed most.,Sustainable
partial_sleep,88,2026-03-29,84.5,0.942,82.9,0.744,96.8,0.882,Available signals are normal range; overnight pulse deviation changed most.,Sustainable
partial_sleep,89,2026-03-30,79.8,0.936,87.1,0.741,99.0,0.882,Available signals are normal range; optional check-in changed most.,Sustainable
partial_sleep,90,2026-03-31,,0.248,84.1,0.66,92.6,0.882,Available signals are normal range; optional check-in changed most.,Sustainable
no_ring_wear,1,2026-01-01,97.1,0.746,91.3,0.642,96.9,0.762,Available signals are normal range; optional check-in changed most.,Sustainable
no_ring_wear,2,2026-01-02,96.8,0.75,93.1,0.644,98.5,0.762,Available signals are normal range; optional check-in changed most.,Sustainable
no_ring_wear,3,2026-01-03,96.8,0.771,92.1,0.657,97.8,0.791,Available signals are normal range; optional check-in changed most.,Sustainable
no_ring_wear,4,2026-01-04,90.7,0.774,92.1,0.658,97.8,0.793,Available signals are normal range; optional check-in changed most.,Sustainable
no_ring_wear,5,2026-01-05,98.5,0.799,94.9,0.67,94.9,0.795,Available signals are normal range; optional check-in changed most.,Sustainable
no_ring_wear,6,2026-01-06,92.9,0.787,92.9,0.665,96.4,0.797,Available signals are normal range; optional check-in changed most.,Sustainable
no_ring_wear,7,2026-01-07,94.7,0.778,91.4,0.661,96.9,0.799,Available signals are normal range; optional check-in changed most.,Sustainable
no_ring_wear,8,2026-01-08,97.3,0.781,92.2,0.663,97.4,0.802,Available signals are normal range; optional check-in changed most.,Sustainable
no_ring_wear,9,2026-01-09,97.9,0.804,95.1,0.673,99.1,0.804,Available signals are normal range; optional check-in changed most.,Sustainable
no_ring_wear,10,2026-01-10,98.0,0.793,91.8,0.668,92.1,0.806,Available signals are normal range; optional check-in changed most.,Sustainable
no_ring_wear,11,2026-01-11,97.3,0.821,92.4,0.681,97.6,0.808,Available signals are normal range; optional check-in changed most.,Sustainable
no_ring_wear,12,2026-01-12,97.6,0.818,86.6,0.68,92.3,0.81,Available signals are normal range; overnight pulse deviation changed most.,Sustainable
no_ring_wear,13,2026-01-13,98.4,0.827,94.0,0.684,99.3,0.812,Available signals are normal range; optional check-in changed most.,Sustainable
no_ring_wear,14,2026-01-14,98.0,0.814,94.2,0.679,94.3,0.815,Available signals are normal range; optional check-in changed most.,Sustainable
no_ring_wear,15,2026-01-15,96.7,0.807,92.8,0.676,96.1,0.817,Available signals are normal range; optional check-in changed most.,Sustainable
no_ring_wear,16,2026-01-16,99.4,0.843,91.4,0.692,93.1,0.819,Available signals are normal range; optional check-in changed most.,Sustainable
no_ring_wear,17,2026-01-17,97.1,0.828,87.7,0.686,96.8,0.821,Available signals are normal range; optional check-in changed most.,Sustainable
no_ring_wear,18,2026-01-18,97.9,0.845,93.8,0.694,87.1,0.823,Available signals are normal range; optional check-in changed most.,Sustainable
no_ring_wear,19,2026-01-19,98.7,0.849,94.2,0.696,95.6,0.825,Available signals are normal range; optional check-in changed most.,Sustainable
no_ring_wear,20,2026-01-20,89.6,0.832,89.6,0.688,95.5,0.827,Available signals are normal range; optional check-in changed most.,Sustainable
no_ring_wear,21,2026-01-21,97.4,0.846,95.2,0.695,97.3,0.83,Available signals are normal range; optional check-in changed most.,Sustainable
no_ring_wear,22,2026-01-22,98.4,0.85,93.4,0.697,98.1,0.832,Available signals are normal range; optional check-in changed most.,Sustainable
no_ring_wear,23,2026-01-23,99.3,0.845,95.4,0.695,96.2,0.834,Available signals are normal range; optional check-in changed most.,Sustainable
no_ring_wear,24,2026-01-24,94.7,0.858,93.4,0.701,98.4,0.836,Available signals are normal range; optional check-in changed most.,Sustainable
no_ring_wear,25,2026-01-25,93.9,0.869,92.2,0.706,97.2,0.838,Available signals are normal range; optional check-in changed most.,Sustainable
no_ring_wear,26,2026-01-26,97.9,0.862,85.4,0.704,96.2,0.84,Available signals are normal range; overnight pulse deviation changed most.,Sustainable
no_ring_wear,27,2026-01-27,97.5,0.869,92.4,0.707,98.4,0.842,Available signals are normal range; optional check-in changed most.,Sustainable
no_ring_wear,28,2026-01-28,96.0,0.881,85.9,0.712,97.9,0.844,Available signals are normal range; overnight pulse deviation changed most.,Sustainable
no_ring_wear,29,2026-01-29,96.3,0.875,95.5,0.71,91.4,0.846,Available signals are normal range; optional check-in changed most.,Sustainable
no_ring_wear,30,2026-01-30,98.3,0.872,93.7,0.709,97.0,0.847,Available signals are normal range; optional check-in changed most.,Sustainable
no_ring_wear,31,2026-01-31,98.6,0.873,89.1,0.709,96.2,0.848,Available signals are normal range; optional check-in changed most.,Sustainable
no_ring_wear,32,2026-02-01,97.1,0.882,93.2,0.713,92.7,0.849,Available signals are normal range; optional check-in changed most.,Sustainable
no_ring_wear,33,2026-02-02,97.2,0.896,94.4,0.72,96.3,0.851,Available signals are normal range; optional check-in changed most.,Sustainable
no_ring_wear,34,2026-02-03,96.8,0.888,93.6,0.717,96.4,0.852,Available signals are normal range; optional check-in changed most.,Sustainable
no_ring_wear,35,2026-02-04,97.6,0.868,93.8,0.708,97.9,0.853,Available signals are normal range; optional check-in changed most.,Sustainable
no_ring_wear,36,2026-02-05,99.0,0.894,96.4,0.719,95.7,0.855,Available signals are normal range; optional check-in changed most.,Sustainable
no_ring_wear,37,2026-02-06,96.7,0.886,87.4,0.716,97.9,0.856,Available signals are normal range; optional check-in changed most.,Sustainable
no_ring_wear,38,2026-02-07,96.1,0.882,93.6,0.714,89.5,0.857,Available signals are normal range; optional check-in changed most.,Sustainable
no_ring_wear,39,2026-02-08,99.4,0.891,91.2,0.718,94.5,0.858,Available signals are normal range; optional check-in changed most.,Sustainable
no_ring_wear,40,2026-02-09,99.2,0.909,96.5,0.727,97.8,0.86,Available signals are normal range; optional check-in changed most.,Sustainable
no_ring_wear,41,2026-02-10,96.4,0.91,94.4,0.727,99.8,0.861,Available signals are normal range; optional check-in changed most.,Sustainable
no_ring_wear,42,2026-02-11,94.7,0.891,92.4,0.719,90.2,0.862,Available signals are normal range; optional check-in changed most.,Sustainable
no_ring_wear,43,2026-02-12,98.5,0.895,94.3,0.721,90.1,0.863,Available signals are normal range; optional check-in changed most.,Sustainable
no_ring_wear,44,2026-02-13,96.2,0.901,92.6,0.724,96.3,0.864,Available signals are normal range; optional check-in changed most.,Sustainable
no_ring_wear,45,2026-02-14,98.8,0.912,95.7,0.729,97.2,0.866,Available signals are normal range; optional check-in changed most.,Sustainable
no_ring_wear,46,2026-02-15,97.1,0.917,93.1,0.731,98.1,0.867,Available signals are normal range; optional check-in changed most.,Sustainable
no_ring_wear,47,2026-02-16,98.1,0.919,92.2,0.732,95.8,0.868,Available signals are normal range; optional check-in changed most.,Sustainable
no_ring_wear,48,2026-02-17,93.1,0.9,91.7,0.724,98.6,0.87,Available signals are normal range; optional check-in changed most.,Sustainable
no_ring_wear,49,2026-02-18,97.4,0.921,88.3,0.734,98.5,0.871,Available signals are normal range; optional check-in changed most.,Sustainable
no_ring_wear,50,2026-02-19,96.3,0.902,95.2,0.725,96.0,0.872,Available signals are normal range; optional check-in changed most.,Sustainable
no_ring_wear,51,2026-02-20,97.6,0.934,91.5,0.74,93.1,0.873,Available signals are normal range; optional check-in changed most.,Sustainable
no_ring_wear,52,2026-02-21,94.6,0.934,90.3,0.74,92.9,0.874,Available signals are normal range; optional check-in changed most.,Sustainable
no_ring_wear,53,2026-02-22,97.2,0.936,92.1,0.741,97.2,0.876,Available signals are normal range; optional check-in changed most.,Sustainable
no_ring_wear,54,2026-02-23,97.3,0.94,92.8,0.743,92.6,0.877,Available signals are normal range; optional check-in changed most.,Sustainable
no_ring_wear,55,2026-02-24,93.5,0.915,91.1,0.732,88.2,0.878,Available signals are normal range; optional check-in changed most.,Sustainable
no_ring_wear,56,2026-02-25,96.2,0.921,93.2,0.735,97.5,0.879,Available signals are normal range; optional check-in changed most.,Sustainable
no_ring_wear,57,2026-02-26,98.5,0.94,92.0,0.743,93.9,0.881,Available signals are normal range; optional check-in changed most.,Sustainable
no_ring_wear,58,2026-02-27,97.4,0.932,90.7,0.74,99.2,0.882,Available signals are normal range; optional check-in changed most.,Sustainable
no_ring_wear,59,2026-02-28,96.5,0.926,91.0,0.737,95.9,0.882,Available signals are normal range; optional check-in changed most.,Sustainable
no_ring_wear,60,2026-03-01,96.8,0.928,93.3,0.738,93.8,0.882,Available signals are normal range; optional check-in changed most.,Sustainable
no_ring_wear,61,2026-03-02,95.2,0.925,92.4,0.737,90.4,0.882,Available signals are normal range; optional check-in changed most.,Sustainable
no_ring_wear,62,2026-03-03,96.6,0.916,94.2,0.733,98.6,0.882,Available signals are normal range; optional check-in changed most.,Sustainable
no_ring_wear,63,2026-03-04,95.3,0.915,89.0,0.732,95.8,0.882,Available signals are normal range; optional check-in changed most.,Sustainable
no_ring_wear,64,2026-03-05,98.4,0.918,95.7,0.734,95.6,0.882,Available signals are normal range; optional check-in changed most.,Sustainable
no_ring_wear,65,2026-03-06,97.0,0.942,93.7,0.744,97.5,0.882,Available signals are normal range; optional check-in changed most.,Sustainable
no_ring_wear,66,2026-03-07,97.1,0.919,95.3,0.734,95.6,0.882,Available signals are normal range; optional check-in changed most.,Sustainable
no_ring_wear,67,2026-03-08,92.6,0.942,93.3,0.744,97.5,0.882,Available signals are normal range; optional check-in changed most.,Sustainable
no_ring_wear,68,2026-03-09,97.8,0.92,94.9,0.734,90.1,0.882,Available signals are normal range; optional check-in changed most.,Sustainable
no_ring_wear,69,2026-03-10,95.1,0.948,92.5,0.747,91.3,0.882,Available signals are normal range; optional check-in changed most.,Sustainable
no_ring_wear,70,2026-03-11,98.3,0.93,94.7,0.739,98.3,0.882,Available signals are normal range; optional check-in changed most.,Sustainable
no_ring_wear,71,2026-03-12,96.7,0.929,93.3,0.739,97.2,0.882,Available signals are normal range; optional check-in changed most.,Sustainable
no_ring_wear,72,2026-03-13,98.0,0.927,92.2,0.737,91.9,0.882,Available signals are normal range; optional check-in changed most.,Sustainable
no_ring_wear,73,2026-03-14,98.2,0.923,95.6,0.736,96.0,0.882,Available signals are normal range; optional check-in changed most.,Sustainable
no_ring_wear,74,2026-03-15,95.5,0.92,87.9,0.735,99.5,0.882,Available signals are normal range; optional check-in changed most.,Sustainable
no_ring_wear,75,2026-03-16,97.8,0.937,88.9,0.742,99.4,0.882,Available signals are normal range; optional check-in changed most.,Sustainable
no_ring_wear,76,2026-03-17,97.0,0.919,91.9,0.734,93.8,0.882,Available signals are normal range; optional check-in changed most.,Sustainable
no_ring_wear,77,2026-03-18,97.9,0.946,93.6,0.746,95.9,0.882,Available signals are normal range; optional check-in changed most.,Sustainable
no_ring_wear,78,2026-03-19,94.4,0.922,93.3,0.735,92.1,0.882,Available signals are normal range; optional check-in changed most.,Sustainable
no_ring_wear,79,2026-03-20,98.4,0.923,92.8,0.736,94.2,0.882,Available signals are normal range; optional check-in changed most.,Sustainable
no_ring_wear,80,2026-03-21,95.8,0.946,94.6,0.746,97.2,0.882,Available signals are normal range; optional check-in changed most.,Sustainable
no_ring_wear,81,2026-03-22,98.3,0.933,96.3,0.74,93.8,0.882,Available signals are normal range; optional check-in changed most.,Sustainable
no_ring_wear,82,2026-03-23,98.1,0.936,87.6,0.741,96.3,0.882,Available signals are normal range; optional check-in changed most.,Sustainable
no_ring_wear,83,2026-03-24,96.8,0.941,94.7,0.744,94.2,0.882,Available signals are normal range; optional check-in changed most.,Sustainable
no_ring_wear,84,2026-03-25,96.9,0.918,92.4,0.734,96.8,0.882,Available signals are normal range; optional check-in changed most.,Sustainable
no_ring_wear,85,2026-03-26,97.8,0.938,93.0,0.743,95.8,0.882,Available signals are normal range; optional check-in changed most.,Sustainable
no_ring_wear,86,2026-03-27,87.2,0.94,84.6,0.743,98.7,0.882,Available signals are normal range; optional check-in changed most.,Sustainable
no_ring_wear,87,2026-03-28,95.5,0.926,91.6,0.737,96.5,0.882,Available signals are normal range; optional check-in changed most.,Sustainable
no_ring_wear,88,2026-03-29,98.3,0.917,95.1,0.733,97.8,0.882,Available signals are normal range; optional check-in changed most.,Sustainable
no_ring_wear,89,2026-03-30,92.9,0.932,93.3,0.74,96.0,0.882,Available signals are normal range; optional check-in changed most.,Sustainable
no_ring_wear,90,2026-03-31,,0.0,,0.2,53.6,0.6,Overnight evidence is too incomplete for a Recovery result.,Light
hard_workout,1,2026-01-01,98.8,0.733,93.0,0.636,81.8,0.762,Available signals are normal range; optional check-in changed most.,Sustainable
hard_workout,2,2026-01-02,95.7,0.728,94.3,0.634,78.6,0.762,Available signals are normal range; optional check-in changed most.,Building
hard_workout,3,2026-01-03,99.2,0.798,92.3,0.669,77.4,0.791,Available signals are normal range; optional check-in changed most.,Building
hard_workout,4,2026-01-04,97.5,0.772,94.6,0.658,78.6,0.793,Available signals are normal range; optional check-in changed most.,Building
hard_workout,5,2026-01-05,99.0,0.781,88.4,0.662,79.3,0.795,Available signals are normal range; optional check-in changed most.,Building
hard_workout,6,2026-01-06,99.0,0.781,93.9,0.662,81.9,0.797,Available signals are normal range; optional check-in changed most.,Sustainable
hard_workout,7,2026-01-07,97.3,0.802,95.2,0.671,85.7,0.799,Available signals are normal range; optional check-in changed most.,Sustainable
hard_workout,8,2026-01-08,96.1,0.806,91.9,0.674,84.5,0.802,Available signals are normal range; optional check-in changed most.,Sustainable
hard_workout,9,2026-01-09,97.5,0.8,95.4,0.671,79.3,0.804,Available signals are normal range; optional check-in changed most.,Building
hard_workout,10,2026-01-10,96.7,0.79,89.4,0.667,82.1,0.806,Available signals are normal range; optional check-in changed most.,Sustainable
hard_workout,11,2026-01-11,98.4,0.804,93.3,0.674,86.3,0.808,Available signals are normal range; optional check-in changed most.,Sustainable
hard_workout,12,2026-01-12,92.1,0.814,90.2,0.678,83.4,0.81,Available signals are normal range; optional check-in changed most.,Sustainable
hard_workout,13,2026-01-13,96.7,0.808,94.8,0.676,81.9,0.812,Available signals are normal range; optional check-in changed most.,Sustainable
hard_workout,14,2026-01-14,98.7,0.809,89.7,0.677,91.1,0.815,Available signals are normal range; optional check-in changed most.,Sustainable
hard_workout,15,2026-01-15,95.1,0.83,85.7,0.686,87.9,0.817,Available signals are normal range; overnight pulse deviation changed most.,Sustainable
hard_workout,16,2026-01-16,97.7,0.83,92.6,0.687,85.8,0.819,Available signals are normal range; optional check-in changed most.,Sustainable
hard_workout,17,2026-01-17,95.2,0.823,92.8,0.684,82.5,0.821,Available signals are normal range; optional check-in changed most.,Sustainable
hard_workout,18,2026-01-18,95.2,0.844,90.8,0.693,82.8,0.823,Available signals are normal range; optional check-in changed most.,Sustainable
hard_workout,19,2026-01-19,97.6,0.85,93.9,0.696,88.7,0.825,Available signals are normal range; optional check-in changed most.,Sustainable
hard_workout,20,2026-01-20,98.9,0.835,94.8,0.69,84.0,0.827,Available signals are normal range; optional check-in changed most.,Sustainable
hard_workout,21,2026-01-21,96.7,0.839,90.4,0.692,82.3,0.83,Available signals are normal range; optional check-in changed most.,Sustainable
hard_workout,22,2026-01-22,98.9,0.85,86.1,0.697,80.6,0.832,Available signals are normal range; overnight pulse deviation changed most.,Sustainable
hard_workout,23,2026-01-23,89.3,0.854,83.4,0.699,86.4,0.834,Available signals are normal range; overnight pulse deviation changed most.,Sustainable
hard_workout,24,2026-01-24,98.9,0.867,93.9,0.705,80.8,0.836,Available signals are normal range; optional check-in changed most.,Sustainable
hard_workout,25,2026-01-25,97.4,0.859,94.8,0.702,80.7,0.838,Available signals are normal range; optional check-in changed most.,Sustainable
hard_workout,26,2026-01-26,97.0,0.863,91.0,0.704,81.4,0.84,Available signals are normal range; optional check-in changed most.,Sustainable
hard_workout,27,2026-01-27,97.2,0.858,94.8,0.702,84.1,0.842,Available signals are normal range; optional check-in changed most.,Sustainable
hard_workout,28,2026-01-28,89.8,0.875,90.8,0.71,86.8,0.844,Available signals are normal range; optional check-in changed most.,Sustainable
hard_workout,29,2026-01-29,98.1,0.86,94.6,0.703,80.5,0.846,Available signals are normal range; optional check-in changed most.,Sustainable
hard_workout,30,2026-01-30,97.9,0.862,92.7,0.704,90.5,0.847,Available signals are normal range; optional check-in changed most.,Sustainable
hard_workout,31,2026-01-31,99.5,0.89,95.1,0.717,84.6,0.848,Available signals are normal range; optional check-in changed most.,Sustainable
hard_workout,32,2026-02-01,96.8,0.891,91.2,0.718,82.4,0.849,Available signals are normal range; optional check-in changed most.,Sustainable
hard_workout,33,2026-02-02,97.4,0.864,92.6,0.706,84.0,0.851,Available signals are normal range; optional check-in changed most.,Sustainable
hard_workout,34,2026-02-03,97.9,0.875,87.1,0.711,85.3,0.852,Available signals are normal range; overnight pulse deviation changed most.,Sustainable
hard_workout,35,2026-02-04,97.9,0.888,95.5,0.716,83.7,0.853,Available signals are normal range; optional check-in changed most.,Sustainable
hard_workout,36,2026-02-05,98.9,0.878,96.3,0.712,82.6,0.855,Available signals are normal range; optional check-in changed most.,Sustainable
hard_workout,37,2026-02-06,98.0,0.871,94.9,0.709,84.7,0.856,Available signals are normal range; optional check-in changed most.,Sustainable
hard_workout,38,2026-02-07,98.0,0.898,91.3,0.722,80.2,0.857,Available signals are normal range; optional check-in changed most.,Sustainable
hard_workout,39,2026-02-08,95.1,0.89,92.6,0.718,86.2,0.858,Available signals are normal range; optional check-in changed most.,Sustainable
hard_workout,40,2026-02-09,97.7,0.895,93.8,0.721,84.9,0.86,Available signals are normal range; optional check-in changed most.,Sustainable
hard_workout,41,2026-02-10,92.5,0.886,87.5,0.717,80.4,0.861,Available signals are normal range; optional check-in changed most.,Sustainable
hard_workout,42,2026-02-11,98.5,0.909,91.8,0.727,79.0,0.862,Available signals are normal range; optional check-in changed most.,Building
hard_workout,43,2026-02-12,92.2,0.886,87.8,0.717,78.4,0.863,Available signals are normal range; optional check-in changed most.,Building
hard_workout,44,2026-02-13,92.6,0.915,88.9,0.73,75.8,0.864,Available signals are normal range; optional check-in changed most.,Building
hard_workout,45,2026-02-14,98.3,0.906,91.6,0.726,87.2,0.866,Available signals are normal range; optional check-in changed most.,Sustainable
hard_workout,46,2026-02-15,96.5,0.901,91.9,0.724,79.2,0.867,Available signals are normal range; optional check-in changed most.,Building
hard_workout,47,2026-02-16,96.5,0.895,85.0,0.721,81.1,0.868,Available signals are normal range; overnight pulse deviation changed most.,Sustainable
hard_workout,48,2026-02-17,96.2,0.913,90.8,0.73,80.1,0.87,Available signals are normal range; optional check-in changed most.,Sustainable
hard_workout,49,2026-02-18,88.7,0.925,91.0,0.735,81.0,0.871,Available signals are normal range; optional check-in changed most.,Sustainable
hard_workout,50,2026-02-19,89.3,0.906,90.1,0.727,82.4,0.872,Available signals are normal range; optional check-in changed most.,Sustainable
hard_workout,51,2026-02-20,95.4,0.917,87.1,0.732,79.6,0.873,Available signals are normal range; overnight pulse deviation changed most.,Building
hard_workout,52,2026-02-21,99.3,0.936,96.0,0.741,84.6,0.874,Available signals are normal range; optional check-in changed most.,Sustainable
hard_workout,53,2026-02-22,99.0,0.921,91.5,0.734,77.6,0.876,Available signals are normal range; optional check-in changed most.,Building
hard_workout,54,2026-02-23,94.2,0.922,92.1,0.735,81.4,0.877,Available signals are normal range; optional check-in changed most.,Sustainable
hard_workout,55,2026-02-24,97.8,0.911,88.4,0.73,82.9,0.878,Available signals are normal range; optional check-in changed most.,Sustainable
hard_workout,56,2026-02-25,99.2,0.94,86.2,0.743,78.1,0.879,Available signals are normal range; overnight pulse deviation changed most.,Building
hard_workout,57,2026-02-26,90.5,0.914,84.7,0.732,85.4,0.881,Available signals are normal range; optional check-in changed most.,Sustainable
hard_workout,58,2026-02-27,98.6,0.923,93.1,0.736,81.8,0.882,Available signals are normal range; optional check-in changed most.,Sustainable
hard_workout,59,2026-02-28,98.2,0.917,86.5,0.733,86.4,0.882,Available signals are normal range; overnight pulse deviation changed most.,Sustainable
hard_workout,60,2026-03-01,94.2,0.917,93.5,0.733,80.3,0.882,Available signals are normal range; optional check-in changed most.,Sustainable
hard_workout,61,2026-03-02,89.3,0.941,90.4,0.744,78.4,0.882,Available signals are normal range; optional check-in changed most.,Building
hard_workout,62,2026-03-03,97.8,0.943,92.3,0.745,83.0,0.882,Available signals are normal range; optional check-in changed most.,Sustainable
hard_workout,63,2026-03-04,97.0,0.933,94.5,0.74,84.2,0.882,Available signals are normal range; optional check-in changed most.,Sustainable
hard_workout,64,2026-03-05,95.1,0.939,93.3,0.743,81.2,0.882,Available signals are normal range; optional check-in changed most.,Sustainable
hard_workout,65,2026-03-06,97.7,0.937,92.0,0.742,84.8,0.882,Available signals are normal range; optional check-in changed most.,Sustainable
hard_workout,66,2026-03-07,97.4,0.948,93.9,0.747,78.8,0.882,Available signals are normal range; optional check-in changed most.,Building
hard_workout,67,2026-03-08,98.3,0.939,95.4,0.743,87.4,0.882,Available signals are normal range; optional check-in changed most.,Sustainable
hard_workout,68,2026-03-09,98.3,0.933,84.0,0.74,82.7,0.882,Available signals are normal range; overnight pulse deviation changed most.,Sustainable
hard_workout,69,2026-03-10,97.6,0.919,94.7,0.734,84.1,0.882,Available signals are normal range; optional check-in changed most.,Sustainable
hard_workout,70,2026-03-11,93.2,0.92,90.7,0.734,80.7,0.882,Available signals are normal range; optional check-in changed most.,Sustainable
hard_workout,71,2026-03-12,97.6,0.946,94.9,0.746,85.6,0.882,Available signals are normal range; optional check-in changed most.,Sustainable
hard_workout,72,2026-03-13,96.9,0.93,89.5,0.739,85.4,0.882,Available signals are normal range; optional check-in changed most.,Sustainable
hard_workout,73,2026-03-14,98.4,0.928,92.6,0.738,77.6,0.882,Available signals are normal range; optional check-in changed most.,Building
hard_workout,74,2026-03-15,98.5,0.93,90.2,0.739,79.4,0.882,Available signals are normal range; optional check-in changed most.,Building
hard_workout,75,2026-03-16,97.0,0.929,87.9,0.738,81.5,0.882,Available signals are normal range; optional check-in changed most.,Sustainable
hard_workout,76,2026-03-17,92.2,0.937,87.2,0.742,76.1,0.882,Available signals are normal range; optional check-in changed most.,Building
hard_workout,77,2026-03-18,98.1,0.947,89.1,0.747,85.6,0.882,Available signals are normal range; optional check-in changed most.,Sustainable
hard_workout,78,2026-03-19,92.3,0.95,92.7,0.748,83.5,0.882,Available signals are normal range; optional check-in changed most.,Sustainable
hard_workout,79,2026-03-20,95.6,0.932,91.2,0.74,81.7,0.882,Available signals are normal range; optional check-in changed most.,Sustainable
hard_workout,80,2026-03-21,97.2,0.93,88.8,0.739,74.5,0.882,Available signals are normal range; optional check-in changed most.,Building
hard_workout,81,2026-03-22,98.3,0.949,93.9,0.747,83.9,0.882,Available signals are normal range; optional check-in changed most.,Sustainable
hard_workout,82,2026-03-23,88.9,0.944,85.1,0.745,81.5,0.882,Available signals are normal range; optional check-in changed most.,Sustainable
hard_workout,83,2026-03-24,97.0,0.928,88.7,0.738,84.6,0.882,Available signals are normal range; optional check-in changed most.,Sustainable
hard_workout,84,2026-03-25,97.1,0.916,91.2,0.733,81.5,0.882,Available signals are normal range; optional check-in changed most.,Sustainable
hard_workout,85,2026-03-26,98.1,0.946,90.2,0.746,77.6,0.882,Available signals are normal range; optional check-in changed most.,Building
hard_workout,86,2026-03-27,97.7,0.942,92.6,0.744,85.5,0.882,Available signals are normal range; optional check-in changed most.,Sustainable
hard_workout,87,2026-03-28,95.3,0.925,93.5,0.737,77.4,0.882,Available signals are normal range; optional check-in changed most.,Building
hard_workout,88,2026-03-29,98.1,0.947,95.4,0.746,81.0,0.882,Available signals are normal range; optional check-in changed most.,Sustainable
hard_workout,89,2026-03-30,95.8,0.925,83.8,0.737,77.1,0.882,Available signals are normal range; overnight pulse deviation changed most.,Building
hard_workout,90,2026-03-31,92.6,0.926,84.7,0.737,85.7,0.882,Recent load was above your usual range; that can temporarily lower Recovery.,Sustainable
swimming_day,1,2026-01-01,95.4,0.717,92.5,0.629,92.2,0.762,Available signals are normal range; optional check-in changed most.,Sustainable
swimming_day,2,2026-01-02,98.5,0.717,94.1,0.629,99.2,0.762,Available signals are normal range; optional check-in changed most.,Sustainable
swimming_day,3,2026-01-03,99.3,0.787,94.1,0.664,95.3,0.791,Available signals are normal range; optional check-in changed most.,Sustainable
swimming_day,4,2026-01-04,96.0,0.799,86.5,0.67,96.1,0.793,Available signals are normal range; overnight pulse deviation changed most.,Sustainable
swimming_day,5,2026-01-05,97.6,0.78,94.3,0.661,92.6,0.795,Available signals are normal range; optional check-in changed most.,Sustainable
swimming_day,6,2026-01-06,94.6,0.804,92.0,0.672,95.6,0.797,Available signals are normal range; optional check-in changed most.,Sustainable
swimming_day,7,2026-01-07,93.0,0.809,86.8,0.675,87.0,0.799,Available signals are normal range; optional check-in changed most.,Sustainable
swimming_day,8,2026-01-08,97.6,0.808,94.3,0.675,93.7,0.802,Available signals are normal range; optional check-in changed most.,Sustainable
swimming_day,9,2026-01-09,91.5,0.817,91.8,0.679,94.0,0.804,Available signals are normal range; optional check-in changed most.,Sustainable
swimming_day,10,2026-01-10,94.0,0.798,88.6,0.67,94.3,0.806,Available signals are normal range; optional check-in changed most.,Sustainable
swimming_day,11,2026-01-11,87.6,0.8,84.3,0.672,98.3,0.808,Available signals are normal range; optional check-in changed most.,Sustainable
swimming_day,12,2026-01-12,94.4,0.823,92.8,0.682,97.5,0.81,Available signals are normal range; optional check-in changed most.,Sustainable
swimming_day,13,2026-01-13,97.7,0.812,91.6,0.678,95.0,0.812,Available signals are normal range; optional check-in changed most.,Sustainable
swimming_day,14,2026-01-14,92.5,0.813,92.9,0.678,94.5,0.815,Available signals are normal range; optional check-in changed most.,Sustainable
swimming_day,15,2026-01-15,98.7,0.822,91.4,0.683,93.4,0.817,Available signals are normal range; optional check-in changed most.,Sustainable
swimming_day,16,2026-01-16,97.6,0.814,90.7,0.679,91.6,0.819,Available signals are normal range; optional check-in changed most.,Sustainable
swimming_day,17,2026-01-17,97.1,0.82,93.3,0.682,97.1,0.821,Available signals are normal range; optional check-in changed most.,Sustainable
swimming_day,18,2026-01-18,91.6,0.827,90.7,0.686,95.1,0.823,Available signals are normal range; optional check-in changed most.,Sustainable
swimming_day,19,2026-01-19,98.1,0.854,89.8,0.698,96.8,0.825,Available signals are normal range; optional check-in changed most.,Sustainable
swimming_day,20,2026-01-20,95.5,0.857,89.4,0.699,93.9,0.827,Available signals are normal range; optional check-in changed most.,Sustainable
swimming_day,21,2026-01-21,99.0,0.851,95.2,0.697,97.7,0.83,Available signals are normal range; optional check-in changed most.,Sustainable
swimming_day,22,2026-01-22,89.6,0.834,92.1,0.69,95.9,0.832,Available signals are normal range; optional check-in changed most.,Sustainable
swimming_day,23,2026-01-23,98.5,0.859,92.2,0.701,97.6,0.834,Available signals are normal range; optional check-in changed most.,Sustainable
swimming_day,24,2026-01-24,94.6,0.845,90.9,0.695,99.0,0.836,Available signals are normal range; optional check-in changed most.,Sustainable
swimming_day,25,2026-01-25,97.7,0.871,93.3,0.707,92.3,0.838,Available signals are normal range; optional check-in changed most.,Sustainable
swimming_day,26,2026-01-26,95.6,0.848,93.4,0.697,93.6,0.84,Available signals are normal range; optional check-in changed most.,Sustainable
swimming_day,27,2026-01-27,97.5,0.851,94.3,0.699,99.3,0.842,Available signals are normal range; optional check-in changed most.,Sustainable
swimming_day,28,2026-01-28,92.2,0.885,90.3,0.714,97.6,0.844,Available signals are normal range; optional check-in changed most.,Sustainable
swimming_day,29,2026-01-29,96.6,0.873,95.2,0.709,98.7,0.846,Available signals are normal range; optional check-in changed most.,Sustainable
swimming_day,30,2026-01-30,96.7,0.869,93.5,0.708,91.3,0.847,Available signals are normal range; optional check-in changed most.,Sustainable
swimming_day,31,2026-01-31,99.3,0.87,88.5,0.708,99.5,0.848,Available signals are normal range; overnight pulse deviation changed most.,Sustainable
swimming_day,32,2026-02-01,93.7,0.888,93.3,0.716,98.6,0.849,Available signals are normal range; optional check-in changed most.,Sustainable
swimming_day,33,2026-02-02,97.9,0.891,89.0,0.718,96.9,0.851,Available signals are normal range; optional check-in changed most.,Sustainable
swimming_day,34,2026-02-03,97.8,0.866,96.0,0.707,99.8,0.852,Available signals are normal range; optional check-in changed most.,Sustainable
swimming_day,35,2026-02-04,98.7,0.895,81.9,0.72,94.9,0.853,Available signals are some recovery may help; overnight pulse deviation changed most.,Sustainable
swimming_day,36,2026-02-05,98.5,0.884,90.4,0.715,93.8,0.855,Available signals are normal range; optional check-in changed most.,Sustainable
swimming_day,37,2026-02-06,98.4,0.887,95.8,0.716,94.5,0.856,Available signals are normal range; optional check-in changed most.,Sustainable
swimming_day,38,2026-02-07,97.2,0.897,90.9,0.721,92.8,0.857,Available signals are normal range; optional check-in changed most.,Sustainable
swimming_day,39,2026-02-08,98.9,0.884,93.7,0.715,96.2,0.858,Available signals are normal range; optional check-in changed most.,Sustainable
swimming_day,40,2026-02-09,95.9,0.886,92.8,0.717,97.5,0.86,Available signals are normal range; optional check-in changed most.,Sustainable
swimming_day,41,2026-02-10,96.6,0.886,89.6,0.717,95.1,0.861,Available signals are normal range; optional check-in changed most.,Sustainable
swimming_day,42,2026-02-11,95.2,0.889,92.8,0.718,96.0,0.862,Available signals are normal range; optional check-in changed most.,Sustainable
swimming_day,43,2026-02-12,99.2,0.893,94.5,0.72,91.5,0.863,Available signals are normal range; optional check-in changed most.,Sustainable
swimming_day,44,2026-02-13,98.2,0.898,93.4,0.723,95.8,0.864,Available signals are normal range; optional check-in changed most.,Sustainable
swimming_day,45,2026-02-14,93.0,0.918,91.3,0.732,89.0,0.866,Available signals are normal range; optional check-in changed most.,Sustainable
swimming_day,46,2026-02-15,97.4,0.911,88.6,0.729,98.8,0.867,Available signals are normal range; optional check-in changed most.,Sustainable
swimming_day,47,2026-02-16,94.1,0.901,91.6,0.724,95.0,0.868,Available signals are normal range; optional check-in changed most.,Sustainable
swimming_day,48,2026-02-17,97.3,0.903,91.4,0.725,91.9,0.87,Available signals are normal range; optional check-in changed most.,Sustainable
swimming_day,49,2026-02-18,98.9,0.913,96.3,0.73,98.0,0.871,Available signals are normal range; optional check-in changed most.,Sustainable
swimming_day,50,2026-02-19,97.8,0.907,95.9,0.727,87.9,0.872,Available signals are normal range; optional check-in changed most.,Sustainable
swimming_day,51,2026-02-20,92.9,0.927,88.6,0.736,98.9,0.873,Available signals are normal range; optional check-in changed most.,Sustainable
swimming_day,52,2026-02-21,96.0,0.936,93.7,0.74,93.4,0.874,Available signals are normal range; optional check-in changed most.,Sustainable
swimming_day,53,2026-02-22,97.1,0.924,93.0,0.735,95.1,0.876,Available signals are normal range; optional check-in changed most.,Sustainable
swimming_day,54,2026-02-23,97.3,0.928,95.3,0.738,99.8,0.877,Available signals are normal range; optional check-in changed most.,Sustainable
swimming_day,55,2026-02-24,98.1,0.926,89.9,0.737,95.3,0.878,Available signals are normal range; optional check-in changed most.,Sustainable
swimming_day,56,2026-02-25,95.5,0.939,84.4,0.743,98.7,0.879,Available signals are normal range; overnight pulse deviation changed most.,Sustainable
swimming_day,57,2026-02-26,94.7,0.922,93.6,0.735,90.5,0.881,Available signals are normal range; optional check-in changed most.,Sustainable
swimming_day,58,2026-02-27,97.4,0.915,95.6,0.732,94.3,0.882,Available signals are normal range; optional check-in changed most.,Sustainable
swimming_day,59,2026-02-28,98.2,0.925,88.8,0.737,89.6,0.882,Available signals are normal range; optional check-in changed most.,Sustainable
swimming_day,60,2026-03-01,96.6,0.943,90.0,0.745,88.2,0.882,Available signals are normal range; optional check-in changed most.,Sustainable
swimming_day,61,2026-03-02,96.3,0.919,94.2,0.734,91.7,0.882,Available signals are normal range; optional check-in changed most.,Sustainable
swimming_day,62,2026-03-03,98.0,0.931,95.4,0.739,96.7,0.882,Available signals are normal range; optional check-in changed most.,Sustainable
swimming_day,63,2026-03-04,97.5,0.924,89.1,0.736,97.4,0.882,Available signals are normal range; optional check-in changed most.,Sustainable
swimming_day,64,2026-03-05,97.3,0.95,94.7,0.748,99.1,0.882,Available signals are normal range; optional check-in changed most.,Sustainable
swimming_day,65,2026-03-06,91.6,0.936,91.1,0.742,91.5,0.882,Available signals are normal range; optional check-in changed most.,Sustainable
swimming_day,66,2026-03-07,96.9,0.945,93.7,0.745,92.8,0.882,Available signals are normal range; optional check-in changed most.,Sustainable
swimming_day,67,2026-03-08,96.3,0.93,92.2,0.739,90.4,0.882,Available signals are normal range; optional check-in changed most.,Sustainable
swimming_day,68,2026-03-09,99.2,0.925,93.4,0.737,89.5,0.882,Available signals are normal range; optional check-in changed most.,Sustainable
swimming_day,69,2026-03-10,97.1,0.922,84.9,0.735,99.0,0.882,Available signals are normal range; overnight pulse deviation changed most.,Sustainable
swimming_day,70,2026-03-11,97.6,0.921,91.3,0.735,98.2,0.882,Available signals are normal range; optional check-in changed most.,Sustainable
swimming_day,71,2026-03-12,94.4,0.939,89.2,0.743,96.5,0.882,Available signals are normal range; optional check-in changed most.,Sustainable
swimming_day,72,2026-03-13,97.6,0.942,95.3,0.744,92.4,0.882,Available signals are normal range; optional check-in changed most.,Sustainable
swimming_day,73,2026-03-14,96.8,0.942,92.7,0.744,95.8,0.882,Available signals are normal range; optional check-in changed most.,Sustainable
swimming_day,74,2026-03-15,98.5,0.951,91.2,0.748,91.1,0.882,Available signals are normal range; optional check-in changed most.,Sustainable
swimming_day,75,2026-03-16,99.3,0.945,91.6,0.745,96.4,0.882,Available signals are normal range; optional check-in changed most.,Sustainable
swimming_day,76,2026-03-17,91.8,0.921,86.5,0.735,98.3,0.882,Available signals are normal range; optional check-in changed most.,Sustainable
swimming_day,77,2026-03-18,99.2,0.937,88.6,0.742,98.6,0.882,Available signals are normal range; optional check-in changed most.,Sustainable
swimming_day,78,2026-03-19,96.8,0.949,89.0,0.747,94.0,0.882,Available signals are normal range; optional check-in changed most.,Sustainable
swimming_day,79,2026-03-20,98.7,0.93,92.7,0.739,94.4,0.882,Available signals are normal range; optional check-in changed most.,Sustainable
swimming_day,80,2026-03-21,96.6,0.914,93.5,0.732,97.4,0.882,Available signals are normal range; optional check-in changed most.,Sustainable
swimming_day,81,2026-03-22,94.3,0.947,83.7,0.747,95.2,0.882,Available signals are normal range; overnight pulse deviation changed most.,Sustainable
swimming_day,82,2026-03-23,95.6,0.914,88.8,0.732,90.9,0.882,Available signals are normal range; optional check-in changed most.,Sustainable
swimming_day,83,2026-03-24,95.1,0.928,91.1,0.738,97.0,0.882,Available signals are normal range; optional check-in changed most.,Sustainable
swimming_day,84,2026-03-25,96.6,0.946,89.5,0.746,91.5,0.882,Available signals are normal range; optional check-in changed most.,Sustainable
swimming_day,85,2026-03-26,97.4,0.931,89.3,0.739,91.6,0.882,Available signals are normal range; optional check-in changed most.,Sustainable
swimming_day,86,2026-03-27,98.2,0.916,89.6,0.733,89.7,0.882,Available signals are normal range; optional check-in changed most.,Sustainable
swimming_day,87,2026-03-28,96.6,0.917,90.5,0.733,98.7,0.882,Available signals are normal range; optional check-in changed most.,Sustainable
swimming_day,88,2026-03-29,98.9,0.945,89.8,0.746,95.2,0.882,Available signals are normal range; optional check-in changed most.,Sustainable
swimming_day,89,2026-03-30,97.4,0.948,90.9,0.747,94.9,0.882,Available signals are normal range; optional check-in changed most.,Sustainable
swimming_day,90,2026-03-31,97.3,0.919,93.3,0.734,85.4,0.882,Available signals are normal range; optional check-in changed most.,Sustainable
strength_day,1,2026-01-01,97.6,0.725,90.4,0.633,97.1,0.762,Available signals are normal range; optional check-in changed most.,Sustainable
strength_day,2,2026-01-02,94.7,0.724,92.4,0.632,94.8,0.762,Available signals are normal range; optional check-in changed most.,Sustainable
strength_day,3,2026-01-03,95.8,0.795,87.5,0.667,97.7,0.791,Available signals are normal range; overnight pulse deviation changed most.,Sustainable
strength_day,4,2026-01-04,98.3,0.78,91.4,0.661,90.9,0.793,Available signals are normal range; optional check-in changed most.,Sustainable
strength_day,5,2026-01-05,87.3,0.791,86.8,0.666,94.0,0.795,Available signals are normal range; optional check-in changed most.,Sustainable
strength_day,6,2026-01-06,98.2,0.791,95.9,0.666,96.5,0.797,Available signals are normal range; optional check-in changed most.,Sustainable
strength_day,7,2026-01-07,98.4,0.806,91.8,0.673,95.7,0.799,Available signals are normal range; optional check-in changed most.,Sustainable
strength_day,8,2026-01-08,97.2,0.813,89.2,0.677,98.2,0.802,Available signals are normal range; optional check-in changed most.,Sustainable
strength_day,9,2026-01-09,96.0,0.791,88.1,0.667,94.2,0.804,Available signals are normal range; optional check-in changed most.,Sustainable
strength_day,10,2026-01-10,98.2,0.813,89.0,0.677,96.7,0.806,Available signals are normal range; optional check-in changed most.,Sustainable
strength_day,11,2026-01-11,99.0,0.824,90.8,0.683,96.4,0.808,Available signals are normal range; optional check-in changed most.,Sustainable
strength_day,12,2026-01-12,96.9,0.827,92.7,0.684,94.9,0.81,Available signals are normal range; optional check-in changed most.,Sustainable
strength_day,13,2026-01-13,93.9,0.805,90.0,0.674,96.6,0.812,Available signals are normal range; optional check-in changed most.,Sustainable
strength_day,14,2026-01-14,98.2,0.806,91.9,0.675,96.4,0.815,Available signals are normal range; optional check-in changed most.,Sustainable
strength_day,15,2026-01-15,96.0,0.841,92.2,0.691,95.3,0.817,Available signals are normal range; optional check-in changed most.,Sustainable
strength_day,16,2026-01-16,93.9,0.821,89.6,0.682,93.8,0.819,Available signals are normal range; optional check-in changed most.,Sustainable
strength_day,17,2026-01-17,97.8,0.832,86.1,0.687,99.8,0.821,Available signals are normal range; overnight pulse deviation changed most.,Sustainable
strength_day,18,2026-01-18,98.7,0.839,94.7,0.691,99.5,0.823,Available signals are normal range; optional check-in changed most.,Sustainable
strength_day,19,2026-01-19,98.6,0.844,95.2,0.693,87.1,0.825,Available signals are normal range; optional check-in changed most.,Sustainable
strength_day,20,2026-01-20,98.0,0.833,91.3,0.689,95.2,0.827,Available signals are normal range; optional check-in changed most.,Sustainable
strength_day,21,2026-01-21,97.0,0.83,93.5,0.688,96.9,0.83,Available signals are normal range; optional check-in changed most.,Sustainable
strength_day,22,2026-01-22,98.5,0.839,90.9,0.692,99.5,0.832,Available signals are normal range; optional check-in changed most.,Sustainable
strength_day,23,2026-01-23,97.5,0.856,93.0,0.7,91.2,0.834,Available signals are normal range; optional check-in changed most.,Sustainable
strength_day,24,2026-01-24,97.7,0.852,92.7,0.698,98.0,0.836,Available signals are normal range; optional check-in changed most.,Sustainable
strength_day,25,2026-01-25,96.6,0.843,93.5,0.695,95.4,0.838,Available signals are normal range; optional check-in changed most.,Sustainable
strength_day,26,2026-01-26,97.1,0.86,94.4,0.703,95.9,0.84,Available signals are normal range; optional check-in changed most.,Sustainable
strength_day,27,2026-01-27,96.3,0.872,91.3,0.708,91.0,0.842,Available signals are normal range; optional check-in changed most.,Sustainable
strength_day,28,2026-01-28,98.4,0.853,84.9,0.7,90.4,0.844,Available signals are normal range; overnight pulse deviation changed most.,Sustainable
strength_day,29,2026-01-29,92.5,0.885,82.3,0.714,93.5,0.846,Available signals are normal range; overnight pulse deviation changed most.,Sustainable
strength_day,30,2026-01-30,96.9,0.879,88.6,0.712,96.1,0.847,Available signals are normal range; optional check-in changed most.,Sustainable
strength_day,31,2026-01-31,97.3,0.862,94.4,0.704,96.4,0.848,Available signals are normal range; optional check-in changed most.,Sustainable
strength_day,32,2026-02-01,95.7,0.888,92.8,0.716,99.0,0.849,Available signals are normal range; optional check-in changed most.,Sustainable
strength_day,33,2026-02-02,97.7,0.869,88.6,0.708,94.8,0.851,Available signals are normal range; optional check-in changed most.,Sustainable
strength_day,34,2026-02-03,97.0,0.9,92.2,0.722,97.2,0.852,Available signals are normal range; optional check-in changed most.,Sustainable
strength_day,35,2026-02-04,97.7,0.868,90.8,0.708,91.7,0.853,Available signals are normal range; optional check-in changed most.,Sustainable
strength_day,36,2026-02-05,97.6,0.88,93.8,0.713,92.3,0.855,Available signals are normal range; optional check-in changed most.,Sustainable
strength_day,37,2026-02-06,99.2,0.888,90.6,0.717,95.5,0.856,Available signals are normal range; optional check-in changed most.,Sustainable
strength_day,38,2026-02-07,92.3,0.889,93.3,0.718,96.8,0.857,Available signals are normal range; optional check-in changed most.,Sustainable
strength_day,39,2026-02-08,91.2,0.888,91.9,0.717,92.0,0.858,Available signals are normal range; optional check-in changed most.,Sustainable
strength_day,40,2026-02-09,89.3,0.895,87.1,0.72,94.6,0.86,Available signals are normal range; optional check-in changed most.,Sustainable
strength_day,41,2026-02-10,97.2,0.896,86.8,0.721,98.4,0.861,Available signals are normal range; overnight pulse deviation changed most.,Sustainable
strength_day,42,2026-02-11,96.1,0.901,90.7,0.723,97.4,0.862,Available signals are normal range; optional check-in changed most.,Sustainable
strength_day,43,2026-02-12,96.6,0.906,89.7,0.726,95.4,0.863,Available signals are normal range; optional check-in changed most.,Sustainable
strength_day,44,2026-02-13,98.6,0.908,91.6,0.727,96.0,0.864,Available signals are normal range; optional check-in changed most.,Sustainable
strength_day,45,2026-02-14,96.0,0.894,94.9,0.721,95.7,0.866,Available signals are normal range; optional check-in changed most.,Sustainable
strength_day,46,2026-02-15,95.4,0.903,94.7,0.725,96.0,0.867,Available signals are normal range; optional check-in changed most.,Sustainable
strength_day,47,2026-02-16,99.0,0.893,95.3,0.721,94.6,0.868,Available signals are normal range; optional check-in changed most.,Sustainable
strength_day,48,2026-02-17,95.8,0.916,92.4,0.731,99.6,0.87,Available signals are normal range; optional check-in changed most.,Sustainable
strength_day,49,2026-02-18,96.3,0.901,94.9,0.725,92.5,0.871,Available signals are normal range; optional check-in changed most.,Sustainable
strength_day,50,2026-02-19,98.3,0.903,82.8,0.725,92.2,0.872,Available signals are normal range; overnight pulse deviation changed most.,Sustainable
strength_day,51,2026-02-20,97.5,0.911,91.2,0.729,92.8,0.873,Available signals are normal range; optional check-in changed most.,Sustainable
strength_day,52,2026-02-21,92.1,0.907,90.2,0.728,96.7,0.874,Available signals are normal range; optional check-in changed most.,Sustainable
strength_day,53,2026-02-22,98.8,0.928,91.8,0.737,95.7,0.876,Available signals are normal range; optional check-in changed most.,Sustainable
strength_day,54,2026-02-23,97.2,0.934,92.6,0.74,96.6,0.877,Available signals are normal range; optional check-in changed most.,Sustainable
strength_day,55,2026-02-24,97.8,0.935,93.5,0.741,95.7,0.878,Available signals are normal range; optional check-in changed most.,Sustainable
strength_day,56,2026-02-25,95.4,0.944,94.1,0.745,90.6,0.879,Available signals are normal range; optional check-in changed most.,Sustainable
strength_day,57,2026-02-26,92.7,0.936,92.7,0.741,91.2,0.881,Available signals are normal range; optional check-in changed most.,Sustainable
strength_day,58,2026-02-27,95.6,0.931,91.1,0.739,99.3,0.882,Available signals are normal range; optional check-in changed most.,Sustainable
strength_day,59,2026-02-28,87.3,0.947,86.5,0.746,94.6,0.882,Available signals are normal range; optional check-in changed most.,Sustainable
strength_day,60,2026-03-01,97.6,0.923,86.7,0.736,95.3,0.882,Available signals are normal range; optional check-in changed most.,Sustainable
strength_day,61,2026-03-02,97.3,0.95,90.5,0.748,96.4,0.882,Available signals are normal range; optional check-in changed most.,Sustainable
strength_day,62,2026-03-03,92.3,0.927,92.6,0.738,90.8,0.882,Available signals are normal range; optional check-in changed most.,Sustainable
strength_day,63,2026-03-04,98.0,0.945,91.0,0.746,94.2,0.882,Available signals are normal range; optional check-in changed most.,Sustainable
strength_day,64,2026-03-05,78.5,0.934,87.8,0.741,97.4,0.882,Available signals are normal range; optional check-in changed most.,Sustainable
strength_day,65,2026-03-06,96.0,0.935,90.8,0.741,96.1,0.882,Available signals are normal range; optional check-in changed most.,Sustainable
strength_day,66,2026-03-07,97.9,0.948,85.5,0.747,98.2,0.882,Available signals are normal range; overnight pulse deviation changed most.,Sustainable
strength_day,67,2026-03-08,97.4,0.924,94.2,0.736,91.7,0.882,Available signals are normal range; optional check-in changed most.,Sustainable
strength_day,68,2026-03-09,92.0,0.942,87.7,0.744,99.1,0.882,Available signals are normal range; optional check-in changed most.,Sustainable
strength_day,69,2026-03-10,96.8,0.921,93.5,0.735,89.2,0.882,Available signals are normal range; optional check-in changed most.,Sustainable
strength_day,70,2026-03-11,98.7,0.938,90.3,0.742,98.0,0.882,Available signals are normal range; optional check-in changed most.,Sustainable
strength_day,71,2026-03-12,94.3,0.94,92.3,0.743,91.0,0.882,Available signals are normal range; optional check-in changed most.,Sustainable
strength_day,72,2026-03-13,90.9,0.939,89.1,0.743,95.7,0.882,Available signals are normal range; optional check-in changed most.,Sustainable
strength_day,73,2026-03-14,98.2,0.943,94.9,0.745,97.2,0.882,Available signals are normal range; optional check-in changed most.,Sustainable
strength_day,74,2026-03-15,93.5,0.918,93.9,0.733,96.2,0.882,Available signals are normal range; optional check-in changed most.,Sustainable
strength_day,75,2026-03-16,94.2,0.921,92.0,0.735,92.6,0.882,Available signals are normal range; optional check-in changed most.,Sustainable
strength_day,76,2026-03-17,94.7,0.931,90.2,0.739,99.1,0.882,Available signals are normal range; optional check-in changed most.,Sustainable
strength_day,77,2026-03-18,98.8,0.934,95.0,0.741,95.9,0.882,Available signals are normal range; optional check-in changed most.,Sustainable
strength_day,78,2026-03-19,98.4,0.939,91.1,0.743,97.4,0.882,Available signals are normal range; optional check-in changed most.,Sustainable
strength_day,79,2026-03-20,97.1,0.929,93.2,0.739,98.4,0.882,Available signals are normal range; optional check-in changed most.,Sustainable
strength_day,80,2026-03-21,96.4,0.945,94.6,0.745,97.8,0.882,Available signals are normal range; optional check-in changed most.,Sustainable
strength_day,81,2026-03-22,98.2,0.938,93.2,0.743,97.0,0.882,Available signals are normal range; optional check-in changed most.,Sustainable
strength_day,82,2026-03-23,94.4,0.915,89.7,0.732,93.9,0.882,Available signals are normal range; optional check-in changed most.,Sustainable
strength_day,83,2026-03-24,91.4,0.941,82.0,0.744,93.1,0.882,Available signals are normal range; overnight pulse deviation changed most.,Sustainable
strength_day,84,2026-03-25,98.2,0.948,87.3,0.747,96.2,0.882,Available signals are normal range; overnight pulse deviation changed most.,Sustainable
strength_day,85,2026-03-26,95.2,0.923,90.4,0.736,96.2,0.882,Available signals are normal range; optional check-in changed most.,Sustainable
strength_day,86,2026-03-27,97.6,0.917,92.9,0.733,95.9,0.882,Available signals are normal range; optional check-in changed most.,Sustainable
strength_day,87,2026-03-28,93.2,0.921,91.1,0.735,96.5,0.882,Available signals are normal range; optional check-in changed most.,Sustainable
strength_day,88,2026-03-29,98.2,0.945,93.8,0.746,97.7,0.882,Available signals are normal range; optional check-in changed most.,Sustainable
strength_day,89,2026-03-30,93.0,0.934,86.1,0.741,94.9,0.882,Available signals are normal range; overnight pulse deviation changed most.,Sustainable
strength_day,90,2026-03-31,98.2,0.948,93.2,0.747,98.2,0.882,Available signals are normal range; optional check-in changed most.,Sustainable
excessive_load,1,2026-01-01,97.6,0.716,87.2,0.629,98.3,0.762,Available signals are normal range; overnight pulse deviation changed most.,Sustainable
excessive_load,2,2026-01-02,98.9,0.726,96.4,0.633,90.0,0.762,Available signals are normal range; optional check-in changed most.,Sustainable
excessive_load,3,2026-01-03,98.8,0.795,91.2,0.667,98.4,0.791,Available signals are normal range; optional check-in changed most.,Sustainable
excessive_load,4,2026-01-04,97.0,0.777,94.5,0.66,93.5,0.793,Available signals are normal range; optional check-in changed most.,Sustainable
excessive_load,5,2026-01-05,96.3,0.791,92.4,0.666,88.6,0.795,Available signals are normal range; optional check-in changed most.,Sustainable
excessive_load,6,2026-01-06,90.9,0.775,90.0,0.659,96.8,0.797,Available signals are normal range; optional check-in changed most.,Sustainable
excessive_load,7,2026-01-07,97.3,0.811,88.6,0.675,92.9,0.799,Available signals are normal range; optional check-in changed most.,Sustainable
excessive_load,8,2026-01-08,96.3,0.815,91.5,0.678,95.3,0.802,Available signals are normal range; optional check-in changed most.,Sustainable
excessive_load,9,2026-01-09,97.3,0.805,92.6,0.673,94.9,0.804,Available signals are normal range; optional check-in changed most.,Sustainable
excessive_load,10,2026-01-10,98.6,0.801,92.5,0.672,96.3,0.806,Available signals are normal range; optional check-in changed most.,Sustainable
excessive_load,11,2026-01-11,97.3,0.805,90.5,0.674,96.9,0.808,Available signals are normal range; optional check-in changed most.,Sustainable
excessive_load,12,2026-01-12,99.3,0.831,95.3,0.686,93.9,0.81,Available signals are normal range; optional check-in changed most.,Sustainable
excessive_load,13,2026-01-13,98.2,0.82,95.1,0.681,95.8,0.812,Available signals are normal range; optional check-in changed most.,Sustainable
excessive_load,14,2026-01-14,96.9,0.816,89.5,0.68,98.3,0.815,Available signals are normal range; optional check-in changed most.,Sustainable
excessive_load,15,2026-01-15,96.0,0.81,93.6,0.677,94.7,0.817,Available signals are normal range; optional check-in changed most.,Sustainable
excessive_load,16,2026-01-16,97.3,0.818,90.2,0.681,95.3,0.819,Available signals are normal range; optional check-in changed most.,Sustainable
excessive_load,17,2026-01-17,95.1,0.845,87.0,0.693,97.0,0.821,Available signals are normal range; optional check-in changed most.,Sustainable
excessive_load,18,2026-01-18,97.6,0.851,91.7,0.696,94.5,0.823,Available signals are normal range; optional check-in changed most.,Sustainable
excessive_load,19,2026-01-19,98.2,0.837,91.5,0.691,97.0,0.825,Available signals are normal range; optional check-in changed most.,Sustainable
excessive_load,20,2026-01-20,93.8,0.855,93.7,0.698,95.8,0.827,Available signals are normal range; optional check-in changed most.,Sustainable
excessive_load,21,2026-01-21,98.5,0.861,93.1,0.702,93.3,0.83,Available signals are normal range; optional check-in changed most.,Sustainable
excessive_load,22,2026-01-22,93.4,0.855,92.2,0.699,95.7,0.832,Available signals are normal range; optional check-in changed most.,Sustainable
excessive_load,23,2026-01-23,96.8,0.854,93.0,0.699,90.3,0.834,Available signals are normal range; optional check-in changed most.,Sustainable
excessive_load,24,2026-01-24,91.5,0.868,91.7,0.706,97.3,0.836,Available signals are normal range; optional check-in changed most.,Sustainable
excessive_load,25,2026-01-25,97.0,0.863,91.8,0.704,94.6,0.838,Available signals are normal range; optional check-in changed most.,Sustainable
excessive_load,26,2026-01-26,97.8,0.87,96.0,0.707,95.3,0.84,Available signals are normal range; optional check-in changed most.,Sustainable
excessive_load,27,2026-01-27,93.7,0.856,93.8,0.701,97.0,0.842,Available signals are normal range; optional check-in changed most.,Sustainable
excessive_load,28,2026-01-28,99.3,0.859,94.7,0.703,96.8,0.844,Available signals are normal range; optional check-in changed most.,Sustainable
excessive_load,29,2026-01-29,98.2,0.89,89.8,0.716,98.4,0.846,Available signals are normal range; optional check-in changed most.,Sustainable
excessive_load,30,2026-01-30,95.3,0.889,93.9,0.716,97.5,0.847,Available signals are normal range; optional check-in changed most.,Sustainable
excessive_load,31,2026-01-31,97.9,0.891,90.7,0.717,92.8,0.848,Available signals are normal range; optional check-in changed most.,Sustainable
excessive_load,32,2026-02-01,90.2,0.877,90.4,0.711,95.8,0.849,Available signals are normal range; optional check-in changed most.,Sustainable
excessive_load,33,2026-02-02,87.8,0.88,91.6,0.713,96.3,0.851,Available signals are normal range; optional check-in changed most.,Sustainable
excessive_load,34,2026-02-03,96.8,0.888,76.9,0.716,98.8,0.852,Available signals are some recovery may help; overnight pulse deviation changed most.,Sustainable
excessive_load,35,2026-02-04,98.1,0.9,92.6,0.722,98.1,0.853,Available signals are normal range; optional check-in changed most.,Sustainable
excessive_load,36,2026-02-05,98.3,0.889,83.3,0.717,91.5,0.855,Available signals are normal range; overnight pulse deviation changed most.,Sustainable
excessive_load,37,2026-02-06,98.3,0.879,91.1,0.713,97.7,0.856,Available signals are normal range; optional check-in changed most.,Sustainable
excessive_load,38,2026-02-07,98.1,0.897,90.3,0.721,94.0,0.857,Available signals are normal range; optional check-in changed most.,Sustainable
excessive_load,39,2026-02-08,96.6,0.905,94.6,0.725,97.1,0.858,Available signals are normal range; optional check-in changed most.,Sustainable
excessive_load,40,2026-02-09,97.8,0.89,88.0,0.718,93.4,0.86,Available signals are normal range; overnight pulse deviation changed most.,Sustainable
excessive_load,41,2026-02-10,99.5,0.904,93.0,0.725,94.4,0.861,Available signals are normal range; optional check-in changed most.,Sustainable
excessive_load,42,2026-02-11,97.8,0.899,93.2,0.723,97.3,0.862,Available signals are normal range; optional check-in changed most.,Sustainable
excessive_load,43,2026-02-12,97.9,0.908,94.0,0.727,99.9,0.863,Available signals are normal range; optional check-in changed most.,Sustainable
excessive_load,44,2026-02-13,96.7,0.903,91.9,0.725,90.6,0.864,Available signals are normal range; optional check-in changed most.,Sustainable
excessive_load,45,2026-02-14,98.4,0.919,92.2,0.732,99.8,0.866,Available signals are normal range; optional check-in changed most.,Sustainable
excessive_load,46,2026-02-15,96.4,0.898,87.2,0.723,89.2,0.867,Available signals are normal range; overnight pulse deviation changed most.,Sustainable
excessive_load,47,2026-02-16,96.8,0.918,93.0,0.732,94.8,0.868,Available signals are normal range; optional check-in changed most.,Sustainable
excessive_load,48,2026-02-17,98.0,0.91,92.5,0.729,88.7,0.87,Available signals are normal range; optional check-in changed most.,Sustainable
excessive_load,49,2026-02-18,96.3,0.931,91.9,0.738,99.1,0.871,Available signals are normal range; optional check-in changed most.,Sustainable
excessive_load,50,2026-02-19,97.3,0.902,95.1,0.725,95.1,0.872,Available signals are normal range; optional check-in changed most.,Sustainable
excessive_load,51,2026-02-20,96.0,0.932,92.7,0.739,97.4,0.873,Available signals are normal range; optional check-in changed most.,Sustainable
excessive_load,52,2026-02-21,96.8,0.918,90.6,0.733,93.3,0.874,Available signals are normal range; optional check-in changed most.,Sustainable
excessive_load,53,2026-02-22,97.9,0.936,94.1,0.741,96.2,0.876,Available signals are normal range; optional check-in changed most.,Sustainable
excessive_load,54,2026-02-23,98.0,0.939,92.0,0.742,97.4,0.877,Available signals are normal range; optional check-in changed most.,Sustainable
excessive_load,55,2026-02-24,92.6,0.918,90.3,0.733,97.2,0.878,Available signals are normal range; optional check-in changed most.,Sustainable
excessive_load,56,2026-02-25,97.0,0.921,89.7,0.734,98.2,0.879,Available signals are normal range; optional check-in changed most.,Sustainable
excessive_load,57,2026-02-26,96.2,0.924,93.5,0.736,97.3,0.881,Available signals are normal range; optional check-in changed most.,Sustainable
excessive_load,58,2026-02-27,97.2,0.926,91.5,0.737,93.8,0.882,Available signals are normal range; optional check-in changed most.,Sustainable
excessive_load,59,2026-02-28,91.2,0.933,91.1,0.74,95.1,0.882,Available signals are normal range; optional check-in changed most.,Sustainable
excessive_load,60,2026-03-01,98.1,0.947,93.2,0.747,89.7,0.882,Available signals are normal range; optional check-in changed most.,Sustainable
excessive_load,61,2026-03-02,95.4,0.942,83.8,0.744,95.2,0.882,Available signals are normal range; overnight pulse deviation changed most.,Sustainable
excessive_load,62,2026-03-03,92.9,0.919,92.9,0.734,89.7,0.882,Available signals are normal range; optional check-in changed most.,Sustainable
excessive_load,63,2026-03-04,94.6,0.945,93.5,0.745,99.6,0.882,Available signals are normal range; optional check-in changed most.,Sustainable
excessive_load,64,2026-03-05,97.6,0.937,93.8,0.742,96.4,0.882,Available signals are normal range; optional check-in changed most.,Sustainable
excessive_load,65,2026-03-06,97.1,0.937,91.5,0.742,95.0,0.882,Available signals are normal range; optional check-in changed most.,Sustainable
excessive_load,66,2026-03-07,98.9,0.928,87.2,0.738,92.6,0.882,Available signals are normal range; optional check-in changed most.,Sustainable
excessive_load,67,2026-03-08,96.6,0.947,90.9,0.747,95.3,0.882,Available signals are normal range; optional check-in changed most.,Sustainable
excessive_load,68,2026-03-09,92.8,0.933,86.0,0.74,96.9,0.882,Available signals are normal range; optional check-in changed most.,Sustainable
excessive_load,69,2026-03-10,97.9,0.919,94.5,0.734,91.2,0.882,Available signals are normal range; optional check-in changed most.,Sustainable
excessive_load,70,2026-03-11,96.4,0.933,89.7,0.74,93.7,0.882,Available signals are normal range; optional check-in changed most.,Sustainable
excessive_load,71,2026-03-12,91.5,0.924,88.8,0.736,95.5,0.882,Available signals are normal range; optional check-in changed most.,Sustainable
excessive_load,72,2026-03-13,97.5,0.932,91.3,0.74,95.8,0.882,Available signals are normal range; optional check-in changed most.,Sustainable
excessive_load,73,2026-03-14,97.2,0.939,92.2,0.743,92.1,0.882,Available signals are normal range; optional check-in changed most.,Sustainable
excessive_load,74,2026-03-15,98.8,0.921,86.9,0.735,89.2,0.882,Available signals are normal range; overnight pulse deviation changed most.,Sustainable
excessive_load,75,2026-03-16,92.4,0.927,93.2,0.737,95.3,0.882,Available signals are normal range; optional check-in changed most.,Sustainable
excessive_load,76,2026-03-17,92.3,0.949,92.6,0.747,95.1,0.882,Available signals are normal range; optional check-in changed most.,Sustainable
excessive_load,77,2026-03-18,98.2,0.933,87.4,0.74,93.5,0.882,Available signals are normal range; overnight pulse deviation changed most.,Sustainable
excessive_load,78,2026-03-19,98.9,0.917,92.0,0.733,93.7,0.882,Available signals are normal range; optional check-in changed most.,Sustainable
excessive_load,79,2026-03-20,97.2,0.927,88.8,0.738,91.6,0.882,Available signals are normal range; optional check-in changed most.,Sustainable
excessive_load,80,2026-03-21,92.6,0.915,84.3,0.732,94.7,0.882,Available signals are normal range; overnight pulse deviation changed most.,Sustainable
excessive_load,81,2026-03-22,98.9,0.924,94.2,0.736,91.4,0.882,Available signals are normal range; optional check-in changed most.,Sustainable
excessive_load,82,2026-03-23,97.9,0.934,93.0,0.741,95.0,0.882,Available signals are normal range; optional check-in changed most.,Sustainable
excessive_load,83,2026-03-24,96.9,0.938,93.4,0.743,91.5,0.882,Available signals are normal range; optional check-in changed most.,Sustainable
excessive_load,84,2026-03-25,95.8,0.932,92.8,0.74,93.2,0.882,Available signals are normal range; optional check-in changed most.,Sustainable
excessive_load,85,2026-03-26,97.7,0.932,89.3,0.74,94.7,0.882,Available signals are normal range; optional check-in changed most.,Sustainable
excessive_load,86,2026-03-27,97.2,0.918,63.6,0.734,76.7,0.882,Recent load was above your usual range; that can temporarily lower Recovery.,Building
excessive_load,87,2026-03-28,98.7,0.934,70.4,0.741,76.9,0.882,Recent load was above your usual range; that can temporarily lower Recovery.,Building
excessive_load,88,2026-03-29,97.4,0.916,68.9,0.733,77.9,0.882,Recent load was above your usual range; that can temporarily lower Recovery.,Building
excessive_load,89,2026-03-30,95.8,0.923,68.6,0.736,75.2,0.882,Recent load was above your usual range; that can temporarily lower Recovery.,Building
excessive_load,90,2026-03-31,96.7,0.946,68.5,0.746,77.0,0.882,Recent load was above your usual range; that can temporarily lower Recovery.,Building
extended_inactivity,1,2026-01-01,86.4,0.726,87.7,0.633,43.5,0.762,Available signals are normal range; optional check-in changed most.,Light
extended_inactivity,2,2026-01-02,84.2,0.723,85.3,0.632,42.7,0.762,Available signals are normal range; optional check-in changed most.,Light
extended_inactivity,3,2026-01-03,76.8,0.771,78.2,0.657,42.8,0.791,Available signals are some recovery may help; optional check-in changed most.,Light
extended_inactivity,4,2026-01-04,85.1,0.774,89.7,0.659,43.6,0.793,Available signals are normal range; optional check-in changed most.,Light
extended_inactivity,5,2026-01-05,85.8,0.79,88.2,0.666,43.1,0.795,Available signals are normal range; optional check-in changed most.,Light
extended_inactivity,6,2026-01-06,85.3,0.809,89.3,0.674,43.3,0.797,Available signals are normal range; optional check-in changed most.,Light
extended_inactivity,7,2026-01-07,85.6,0.794,83.1,0.668,43.4,0.799,Available signals are normal range; overnight pulse deviation changed most.,Light
extended_inactivity,8,2026-01-08,85.6,0.807,83.4,0.674,43.2,0.802,Available signals are normal range; optional check-in changed most.,Light
extended_inactivity,9,2026-01-09,84.6,0.795,88.3,0.669,43.4,0.804,Available signals are normal range; optional check-in changed most.,Light
extended_inactivity,10,2026-01-10,84.1,0.795,85.3,0.669,43.2,0.806,Available signals are normal range; optional check-in changed most.,Light
extended_inactivity,11,2026-01-11,83.2,0.826,84.8,0.683,43.3,0.808,Available signals are normal range; optional check-in changed most.,Light
extended_inactivity,12,2026-01-12,85.6,0.815,89.8,0.679,42.8,0.81,Available signals are normal range; optional check-in changed most.,Light
extended_inactivity,13,2026-01-13,85.5,0.805,87.5,0.675,43.4,0.812,Available signals are normal range; optional check-in changed most.,Light
extended_inactivity,14,2026-01-14,85.1,0.817,89.3,0.68,43.1,0.815,Available signals are normal range; optional check-in changed most.,Light
extended_inactivity,15,2026-01-15,82.0,0.829,88.9,0.686,43.5,0.817,Available signals are normal range; optional check-in changed most.,Light
extended_inactivity,16,2026-01-16,85.8,0.833,88.8,0.688,43.6,0.819,Available signals are normal range; optional check-in changed most.,Light
extended_inactivity,17,2026-01-17,85.6,0.818,87.5,0.681,43.3,0.821,Available signals are normal range; optional check-in changed most.,Light
extended_inactivity,18,2026-01-18,85.1,0.843,90.4,0.693,43.6,0.823,Available signals are normal range; optional check-in changed most.,Light
extended_inactivity,19,2026-01-19,79.1,0.839,81.4,0.691,43.2,0.825,Available signals are some recovery may help; optional check-in changed most.,Light
extended_inactivity,20,2026-01-20,84.6,0.838,81.5,0.691,43.5,0.827,Available signals are some recovery may help; overnight pulse deviation changed most.,Light
extended_inactivity,21,2026-01-21,82.4,0.842,87.6,0.693,42.4,0.83,Available signals are normal range; optional check-in changed most.,Light
extended_inactivity,22,2026-01-22,84.7,0.864,84.5,0.703,43.2,0.832,Available signals are normal range; optional check-in changed most.,Light
extended_inactivity,23,2026-01-23,86.2,0.859,84.7,0.701,43.6,0.834,Available signals are normal range; optional check-in changed most.,Light
extended_inactivity,24,2026-01-24,86.5,0.864,90.3,0.704,43.6,0.836,Available signals are normal range; optional check-in changed most.,Light
extended_inactivity,25,2026-01-25,82.9,0.873,89.3,0.708,43.0,0.838,Available signals are normal range; optional check-in changed most.,Light
extended_inactivity,26,2026-01-26,86.3,0.878,88.9,0.71,43.3,0.84,Available signals are normal range; optional check-in changed most.,Light
extended_inactivity,27,2026-01-27,86.5,0.854,87.7,0.7,43.4,0.842,Available signals are normal range; optional check-in changed most.,Light
extended_inactivity,28,2026-01-28,85.5,0.878,82.5,0.711,43.1,0.844,Available signals are normal range; optional check-in changed most.,Light
extended_inactivity,29,2026-01-29,84.9,0.878,88.2,0.711,43.3,0.846,Available signals are normal range; optional check-in changed most.,Light
extended_inactivity,30,2026-01-30,84.8,0.885,88.2,0.714,43.3,0.847,Available signals are normal range; optional check-in changed most.,Light
extended_inactivity,31,2026-01-31,84.3,0.859,86.0,0.703,43.5,0.848,Available signals are normal range; optional check-in changed most.,Light
extended_inactivity,32,2026-02-01,77.1,0.89,77.3,0.717,43.5,0.849,Available signals are some recovery may help; overnight pulse deviation changed most.,Light
extended_inactivity,33,2026-02-02,85.7,0.865,85.7,0.706,43.2,0.851,Available signals are normal range; optional check-in changed most.,Light
extended_inactivity,34,2026-02-03,85.8,0.872,84.1,0.709,43.4,0.852,Available signals are normal range; optional check-in changed most.,Light
extended_inactivity,35,2026-02-04,83.0,0.901,84.1,0.722,43.5,0.853,Available signals are normal range; optional check-in changed most.,Light
extended_inactivity,36,2026-02-05,83.5,0.886,86.1,0.716,43.5,0.855,Available signals are normal range; optional check-in changed most.,Light
extended_inactivity,37,2026-02-06,81.5,0.882,79.1,0.714,43.3,0.856,Available signals are some recovery may help; overnight pulse deviation changed most.,Light
extended_inactivity,38,2026-02-07,86.1,0.884,89.9,0.715,43.5,0.857,Available signals are normal range; optional check-in changed most.,Light
extended_inactivity,39,2026-02-08,84.8,0.879,88.1,0.713,43.2,0.858,Available signals are normal range; optional check-in changed most.,Light
extended_inactivity,40,2026-02-09,85.9,0.886,90.2,0.716,43.3,0.86,Available signals are normal range; optional check-in changed most.,Light
extended_inactivity,41,2026-02-10,84.9,0.89,89.1,0.719,43.0,0.861,Available signals are normal range; optional check-in changed most.,Light
extended_inactivity,42,2026-02-11,85.7,0.886,87.3,0.717,43.6,0.862,Available signals are normal range; optional check-in changed most.,Light
extended_inactivity,43,2026-02-12,84.5,0.895,82.5,0.721,43.0,0.863,Available signals are normal range; optional check-in changed most.,Light
extended_inactivity,44,2026-02-13,84.2,0.919,85.3,0.732,43.6,0.864,Available signals are normal range; optional check-in changed most.,Light
extended_inactivity,45,2026-02-14,85.8,0.914,88.0,0.73,43.5,0.866,Available signals are normal range; optional check-in changed most.,Light
extended_inactivity,46,2026-02-15,85.6,0.921,86.3,0.733,43.4,0.867,Available signals are normal range; optional check-in changed most.,Light
extended_inactivity,47,2026-02-16,85.1,0.917,89.2,0.731,43.3,0.868,Available signals are normal range; optional check-in changed most.,Light
extended_inactivity,48,2026-02-17,86.1,0.918,89.8,0.732,42.8,0.87,Available signals are normal range; optional check-in changed most.,Light
extended_inactivity,49,2026-02-18,86.4,0.92,90.1,0.733,43.2,0.871,Available signals are normal range; optional check-in changed most.,Light
extended_inactivity,50,2026-02-19,85.6,0.932,86.8,0.738,43.2,0.872,Available signals are normal range; optional check-in changed most.,Light
extended_inactivity,51,2026-02-20,78.6,0.905,83.8,0.727,42.8,0.873,Available signals are normal range; optional check-in changed most.,Light
extended_inactivity,52,2026-02-21,85.4,0.904,87.8,0.726,43.1,0.874,Available signals are normal range; optional check-in changed most.,Light
extended_inactivity,53,2026-02-22,83.2,0.931,85.5,0.738,43.3,0.876,Available signals are normal range; optional check-in changed most.,Light
extended_inactivity,54,2026-02-23,81.1,0.926,76.6,0.736,43.0,0.877,Available signals are some recovery may help; overnight pulse deviation changed most.,Light
extended_inactivity,55,2026-02-24,81.7,0.914,85.3,0.731,43.0,0.878,Available signals are normal range; optional check-in changed most.,Light
extended_inactivity,56,2026-02-25,85.3,0.921,89.5,0.735,43.4,0.879,Available signals are normal range; optional check-in changed most.,Light
extended_inactivity,57,2026-02-26,84.5,0.924,86.4,0.736,43.5,0.881,Available signals are normal range; optional check-in changed most.,Light
extended_inactivity,58,2026-02-27,77.8,0.948,84.7,0.747,43.3,0.882,Available signals are normal range; optional check-in changed most.,Light
extended_inactivity,59,2026-02-28,85.5,0.919,89.7,0.734,43.3,0.882,Available signals are normal range; optional check-in changed most.,Light
extended_inactivity,60,2026-03-01,86.0,0.944,88.0,0.745,42.8,0.882,Available signals are normal range; optional check-in changed most.,Light
extended_inactivity,61,2026-03-02,85.6,0.932,85.5,0.74,43.1,0.882,Available signals are normal range; optional check-in changed most.,Light
extended_inactivity,62,2026-03-03,85.6,0.932,86.7,0.74,42.9,0.882,Available signals are normal range; optional check-in changed most.,Light
extended_inactivity,63,2026-03-04,74.0,0.95,78.2,0.748,43.0,0.882,Available signals are some recovery may help; sleep support changed most.,Light
extended_inactivity,64,2026-03-05,86.0,0.924,85.1,0.736,43.1,0.882,Available signals are normal range; optional check-in changed most.,Light
extended_inactivity,65,2026-03-06,85.5,0.934,89.8,0.741,43.3,0.882,Available signals are normal range; optional check-in changed most.,Light
extended_inactivity,66,2026-03-07,82.8,0.945,86.1,0.745,43.4,0.882,Available signals are normal range; optional check-in changed most.,Light
extended_inactivity,67,2026-03-08,82.0,0.919,88.2,0.734,43.3,0.882,Available signals are normal range; optional check-in changed most.,Light
extended_inactivity,68,2026-03-09,85.2,0.926,86.8,0.737,43.1,0.882,Available signals are normal range; optional check-in changed most.,Light
extended_inactivity,69,2026-03-10,85.0,0.914,84.1,0.732,43.2,0.882,Available signals are normal range; optional check-in changed most.,Light
extended_inactivity,70,2026-03-11,84.6,0.915,89.5,0.732,43.6,0.882,Available signals are normal range; optional check-in changed most.,Light
extended_inactivity,71,2026-03-12,85.0,0.934,84.0,0.741,43.2,0.882,Available signals are normal range; optional check-in changed most.,Light
extended_inactivity,72,2026-03-13,86.3,0.95,88.1,0.748,43.6,0.882,Available signals are normal range; optional check-in changed most.,Light
extended_inactivity,73,2026-03-14,84.9,0.942,90.2,0.744,43.5,0.882,Available signals are normal range; optional check-in changed most.,Light
extended_inactivity,74,2026-03-15,86.3,0.93,90.4,0.739,42.8,0.882,Available signals are normal range; optional check-in changed most.,Light
extended_inactivity,75,2026-03-16,86.2,0.929,89.0,0.738,43.2,0.882,Available signals are normal range; optional check-in changed most.,Light
extended_inactivity,76,2026-03-17,81.5,0.933,79.8,0.74,42.4,0.882,Available signals are some recovery may help; overnight pulse deviation changed most.,Light
extended_inactivity,77,2026-03-18,85.5,0.928,85.7,0.738,43.1,0.882,Available signals are normal range; optional check-in changed most.,Light
extended_inactivity,78,2026-03-19,83.8,0.943,88.6,0.745,43.2,0.882,Available signals are normal range; optional check-in changed most.,Light
extended_inactivity,79,2026-03-20,85.6,0.926,77.1,0.737,41.6,0.882,Available signals are some recovery may help; overnight pulse deviation changed most.,Light
extended_inactivity,80,2026-03-21,82.5,0.924,86.3,0.736,43.5,0.882,Available signals are normal range; optional check-in changed most.,Light
extended_inactivity,81,2026-03-22,85.6,0.936,89.9,0.741,43.6,0.882,Available signals are normal range; optional check-in changed most.,Light
extended_inactivity,82,2026-03-23,84.3,0.924,89.0,0.736,43.4,0.882,Available signals are normal range; optional check-in changed most.,Light
extended_inactivity,83,2026-03-24,85.6,0.93,86.6,0.739,43.4,0.882,Available signals are normal range; optional check-in changed most.,Light
extended_inactivity,84,2026-03-25,84.6,0.932,87.3,0.74,43.4,0.882,Available signals are normal range; optional check-in changed most.,Light
extended_inactivity,85,2026-03-26,81.5,0.943,88.8,0.745,43.3,0.882,Available signals are normal range; optional check-in changed most.,Light
extended_inactivity,86,2026-03-27,81.6,0.923,88.5,0.736,43.3,0.882,Available signals are normal range; optional check-in changed most.,Light
extended_inactivity,87,2026-03-28,86.5,0.948,82.5,0.747,43.6,0.882,Available signals are normal range; overnight pulse deviation changed most.,Light
extended_inactivity,88,2026-03-29,81.5,0.937,82.0,0.742,43.6,0.882,Available signals are normal range; overnight pulse deviation changed most.,Light
extended_inactivity,89,2026-03-30,83.7,0.926,87.6,0.737,43.4,0.882,Available signals are normal range; optional check-in changed most.,Light
extended_inactivity,90,2026-03-31,84.8,0.945,83.3,0.745,42.9,0.882,Available signals are normal range; optional check-in changed most.,Light
illness,1,2026-01-01,97.8,0.741,93.2,0.64,99.4,0.762,Available signals are normal range; optional check-in changed most.,Sustainable
illness,2,2026-01-02,96.5,0.74,94.0,0.639,95.6,0.762,Available signals are normal range; optional check-in changed most.,Sustainable
illness,3,2026-01-03,96.6,0.791,89.1,0.665,98.9,0.791,Available signals are normal range; optional check-in changed most.,Sustainable
illness,4,2026-01-04,93.2,0.781,90.2,0.661,90.9,0.793,Available signals are normal range; optional check-in changed most.,Sustainable
illness,5,2026-01-05,99.4,0.806,93.9,0.673,99.0,0.795,Available signals are normal range; optional check-in changed most.,Sustainable
illness,6,2026-01-06,98.8,0.794,95.9,0.668,92.9,0.797,Available signals are normal range; optional check-in changed most.,Sustainable
illness,7,2026-01-07,98.4,0.795,93.6,0.668,94.9,0.799,Available signals are normal range; optional check-in changed most.,Sustainable
illness,8,2026-01-08,87.8,0.789,91.3,0.666,98.2,0.802,Available signals are normal range; optional check-in changed most.,Sustainable
illness,9,2026-01-09,94.0,0.787,92.6,0.666,96.8,0.804,Available signals are normal range; optional check-in changed most.,Sustainable
illness,10,2026-01-10,99.7,0.794,94.9,0.669,97.9,0.806,Available signals are normal range; optional check-in changed most.,Sustainable
illness,11,2026-01-11,96.4,0.815,94.3,0.678,96.0,0.808,Available signals are normal range; optional check-in changed most.,Sustainable
illness,12,2026-01-12,98.1,0.825,91.6,0.683,92.7,0.81,Available signals are normal range; optional check-in changed most.,Sustainable
illness,13,2026-01-13,99.5,0.808,90.0,0.676,90.9,0.812,Available signals are normal range; optional check-in changed most.,Sustainable
illness,14,2026-01-14,97.1,0.814,90.6,0.679,98.2,0.815,Available signals are normal range; optional check-in changed most.,Sustainable
illness,15,2026-01-15,97.6,0.84,94.8,0.691,97.3,0.817,Available signals are normal range; optional check-in changed most.,Sustainable
illness,16,2026-01-16,99.2,0.809,96.4,0.677,96.0,0.819,Available signals are normal range; optional check-in changed most.,Sustainable
illness,17,2026-01-17,98.4,0.835,92.9,0.689,96.9,0.821,Available signals are normal range; optional check-in changed most.,Sustainable
illness,18,2026-01-18,97.4,0.838,95.3,0.691,96.4,0.823,Available signals are normal range; optional check-in changed most.,Sustainable
illness,19,2026-01-19,93.5,0.833,92.8,0.689,96.4,0.825,Available signals are normal range; optional check-in changed most.,Sustainable
illness,20,2026-01-20,94.4,0.84,93.1,0.692,98.9,0.827,Available signals are normal range; optional check-in changed most.,Sustainable
illness,21,2026-01-21,98.7,0.839,95.2,0.692,96.6,0.83,Available signals are normal range; optional check-in changed most.,Sustainable
illness,22,2026-01-22,92.9,0.833,90.0,0.689,97.1,0.832,Available signals are normal range; optional check-in changed most.,Sustainable
illness,23,2026-01-23,97.7,0.864,93.2,0.704,96.0,0.834,Available signals are normal range; optional check-in changed most.,Sustainable
illness,24,2026-01-24,97.7,0.853,90.4,0.699,100.0,0.836,Available signals are normal range; optional check-in changed most.,Sustainable
illness,25,2026-01-25,88.8,0.877,90.6,0.71,98.0,0.838,Available signals are normal range; optional check-in changed most.,Sustainable
illness,26,2026-01-26,98.8,0.849,95.6,0.698,99.6,0.84,Available signals are normal range; optional check-in changed most.,Sustainable
illness,27,2026-01-27,98.1,0.867,92.2,0.706,94.9,0.842,Available signals are normal range; optional check-in changed most.,Sustainable
illness,28,2026-01-28,90.2,0.868,90.0,0.707,96.7,0.844,Available signals are normal range; optional check-in changed most.,Sustainable
illness,29,2026-01-29,94.0,0.871,89.6,0.708,99.1,0.846,Available signals are normal range; optional check-in changed most.,Sustainable
illness,30,2026-01-30,95.9,0.87,93.0,0.708,99.9,0.847,Available signals are normal range; optional check-in changed most.,Sustainable
illness,31,2026-01-31,96.2,0.894,87.7,0.719,98.7,0.848,Available signals are normal range; optional check-in changed most.,Sustainable
illness,32,2026-02-01,98.6,0.874,93.0,0.71,96.9,0.849,Available signals are normal range; optional check-in changed most.,Sustainable
illness,33,2026-02-02,98.1,0.878,93.0,0.712,96.5,0.851,Available signals are normal range; optional check-in changed most.,Sustainable
illness,34,2026-02-03,97.4,0.865,92.8,0.706,99.0,0.852,Available signals are normal range; optional check-in changed most.,Sustainable
illness,35,2026-02-04,92.1,0.898,89.2,0.721,95.9,0.853,Available signals are normal range; optional check-in changed most.,Sustainable
illness,36,2026-02-05,98.0,0.87,93.1,0.709,95.6,0.855,Available signals are normal range; optional check-in changed most.,Sustainable
illness,37,2026-02-06,97.5,0.895,91.6,0.72,99.0,0.856,Available signals are normal range; optional check-in changed most.,Sustainable
illness,38,2026-02-07,93.3,0.875,91.0,0.711,90.6,0.857,Available signals are normal range; optional check-in changed most.,Sustainable
illness,39,2026-02-08,95.5,0.875,93.5,0.712,98.3,0.858,Available signals are normal range; optional check-in changed most.,Sustainable
illness,40,2026-02-09,97.0,0.886,93.3,0.717,96.2,0.86,Available signals are normal range; optional check-in changed most.,Sustainable
illness,41,2026-02-10,95.2,0.909,89.4,0.727,91.2,0.861,Available signals are normal range; optional check-in changed most.,Sustainable
illness,42,2026-02-11,90.8,0.914,93.0,0.729,94.9,0.862,Available signals are normal range; optional check-in changed most.,Sustainable
illness,43,2026-02-12,95.0,0.899,93.8,0.723,95.0,0.863,Available signals are normal range; optional check-in changed most.,Sustainable
illness,44,2026-02-13,98.3,0.888,93.5,0.718,91.2,0.864,Available signals are normal range; optional check-in changed most.,Sustainable
illness,45,2026-02-14,92.5,0.911,90.7,0.728,99.0,0.866,Available signals are normal range; optional check-in changed most.,Sustainable
illness,46,2026-02-15,91.8,0.892,82.7,0.72,99.0,0.867,Available signals are normal range; overnight pulse deviation changed most.,Sustainable
illness,47,2026-02-16,87.4,0.902,87.4,0.725,95.6,0.868,Available signals are normal range; optional check-in changed most.,Sustainable
illness,48,2026-02-17,98.1,0.894,93.0,0.721,99.7,0.87,Available signals are normal range; optional check-in changed most.,Sustainable
illness,49,2026-02-18,80.2,0.911,84.6,0.729,97.4,0.871,Available signals are normal range; optional check-in changed most.,Sustainable
illness,50,2026-02-19,97.2,0.899,94.7,0.724,97.5,0.872,Available signals are normal range; optional check-in changed most.,Sustainable
illness,51,2026-02-20,96.2,0.906,91.2,0.727,99.5,0.873,Available signals are normal range; optional check-in changed most.,Sustainable
illness,52,2026-02-21,97.8,0.914,93.7,0.731,97.9,0.874,Available signals are normal range; optional check-in changed most.,Sustainable
illness,53,2026-02-22,98.1,0.919,94.9,0.733,99.7,0.876,Available signals are normal range; optional check-in changed most.,Sustainable
illness,54,2026-02-23,97.8,0.913,88.4,0.731,96.5,0.877,Available signals are normal range; optional check-in changed most.,Sustainable
illness,55,2026-02-24,97.6,0.927,93.3,0.737,98.7,0.878,Available signals are normal range; optional check-in changed most.,Sustainable
illness,56,2026-02-25,96.1,0.94,89.6,0.743,96.6,0.879,Available signals are normal range; optional check-in changed most.,Sustainable
illness,57,2026-02-26,97.3,0.942,93.1,0.744,94.9,0.881,Available signals are normal range; optional check-in changed most.,Sustainable
illness,58,2026-02-27,93.5,0.936,87.5,0.742,97.8,0.882,Available signals are normal range; optional check-in changed most.,Sustainable
illness,59,2026-02-28,95.7,0.951,91.5,0.748,96.3,0.882,Available signals are normal range; optional check-in changed most.,Sustainable
illness,60,2026-03-01,99.1,0.94,94.2,0.743,93.9,0.882,Available signals are normal range; optional check-in changed most.,Sustainable
illness,61,2026-03-02,97.9,0.924,94.9,0.736,99.2,0.882,Available signals are normal range; optional check-in changed most.,Sustainable
illness,62,2026-03-03,94.7,0.916,92.2,0.733,96.6,0.882,Available signals are normal range; optional check-in changed most.,Sustainable
illness,63,2026-03-04,99.1,0.917,96.3,0.733,97.5,0.882,Available signals are normal range; optional check-in changed most.,Sustainable
illness,64,2026-03-05,95.9,0.941,93.2,0.744,94.5,0.882,Available signals are normal range; optional check-in changed most.,Sustainable
illness,65,2026-03-06,93.4,0.946,91.0,0.746,94.2,0.882,Available signals are normal range; optional check-in changed most.,Sustainable
illness,66,2026-03-07,97.5,0.915,90.5,0.732,98.2,0.882,Available signals are normal range; optional check-in changed most.,Sustainable
illness,67,2026-03-08,82.5,0.923,86.8,0.736,95.3,0.882,Available signals are normal range; optional check-in changed most.,Sustainable
illness,68,2026-03-09,97.6,0.932,87.4,0.74,94.6,0.882,Available signals are normal range; optional check-in changed most.,Sustainable
illness,69,2026-03-10,97.3,0.925,94.6,0.737,97.1,0.882,Available signals are normal range; optional check-in changed most.,Sustainable
illness,70,2026-03-11,99.2,0.95,93.9,0.748,94.7,0.882,Available signals are normal range; optional check-in changed most.,Sustainable
illness,71,2026-03-12,95.5,0.919,93.1,0.734,92.2,0.882,Available signals are normal range; optional check-in changed most.,Sustainable
illness,72,2026-03-13,94.1,0.932,94.0,0.74,98.2,0.882,Available signals are normal range; optional check-in changed most.,Sustainable
illness,73,2026-03-14,91.1,0.94,91.5,0.743,92.7,0.882,Available signals are normal range; optional check-in changed most.,Sustainable
illness,74,2026-03-15,96.0,0.928,91.3,0.738,91.2,0.882,Available signals are normal range; optional check-in changed most.,Sustainable
illness,75,2026-03-16,97.5,0.932,93.5,0.74,93.5,0.882,Available signals are normal range; optional check-in changed most.,Sustainable
illness,76,2026-03-17,89.6,0.924,90.0,0.736,99.5,0.882,Available signals are normal range; optional check-in changed most.,Sustainable
illness,77,2026-03-18,95.6,0.94,93.8,0.743,93.6,0.882,Available signals are normal range; optional check-in changed most.,Sustainable
illness,78,2026-03-19,97.1,0.949,95.1,0.747,94.4,0.882,Available signals are normal range; optional check-in changed most.,Sustainable
illness,79,2026-03-20,98.3,0.94,95.9,0.743,97.4,0.882,Available signals are normal range; optional check-in changed most.,Sustainable
illness,80,2026-03-21,97.7,0.921,94.7,0.735,95.6,0.882,Available signals are normal range; optional check-in changed most.,Sustainable
illness,81,2026-03-22,93.2,0.942,93.2,0.744,93.6,0.882,Available signals are normal range; optional check-in changed most.,Sustainable
illness,82,2026-03-23,98.1,0.935,95.8,0.741,99.7,0.882,Available signals are normal range; optional check-in changed most.,Sustainable
illness,83,2026-03-24,97.5,0.932,94.0,0.74,95.0,0.882,Available signals are normal range; optional check-in changed most.,Sustainable
illness,84,2026-03-25,99.1,0.95,90.5,0.748,97.0,0.882,Available signals are normal range; optional check-in changed most.,Sustainable
illness,85,2026-03-26,96.2,0.924,94.6,0.736,96.5,0.882,Available signals are normal range; optional check-in changed most.,Sustainable
illness,86,2026-03-27,97.4,0.916,24.0,0.733,,0.75,You logged illness; the app will prioritise rest and avoid performance judgement.,Rest protected
illness,87,2026-03-28,95.6,0.937,23.7,0.742,,0.75,You logged illness; the app will prioritise rest and avoid performance judgement.,Rest protected
illness,88,2026-03-29,96.4,0.925,23.4,0.737,,0.75,You logged illness; the app will prioritise rest and avoid performance judgement.,Rest protected
illness,89,2026-03-30,91.2,0.937,23.3,0.742,,0.75,You logged illness; the app will prioritise rest and avoid performance judgement.,Rest protected
illness,90,2026-03-31,98.0,0.936,24.0,0.742,,0.75,You logged illness; the app will prioritise rest and avoid performance judgement.,Rest protected
alcohol,1,2026-01-01,98.4,0.75,89.1,0.644,79.0,0.762,Available signals are normal range; optional check-in changed most.,Building
alcohol,2,2026-01-02,96.4,0.74,82.8,0.639,81.9,0.762,Available signals are normal range; overnight pulse deviation changed most.,Sustainable
alcohol,3,2026-01-03,97.6,0.797,92.0,0.668,84.7,0.791,Available signals are normal range; optional check-in changed most.,Sustainable
alcohol,4,2026-01-04,96.4,0.77,90.3,0.657,80.5,0.793,Available signals are normal range; optional check-in changed most.,Sustainable
alcohol,5,2026-01-05,94.0,0.802,92.6,0.671,83.5,0.795,Available signals are normal range; optional check-in changed most.,Sustainable
alcohol,6,2026-01-06,99.1,0.798,95.7,0.67,80.8,0.797,Available signals are normal range; optional check-in changed most.,Sustainable
alcohol,7,2026-01-07,96.9,0.779,93.1,0.661,73.2,0.799,Available signals are normal range; optional check-in changed most.,Building
alcohol,8,2026-01-08,97.5,0.792,90.0,0.668,83.4,0.802,Available signals are normal range; optional check-in changed most.,Sustainable
alcohol,9,2026-01-09,98.2,0.789,89.4,0.666,73.2,0.804,Available signals are normal range; optional check-in changed most.,Building
alcohol,10,2026-01-10,98.0,0.82,86.4,0.68,78.2,0.806,Available signals are normal range; overnight pulse deviation changed most.,Building
alcohol,11,2026-01-11,97.0,0.795,95.2,0.67,79.2,0.808,Available signals are normal range; optional check-in changed most.,Building
alcohol,12,2026-01-12,99.0,0.799,93.3,0.672,81.6,0.81,Available signals are normal range; optional check-in changed most.,Sustainable
alcohol,13,2026-01-13,96.6,0.812,92.2,0.677,74.1,0.812,Available signals are normal range; optional check-in changed most.,Building
alcohol,14,2026-01-14,98.9,0.812,93.9,0.678,84.4,0.815,Available signals are normal range; optional check-in changed most.,Sustainable
alcohol,15,2026-01-15,99.3,0.814,91.7,0.679,79.2,0.817,Available signals are normal range; optional check-in changed most.,Building
alcohol,16,2026-01-16,97.7,0.825,91.7,0.684,84.0,0.819,Available signals are normal range; optional check-in changed most.,Sustainable
alcohol,17,2026-01-17,98.2,0.833,95.1,0.688,76.9,0.821,Available signals are normal range; optional check-in changed most.,Building
alcohol,18,2026-01-18,97.9,0.841,90.9,0.692,76.4,0.823,Available signals are normal range; optional check-in changed most.,Building
alcohol,19,2026-01-19,97.0,0.823,90.5,0.684,85.2,0.825,Available signals are normal range; optional check-in changed most.,Sustainable
alcohol,20,2026-01-20,93.0,0.845,92.3,0.694,84.1,0.827,Available signals are normal range; optional check-in changed most.,Sustainable
alcohol,21,2026-01-21,98.5,0.833,89.1,0.689,72.6,0.83,Available signals are normal range; optional check-in changed most.,Building
alcohol,22,2026-01-22,96.4,0.861,89.8,0.702,81.1,0.832,Available signals are normal range; optional check-in changed most.,Sustainable
alcohol,23,2026-01-23,95.1,0.836,91.5,0.691,81.0,0.834,Available signals are normal range; optional check-in changed most.,Sustainable
alcohol,24,2026-01-24,98.7,0.864,92.1,0.704,82.3,0.836,Available signals are normal range; optional check-in changed most.,Sustainable
alcohol,25,2026-01-25,96.9,0.862,89.0,0.703,79.5,0.838,Available signals are normal range; optional check-in changed most.,Building
alcohol,26,2026-01-26,96.4,0.874,86.8,0.709,81.0,0.84,Available signals are normal range; optional check-in changed most.,Sustainable
alcohol,27,2026-01-27,98.3,0.862,95.4,0.703,84.1,0.842,Available signals are normal range; optional check-in changed most.,Sustainable
alcohol,28,2026-01-28,90.5,0.88,84.9,0.712,73.8,0.844,Available signals are normal range; overnight pulse deviation changed most.,Building
alcohol,29,2026-01-29,98.2,0.859,93.8,0.703,80.0,0.846,Available signals are normal range; optional check-in changed most.,Sustainable
alcohol,30,2026-01-30,99.5,0.869,94.8,0.707,82.2,0.847,Available signals are normal range; optional check-in changed most.,Sustainable
alcohol,31,2026-01-31,98.0,0.873,94.0,0.709,86.8,0.848,Available signals are normal range; optional check-in changed most.,Sustainable
alcohol,32,2026-02-01,89.0,0.865,90.9,0.706,81.1,0.849,Available signals are normal range; optional check-in changed most.,Sustainable
alcohol,33,2026-02-02,97.6,0.898,91.9,0.721,85.3,0.851,Available signals are normal range; optional check-in changed most.,Sustainable
alcohol,34,2026-02-03,96.8,0.885,91.4,0.715,85.9,0.852,Available signals are normal range; optional check-in changed most.,Sustainable
alcohol,35,2026-02-04,97.5,0.869,91.2,0.708,84.8,0.853,Available signals are normal range; optional check-in changed most.,Sustainable
alcohol,36,2026-02-05,97.3,0.871,92.8,0.709,84.4,0.855,Available signals are normal range; optional check-in changed most.,Sustainable
alcohol,37,2026-02-06,95.8,0.897,92.2,0.721,86.1,0.856,Available signals are normal range; optional check-in changed most.,Sustainable
alcohol,38,2026-02-07,93.6,0.901,90.4,0.723,79.1,0.857,Available signals are normal range; optional check-in changed most.,Building
alcohol,39,2026-02-08,98.7,0.883,86.0,0.715,82.9,0.858,Available signals are normal range; overnight pulse deviation changed most.,Sustainable
alcohol,40,2026-02-09,97.7,0.878,90.0,0.713,71.6,0.86,Available signals are normal range; optional check-in changed most.,Building
alcohol,41,2026-02-10,97.9,0.883,92.4,0.715,74.7,0.861,Available signals are normal range; optional check-in changed most.,Building
alcohol,42,2026-02-11,96.5,0.892,94.0,0.719,82.9,0.862,Available signals are normal range; optional check-in changed most.,Sustainable
alcohol,43,2026-02-12,97.4,0.886,95.1,0.717,81.4,0.863,Available signals are normal range; optional check-in changed most.,Sustainable
alcohol,44,2026-02-13,97.5,0.898,95.0,0.722,85.8,0.864,Available signals are normal range; optional check-in changed most.,Sustainable
alcohol,45,2026-02-14,94.8,0.92,94.7,0.733,85.6,0.866,Available signals are normal range; optional check-in changed most.,Sustainable
alcohol,46,2026-02-15,96.6,0.918,90.3,0.732,81.2,0.867,Available signals are normal range; optional check-in changed most.,Sustainable
alcohol,47,2026-02-16,97.8,0.914,87.3,0.73,83.6,0.868,Available signals are normal range; optional check-in changed most.,Sustainable
alcohol,48,2026-02-17,97.1,0.924,94.1,0.735,81.8,0.87,Available signals are normal range; optional check-in changed most.,Sustainable
alcohol,49,2026-02-18,97.7,0.918,93.6,0.732,82.2,0.871,Available signals are normal range; optional check-in changed most.,Sustainable
alcohol,50,2026-02-19,97.5,0.903,86.5,0.725,82.3,0.872,Available signals are normal range; overnight pulse deviation changed most.,Sustainable
alcohol,51,2026-02-20,96.3,0.936,93.1,0.74,89.3,0.873,Available signals are normal range; optional check-in changed most.,Sustainable
alcohol,52,2026-02-21,92.0,0.92,92.9,0.734,85.0,0.874,Available signals are normal range; optional check-in changed most.,Sustainable
alcohol,53,2026-02-22,97.4,0.92,91.9,0.734,83.3,0.876,Available signals are normal range; optional check-in changed most.,Sustainable
alcohol,54,2026-02-23,97.7,0.942,92.9,0.744,80.0,0.877,Available signals are normal range; optional check-in changed most.,Building
alcohol,55,2026-02-24,98.3,0.921,93.6,0.734,80.0,0.878,Available signals are normal range; optional check-in changed most.,Sustainable
alcohol,56,2026-02-25,97.4,0.93,92.6,0.738,80.9,0.879,Available signals are normal range; optional check-in changed most.,Sustainable
alcohol,57,2026-02-26,98.9,0.946,95.5,0.746,82.9,0.881,Available signals are normal range; optional check-in changed most.,Sustainable
alcohol,58,2026-02-27,95.4,0.941,89.4,0.744,81.0,0.882,Available signals are normal range; optional check-in changed most.,Sustainable
alcohol,59,2026-02-28,98.3,0.916,92.2,0.733,81.7,0.882,Available signals are normal range; optional check-in changed most.,Sustainable
alcohol,60,2026-03-01,97.6,0.934,93.7,0.741,81.7,0.882,Available signals are normal range; optional check-in changed most.,Sustainable
alcohol,61,2026-03-02,97.5,0.918,93.7,0.733,77.3,0.882,Available signals are normal range; optional check-in changed most.,Building
alcohol,62,2026-03-03,92.0,0.924,90.2,0.736,74.7,0.882,Available signals are normal range; optional check-in changed most.,Building
alcohol,63,2026-03-04,97.8,0.948,93.7,0.747,84.8,0.882,Available signals are normal range; optional check-in changed most.,Sustainable
alcohol,64,2026-03-05,94.4,0.94,94.5,0.743,84.4,0.882,Available signals are normal range; optional check-in changed most.,Sustainable
alcohol,65,2026-03-06,94.8,0.932,93.0,0.74,79.2,0.882,Available signals are normal range; optional check-in changed most.,Building
alcohol,66,2026-03-07,89.8,0.937,90.8,0.742,80.9,0.882,Available signals are normal range; optional check-in changed most.,Sustainable
alcohol,67,2026-03-08,92.9,0.924,89.3,0.736,79.9,0.882,Available signals are normal range; optional check-in changed most.,Building
alcohol,68,2026-03-09,98.5,0.949,92.5,0.747,74.9,0.882,Available signals are normal range; optional check-in changed most.,Building
alcohol,69,2026-03-10,98.0,0.941,90.9,0.744,84.7,0.882,Available signals are normal range; optional check-in changed most.,Sustainable
alcohol,70,2026-03-11,92.7,0.946,91.5,0.746,83.2,0.882,Available signals are normal range; optional check-in changed most.,Sustainable
alcohol,71,2026-03-12,98.2,0.925,94.2,0.737,86.3,0.882,Available signals are normal range; optional check-in changed most.,Sustainable
alcohol,72,2026-03-13,96.0,0.927,89.8,0.737,80.7,0.882,Available signals are normal range; optional check-in changed most.,Sustainable
alcohol,73,2026-03-14,93.7,0.933,90.3,0.74,84.1,0.882,Available signals are normal range; optional check-in changed most.,Sustainable
alcohol,74,2026-03-15,98.2,0.928,92.9,0.738,80.4,0.882,Available signals are normal range; optional check-in changed most.,Sustainable
alcohol,75,2026-03-16,98.3,0.931,92.4,0.739,76.1,0.882,Available signals are normal range; optional check-in changed most.,Building
alcohol,76,2026-03-17,98.3,0.92,93.4,0.735,88.0,0.882,Available signals are normal range; optional check-in changed most.,Sustainable
alcohol,77,2026-03-18,94.2,0.947,88.4,0.747,76.4,0.882,Available signals are normal range; optional check-in changed most.,Building
alcohol,78,2026-03-19,96.3,0.934,92.8,0.741,82.7,0.882,Available signals are normal range; optional check-in changed most.,Sustainable
alcohol,79,2026-03-20,97.9,0.922,90.7,0.735,79.7,0.882,Available signals are normal range; optional check-in changed most.,Building
alcohol,80,2026-03-21,97.5,0.915,93.0,0.732,80.5,0.882,Available signals are normal range; optional check-in changed most.,Sustainable
alcohol,81,2026-03-22,97.2,0.943,94.1,0.745,81.1,0.882,Available signals are normal range; optional check-in changed most.,Sustainable
alcohol,82,2026-03-23,97.2,0.929,92.2,0.739,78.8,0.882,Available signals are normal range; optional check-in changed most.,Building
alcohol,83,2026-03-24,97.1,0.92,90.0,0.735,84.7,0.882,Available signals are normal range; optional check-in changed most.,Sustainable
alcohol,84,2026-03-25,98.2,0.95,92.6,0.748,77.2,0.882,Available signals are normal range; optional check-in changed most.,Building
alcohol,85,2026-03-26,96.1,0.93,93.1,0.739,82.0,0.882,Available signals are normal range; optional check-in changed most.,Sustainable
alcohol,86,2026-03-27,92.1,0.946,87.4,0.746,78.0,0.882,Available signals are normal range; optional check-in changed most.,Building
alcohol,87,2026-03-28,97.8,0.924,92.4,0.736,84.0,0.882,Available signals are normal range; optional check-in changed most.,Sustainable
alcohol,88,2026-03-29,96.7,0.925,89.2,0.737,80.8,0.882,Available signals are normal range; optional check-in changed most.,Sustainable
alcohol,89,2026-03-30,97.4,0.918,92.2,0.733,80.3,0.882,Available signals are normal range; optional check-in changed most.,Sustainable
alcohol,90,2026-03-31,91.0,0.944,63.4,0.745,83.6,0.882,Available signals are more recovery may help; overnight pulse deviation changed most.,Sustainable
late_meal,1,2026-01-01,98.2,0.747,95.0,0.643,92.3,0.762,Available signals are normal range; optional check-in changed most.,Sustainable
late_meal,2,2026-01-02,93.6,0.719,89.4,0.63,95.4,0.762,Available signals are normal range; optional check-in changed most.,Sustainable
late_meal,3,2026-01-03,99.6,0.795,89.4,0.667,93.9,0.791,Available signals are normal range; optional check-in changed most.,Sustainable
late_meal,4,2026-01-04,98.6,0.782,92.8,0.662,95.9,0.793,Available signals are normal range; optional check-in changed most.,Sustainable
late_meal,5,2026-01-05,97.9,0.794,90.6,0.667,94.3,0.795,Available signals are normal range; optional check-in changed most.,Sustainable
late_meal,6,2026-01-06,98.0,0.777,90.7,0.66,95.7,0.797,Available signals are normal range; optional check-in changed most.,Sustainable
late_meal,7,2026-01-07,97.1,0.79,85.7,0.666,93.8,0.799,Available signals are normal range; overnight pulse deviation changed most.,Sustainable
late_meal,8,2026-01-08,96.1,0.79,93.4,0.667,96.9,0.802,Available signals are normal range; optional check-in changed most.,Sustainable
late_meal,9,2026-01-09,97.4,0.806,94.1,0.674,95.0,0.804,Available signals are normal range; optional check-in changed most.,Sustainable
late_meal,10,2026-01-10,98.0,0.802,91.9,0.672,93.4,0.806,Available signals are normal range; optional check-in changed most.,Sustainable
late_meal,11,2026-01-11,97.8,0.798,91.9,0.671,98.1,0.808,Available signals are normal range; optional check-in changed most.,Sustainable
late_meal,12,2026-01-12,99.0,0.8,94.9,0.672,93.5,0.81,Available signals are normal range; optional check-in changed most.,Sustainable
late_meal,13,2026-01-13,98.3,0.825,93.3,0.683,95.1,0.812,Available signals are normal range; optional check-in changed most.,Sustainable
late_meal,14,2026-01-14,97.0,0.811,91.8,0.677,93.7,0.815,Available signals are normal range; optional check-in changed most.,Sustainable
late_meal,15,2026-01-15,99.0,0.805,93.5,0.675,98.8,0.817,Available signals are normal range; optional check-in changed most.,Sustainable
late_meal,16,2026-01-16,99.5,0.828,94.2,0.685,93.1,0.819,Available signals are normal range; optional check-in changed most.,Sustainable
late_meal,17,2026-01-17,97.9,0.822,95.7,0.683,98.3,0.821,Available signals are normal range; optional check-in changed most.,Sustainable
late_meal,18,2026-01-18,96.9,0.844,88.4,0.693,98.3,0.823,Available signals are normal range; optional check-in changed most.,Sustainable
late_meal,19,2026-01-19,96.9,0.836,91.5,0.69,94.9,0.825,Available signals are normal range; optional check-in changed most.,Sustainable
late_meal,20,2026-01-20,96.1,0.843,91.8,0.693,90.1,0.827,Available signals are normal range; optional check-in changed most.,Sustainable
late_meal,21,2026-01-21,88.5,0.846,84.5,0.695,96.6,0.83,Available signals are normal range; optional check-in changed most.,Sustainable
late_meal,22,2026-01-22,90.1,0.866,91.5,0.704,99.2,0.832,Available signals are normal range; optional check-in changed most.,Sustainable
late_meal,23,2026-01-23,98.4,0.846,89.7,0.696,91.0,0.834,Available signals are normal range; optional check-in changed most.,Sustainable
late_meal,24,2026-01-24,98.1,0.853,93.1,0.699,97.9,0.836,Available signals are normal range; optional check-in changed most.,Sustainable
late_meal,25,2026-01-25,96.7,0.853,90.7,0.699,97.5,0.838,Available signals are normal range; optional check-in changed most.,Sustainable
late_meal,26,2026-01-26,97.1,0.876,92.7,0.71,95.0,0.84,Available signals are normal range; optional check-in changed most.,Sustainable
late_meal,27,2026-01-27,97.7,0.87,94.4,0.707,96.7,0.842,Available signals are normal range; optional check-in changed most.,Sustainable
late_meal,28,2026-01-28,98.2,0.885,94.6,0.714,98.7,0.844,Available signals are normal range; optional check-in changed most.,Sustainable
late_meal,29,2026-01-29,96.9,0.863,88.6,0.705,99.5,0.846,Available signals are normal range; optional check-in changed most.,Sustainable
late_meal,30,2026-01-30,95.2,0.89,94.3,0.717,91.2,0.847,Available signals are normal range; optional check-in changed most.,Sustainable
late_meal,31,2026-01-31,93.1,0.865,88.5,0.706,92.7,0.848,Available signals are normal range; optional check-in changed most.,Sustainable
late_meal,32,2026-02-01,98.7,0.889,90.2,0.717,97.0,0.849,Available signals are normal range; optional check-in changed most.,Sustainable
late_meal,33,2026-02-02,99.0,0.875,94.1,0.71,97.5,0.851,Available signals are normal range; optional check-in changed most.,Sustainable
late_meal,34,2026-02-03,96.7,0.887,94.5,0.716,94.5,0.852,Available signals are normal range; optional check-in changed most.,Sustainable
late_meal,35,2026-02-04,91.4,0.899,91.6,0.721,99.1,0.853,Available signals are normal range; optional check-in changed most.,Sustainable
late_meal,36,2026-02-05,98.1,0.889,92.0,0.717,96.9,0.855,Available signals are normal range; optional check-in changed most.,Sustainable
late_meal,37,2026-02-06,96.0,0.906,94.7,0.725,98.6,0.856,Available signals are normal range; optional check-in changed most.,Sustainable
late_meal,38,2026-02-07,98.2,0.904,93.4,0.724,94.4,0.857,Available signals are normal range; optional check-in changed most.,Sustainable
late_meal,39,2026-02-08,97.9,0.88,91.1,0.713,94.6,0.858,Available signals are normal range; optional check-in changed most.,Sustainable
late_meal,40,2026-02-09,98.8,0.893,87.2,0.72,92.8,0.86,Available signals are normal range; overnight pulse deviation changed most.,Sustainable
late_meal,41,2026-02-10,90.5,0.884,89.2,0.716,93.1,0.861,Available signals are normal range; optional check-in changed most.,Sustainable
late_meal,42,2026-02-11,93.6,0.893,90.9,0.72,93.4,0.862,Available signals are normal range; optional check-in changed most.,Sustainable
late_meal,43,2026-02-12,97.5,0.885,94.5,0.716,97.7,0.863,Available signals are normal range; optional check-in changed most.,Sustainable
late_meal,44,2026-02-13,98.8,0.909,96.0,0.727,99.2,0.864,Available signals are normal range; optional check-in changed most.,Sustainable
late_meal,45,2026-02-14,98.0,0.91,89.5,0.728,95.8,0.866,Available signals are normal range; optional check-in changed most.,Sustainable
late_meal,46,2026-02-15,95.2,0.917,92.1,0.731,99.0,0.867,Available signals are normal range; optional check-in changed most.,Sustainable
late_meal,47,2026-02-16,91.0,0.904,86.0,0.726,92.5,0.868,Available signals are normal range; optional check-in changed most.,Sustainable
late_meal,48,2026-02-17,96.8,0.909,94.5,0.728,98.2,0.87,Available signals are normal range; optional check-in changed most.,Sustainable
late_meal,49,2026-02-18,98.7,0.908,90.0,0.728,94.9,0.871,Available signals are normal range; optional check-in changed most.,Sustainable
late_meal,50,2026-02-19,97.2,0.908,91.6,0.728,97.4,0.872,Available signals are normal range; optional check-in changed most.,Sustainable
late_meal,51,2026-02-20,98.1,0.92,95.5,0.733,94.6,0.873,Available signals are normal range; optional check-in changed most.,Sustainable
late_meal,52,2026-02-21,96.9,0.915,88.3,0.731,99.0,0.874,Available signals are normal range; optional check-in changed most.,Sustainable
late_meal,53,2026-02-22,99.2,0.908,95.2,0.728,94.9,0.876,Available signals are normal range; optional check-in changed most.,Sustainable
late_meal,54,2026-02-23,99.2,0.941,91.4,0.743,99.0,0.877,Available signals are normal range; optional check-in changed most.,Sustainable
late_meal,55,2026-02-24,97.1,0.931,93.8,0.739,99.3,0.878,Available signals are normal range; optional check-in changed most.,Sustainable
late_meal,56,2026-02-25,97.1,0.916,86.7,0.732,98.3,0.879,Available signals are normal range; overnight pulse deviation changed most.,Sustainable
late_meal,57,2026-02-26,91.4,0.931,92.8,0.739,96.0,0.881,Available signals are normal range; optional check-in changed most.,Sustainable
late_meal,58,2026-02-27,95.4,0.931,91.2,0.739,95.3,0.882,Available signals are normal range; optional check-in changed most.,Sustainable
late_meal,59,2026-02-28,94.0,0.932,90.8,0.74,99.0,0.882,Available signals are normal range; optional check-in changed most.,Sustainable
late_meal,60,2026-03-01,98.0,0.947,94.3,0.746,90.1,0.882,Available signals are normal range; optional check-in changed most.,Sustainable
late_meal,61,2026-03-02,97.6,0.947,95.2,0.746,89.5,0.882,Available signals are normal range; optional check-in changed most.,Sustainable
late_meal,62,2026-03-03,99.6,0.939,92.9,0.743,88.7,0.882,Available signals are normal range; optional check-in changed most.,Sustainable
late_meal,63,2026-03-04,98.0,0.918,92.0,0.733,94.6,0.882,Available signals are normal range; optional check-in changed most.,Sustainable
late_meal,64,2026-03-05,97.1,0.916,90.3,0.733,96.5,0.882,Available signals are normal range; optional check-in changed most.,Sustainable
late_meal,65,2026-03-06,96.7,0.94,94.2,0.743,97.7,0.882,Available signals are normal range; optional check-in changed most.,Sustainable
late_meal,66,2026-03-07,96.9,0.948,88.5,0.747,93.5,0.882,Available signals are normal range; optional check-in changed most.,Sustainable
late_meal,67,2026-03-08,96.0,0.92,92.2,0.735,94.1,0.882,Available signals are normal range; optional check-in changed most.,Sustainable
late_meal,68,2026-03-09,94.0,0.922,92.7,0.735,95.8,0.882,Available signals are normal range; optional check-in changed most.,Sustainable
late_meal,69,2026-03-10,99.2,0.948,92.8,0.747,98.6,0.882,Available signals are normal range; optional check-in changed most.,Sustainable
late_meal,70,2026-03-11,96.7,0.927,90.2,0.738,95.8,0.882,Available signals are normal range; optional check-in changed most.,Sustainable
late_meal,71,2026-03-12,98.5,0.936,94.0,0.741,99.5,0.882,Available signals are normal range; optional check-in changed most.,Sustainable
late_meal,72,2026-03-13,97.5,0.95,87.3,0.748,97.8,0.882,Available signals are normal range; overnight pulse deviation changed most.,Sustainable
late_meal,73,2026-03-14,94.8,0.929,94.3,0.738,96.9,0.882,Available signals are normal range; optional check-in changed most.,Sustainable
late_meal,74,2026-03-15,97.1,0.939,91.0,0.743,94.3,0.882,Available signals are normal range; optional check-in changed most.,Sustainable
late_meal,75,2026-03-16,98.8,0.947,96.0,0.747,89.4,0.882,Available signals are normal range; optional check-in changed most.,Sustainable
late_meal,76,2026-03-17,97.9,0.934,91.9,0.741,89.1,0.882,Available signals are normal range; optional check-in changed most.,Sustainable
late_meal,77,2026-03-18,98.2,0.918,92.5,0.734,98.7,0.882,Available signals are normal range; optional check-in changed most.,Sustainable
late_meal,78,2026-03-19,97.3,0.915,93.9,0.732,98.2,0.882,Available signals are normal range; optional check-in changed most.,Sustainable
late_meal,79,2026-03-20,99.2,0.949,95.7,0.747,93.4,0.882,Available signals are normal range; optional check-in changed most.,Sustainable
late_meal,80,2026-03-21,97.8,0.933,94.9,0.74,93.7,0.882,Available signals are normal range; optional check-in changed most.,Sustainable
late_meal,81,2026-03-22,99.2,0.934,89.5,0.741,91.5,0.882,Available signals are normal range; optional check-in changed most.,Sustainable
late_meal,82,2026-03-23,92.9,0.92,93.2,0.735,97.4,0.882,Available signals are normal range; optional check-in changed most.,Sustainable
late_meal,83,2026-03-24,95.9,0.937,90.9,0.742,94.6,0.882,Available signals are normal range; optional check-in changed most.,Sustainable
late_meal,84,2026-03-25,96.9,0.924,92.9,0.736,92.7,0.882,Available signals are normal range; optional check-in changed most.,Sustainable
late_meal,85,2026-03-26,97.4,0.925,91.5,0.737,90.3,0.882,Available signals are normal range; optional check-in changed most.,Sustainable
late_meal,86,2026-03-27,96.2,0.922,94.4,0.735,93.7,0.882,Available signals are normal range; optional check-in changed most.,Sustainable
late_meal,87,2026-03-28,98.1,0.94,88.6,0.743,93.4,0.882,Available signals are normal range; optional check-in changed most.,Sustainable
late_meal,88,2026-03-29,98.1,0.918,89.7,0.734,91.7,0.882,Available signals are normal range; optional check-in changed most.,Sustainable
late_meal,89,2026-03-30,91.6,0.942,86.2,0.744,99.4,0.882,Available signals are normal range; optional check-in changed most.,Sustainable
late_meal,90,2026-03-31,97.0,0.926,74.5,0.737,97.8,0.882,Available signals are some recovery may help; overnight pulse deviation changed most.,Sustainable
normal_cycle,1,2026-01-01,93.5,0.744,88.8,0.641,95.8,0.762,Available signals are normal range; optional check-in changed most.,Sustainable
normal_cycle,2,2026-01-02,97.3,0.729,85.5,0.635,97.8,0.762,Available signals are normal range; overnight pulse deviation changed most.,Sustainable
normal_cycle,3,2026-01-03,97.0,0.775,94.1,0.659,87.1,0.791,Available signals are normal range; optional check-in changed most.,Sustainable
normal_cycle,4,2026-01-04,97.7,0.784,95.3,0.663,94.8,0.793,Available signals are normal range; optional check-in changed most.,Sustainable
normal_cycle,5,2026-01-05,97.1,0.794,91.9,0.668,95.8,0.795,Available signals are normal range; optional check-in changed most.,Sustainable
normal_cycle,6,2026-01-06,92.8,0.79,87.6,0.666,91.1,0.797,Available signals are normal range; optional check-in changed most.,Sustainable
normal_cycle,7,2026-01-07,96.8,0.781,92.3,0.662,95.3,0.799,Available signals are normal range; optional check-in changed most.,Sustainable
normal_cycle,8,2026-01-08,98.9,0.813,90.4,0.677,93.2,0.802,Available signals are normal range; optional check-in changed most.,Sustainable
normal_cycle,9,2026-01-09,91.1,0.794,90.4,0.669,96.5,0.804,Available signals are normal range; optional check-in changed most.,Sustainable
normal_cycle,10,2026-01-10,99.3,0.804,92.8,0.673,98.3,0.806,Available signals are normal range; optional check-in changed most.,Sustainable
normal_cycle,11,2026-01-11,92.1,0.803,92.9,0.673,96.2,0.808,Available signals are normal range; optional check-in changed most.,Sustainable
normal_cycle,12,2026-01-12,97.3,0.81,94.1,0.677,98.3,0.81,Available signals are normal range; optional check-in changed most.,Sustainable
normal_cycle,13,2026-01-13,98.4,0.811,94.4,0.677,90.4,0.812,Available signals are normal range; optional check-in changed most.,Sustainable
normal_cycle,14,2026-01-14,93.8,0.82,82.9,0.681,99.7,0.815,Available signals are normal range; overnight pulse deviation changed most.,Sustainable
normal_cycle,15,2026-01-15,95.9,0.837,91.6,0.69,92.6,0.817,Available signals are normal range; optional check-in changed most.,Sustainable
normal_cycle,16,2026-01-16,98.7,0.835,95.7,0.689,94.5,0.819,Available signals are normal range; optional check-in changed most.,Sustainable
normal_cycle,17,2026-01-17,97.7,0.833,92.8,0.688,97.3,0.821,Available signals are normal range; optional check-in changed most.,Sustainable
normal_cycle,18,2026-01-18,96.6,0.828,91.4,0.686,98.1,0.823,Available signals are normal range; optional check-in changed most.,Sustainable
normal_cycle,19,2026-01-19,87.5,0.841,87.3,0.692,93.7,0.825,Available signals are normal range; optional check-in changed most.,Sustainable
normal_cycle,20,2026-01-20,97.3,0.852,85.2,0.697,92.0,0.827,Available signals are normal range; overnight pulse deviation changed most.,Sustainable
normal_cycle,21,2026-01-21,98.3,0.841,93.2,0.693,91.8,0.83,Available signals are normal range; optional check-in changed most.,Sustainable
normal_cycle,22,2026-01-22,96.5,0.845,91.5,0.695,97.6,0.832,Available signals are normal range; optional check-in changed most.,Sustainable
normal_cycle,23,2026-01-23,97.4,0.854,86.8,0.699,94.1,0.834,Available signals are normal range; optional check-in changed most.,Sustainable
normal_cycle,24,2026-01-24,97.3,0.858,93.2,0.701,96.6,0.836,Available signals are normal range; optional check-in changed most.,Sustainable
normal_cycle,25,2026-01-25,97.7,0.869,94.7,0.706,97.1,0.838,Available signals are normal range; optional check-in changed most.,Sustainable
normal_cycle,26,2026-01-26,98.1,0.846,91.6,0.696,93.1,0.84,Available signals are normal range; optional check-in changed most.,Sustainable
normal_cycle,27,2026-01-27,95.8,0.864,90.9,0.704,96.3,0.842,Available signals are normal range; optional check-in changed most.,Sustainable
normal_cycle,28,2026-01-28,98.0,0.88,92.9,0.712,94.1,0.844,Available signals are normal range; optional check-in changed most.,Sustainable
normal_cycle,29,2026-01-29,99.3,0.875,93.2,0.71,93.2,0.846,Available signals are normal range; optional check-in changed most.,Sustainable
normal_cycle,30,2026-01-30,97.7,0.883,90.4,0.714,95.8,0.847,Available signals are normal range; optional check-in changed most.,Sustainable
normal_cycle,31,2026-01-31,96.9,0.892,91.4,0.718,92.8,0.848,Available signals are normal range; optional check-in changed most.,Sustainable
normal_cycle,32,2026-02-01,97.1,0.867,93.6,0.707,95.9,0.849,Available signals are normal range; optional check-in changed most.,Sustainable
normal_cycle,33,2026-02-02,99.2,0.868,93.4,0.707,88.2,0.851,Available signals are normal range; optional check-in changed most.,Sustainable
normal_cycle,34,2026-02-03,97.8,0.889,91.4,0.717,93.5,0.852,Available signals are normal range; optional check-in changed most.,Sustainable
normal_cycle,35,2026-02-04,98.5,0.886,93.4,0.716,95.8,0.853,Available signals are normal range; optional check-in changed most.,Sustainable
normal_cycle,36,2026-02-05,87.4,0.874,90.1,0.71,97.9,0.855,Available signals are normal range; optional check-in changed most.,Sustainable
normal_cycle,37,2026-02-06,97.7,0.881,94.7,0.714,96.6,0.856,Available signals are normal range; optional check-in changed most.,Sustainable
normal_cycle,38,2026-02-07,98.4,0.873,91.7,0.71,96.8,0.857,Available signals are normal range; optional check-in changed most.,Sustainable
normal_cycle,39,2026-02-08,98.3,0.902,92.9,0.724,91.0,0.858,Available signals are normal range; optional check-in changed most.,Sustainable
normal_cycle,40,2026-02-09,97.6,0.889,90.9,0.718,93.2,0.86,Available signals are normal range; optional check-in changed most.,Sustainable
normal_cycle,41,2026-02-10,89.4,0.907,91.1,0.726,95.6,0.861,Available signals are normal range; optional check-in changed most.,Sustainable
normal_cycle,42,2026-02-11,97.7,0.911,91.9,0.728,95.4,0.862,Available signals are normal range; optional check-in changed most.,Sustainable
normal_cycle,43,2026-02-12,93.9,0.917,90.9,0.731,91.4,0.863,Available signals are normal range; optional check-in changed most.,Sustainable
normal_cycle,44,2026-02-13,98.4,0.912,95.5,0.729,92.7,0.864,Available signals are normal range; optional check-in changed most.,Sustainable
normal_cycle,45,2026-02-14,96.9,0.92,93.4,0.733,97.4,0.866,Available signals are normal range; optional check-in changed most.,Sustainable
normal_cycle,46,2026-02-15,97.0,0.921,91.6,0.733,95.6,0.867,Available signals are normal range; optional check-in changed most.,Sustainable
normal_cycle,47,2026-02-16,96.3,0.9,92.6,0.724,99.5,0.868,Available signals are normal range; optional check-in changed most.,Sustainable
normal_cycle,48,2026-02-17,95.2,0.91,93.7,0.728,93.2,0.87,Available signals are normal range; optional check-in changed most.,Sustainable
normal_cycle,49,2026-02-18,97.7,0.907,91.4,0.727,98.9,0.871,Available signals are normal range; optional check-in changed most.,Sustainable
normal_cycle,50,2026-02-19,98.3,0.913,95.4,0.73,93.4,0.872,Available signals are normal range; optional check-in changed most.,Sustainable
normal_cycle,51,2026-02-20,98.8,0.936,95.0,0.74,92.5,0.873,Available signals are normal range; optional check-in changed most.,Sustainable
normal_cycle,52,2026-02-21,97.9,0.935,93.6,0.74,94.6,0.874,Available signals are normal range; optional check-in changed most.,Sustainable
normal_cycle,53,2026-02-22,97.8,0.915,91.0,0.732,95.1,0.876,Available signals are normal range; optional check-in changed most.,Sustainable
normal_cycle,54,2026-02-23,97.5,0.919,94.1,0.734,92.8,0.877,Available signals are normal range; optional check-in changed most.,Sustainable
normal_cycle,55,2026-02-24,97.9,0.94,81.5,0.743,94.5,0.878,Available signals are some recovery may help; overnight pulse deviation changed most.,Sustainable
normal_cycle,56,2026-02-25,94.8,0.928,90.1,0.738,93.8,0.879,Available signals are normal range; optional check-in changed most.,Sustainable
normal_cycle,57,2026-02-26,93.9,0.922,90.7,0.735,95.0,0.881,Available signals are normal range; optional check-in changed most.,Sustainable
normal_cycle,58,2026-02-27,95.7,0.922,91.5,0.735,91.5,0.882,Available signals are normal range; optional check-in changed most.,Sustainable
normal_cycle,59,2026-02-28,98.1,0.946,92.9,0.746,96.7,0.882,Available signals are normal range; optional check-in changed most.,Sustainable
normal_cycle,60,2026-03-01,98.4,0.932,91.0,0.74,93.5,0.882,Available signals are normal range; optional check-in changed most.,Sustainable
normal_cycle,61,2026-03-02,98.1,0.941,95.1,0.744,97.8,0.882,Available signals are normal range; optional check-in changed most.,Sustainable
normal_cycle,62,2026-03-03,97.2,0.946,88.6,0.746,97.3,0.882,Available signals are normal range; optional check-in changed most.,Sustainable
normal_cycle,63,2026-03-04,98.6,0.944,94.4,0.745,93.8,0.882,Available signals are normal range; optional check-in changed most.,Sustainable
normal_cycle,64,2026-03-05,87.7,0.932,89.7,0.74,98.3,0.882,Available signals are normal range; optional check-in changed most.,Sustainable
normal_cycle,65,2026-03-06,93.0,0.949,94.0,0.747,93.9,0.882,Available signals are normal range; optional check-in changed most.,Sustainable
normal_cycle,66,2026-03-07,98.2,0.915,91.1,0.732,93.1,0.882,Available signals are normal range; optional check-in changed most.,Sustainable
normal_cycle,67,2026-03-08,98.2,0.93,91.8,0.739,98.8,0.882,Available signals are normal range; optional check-in changed most.,Sustainable
normal_cycle,68,2026-03-09,97.6,0.915,88.7,0.732,95.2,0.882,Available signals are normal range; optional check-in changed most.,Sustainable
normal_cycle,69,2026-03-10,98.6,0.945,86.0,0.745,90.0,0.882,Available signals are normal range; overnight pulse deviation changed most.,Sustainable
normal_cycle,70,2026-03-11,96.9,0.935,93.5,0.741,99.7,0.882,Available signals are normal range; optional check-in changed most.,Sustainable
normal_cycle,71,2026-03-12,96.3,0.946,90.4,0.746,92.6,0.882,Available signals are normal range; optional check-in changed most.,Sustainable
normal_cycle,72,2026-03-13,97.8,0.921,85.0,0.735,97.1,0.882,Available signals are normal range; overnight pulse deviation changed most.,Sustainable
normal_cycle,73,2026-03-14,97.1,0.937,89.6,0.742,93.7,0.882,Available signals are normal range; optional check-in changed most.,Sustainable
normal_cycle,74,2026-03-15,97.5,0.923,89.7,0.736,94.4,0.882,Available signals are normal range; optional check-in changed most.,Sustainable
normal_cycle,75,2026-03-16,98.4,0.919,95.3,0.734,95.8,0.882,Available signals are normal range; optional check-in changed most.,Sustainable
normal_cycle,76,2026-03-17,94.8,0.946,85.8,0.746,97.2,0.882,Available signals are normal range; overnight pulse deviation changed most.,Sustainable
normal_cycle,77,2026-03-18,90.5,0.936,89.2,0.742,88.4,0.882,Available signals are normal range; optional check-in changed most.,Sustainable
normal_cycle,78,2026-03-19,94.5,0.919,92.2,0.734,96.3,0.882,Available signals are normal range; optional check-in changed most.,Sustainable
normal_cycle,79,2026-03-20,96.8,0.946,93.8,0.746,99.0,0.882,Available signals are normal range; optional check-in changed most.,Sustainable
normal_cycle,80,2026-03-21,98.0,0.919,93.1,0.734,95.9,0.882,Available signals are normal range; optional check-in changed most.,Sustainable
normal_cycle,81,2026-03-22,96.6,0.921,91.9,0.735,93.3,0.882,Available signals are normal range; optional check-in changed most.,Sustainable
normal_cycle,82,2026-03-23,98.8,0.915,92.3,0.732,91.6,0.882,Available signals are normal range; optional check-in changed most.,Sustainable
normal_cycle,83,2026-03-24,98.5,0.937,87.2,0.742,96.5,0.882,Available signals are normal range; overnight pulse deviation changed most.,Sustainable
normal_cycle,84,2026-03-25,95.2,0.916,93.2,0.733,98.8,0.882,Available signals are normal range; optional check-in changed most.,Sustainable
normal_cycle,85,2026-03-26,94.6,0.948,91.7,0.747,95.9,0.882,Available signals are normal range; optional check-in changed most.,Sustainable
normal_cycle,86,2026-03-27,97.9,0.917,89.9,0.733,94.2,0.882,Available signals are normal range; optional check-in changed most.,Sustainable
normal_cycle,87,2026-03-28,98.3,0.923,88.2,0.736,92.8,0.882,Available signals are normal range; optional check-in changed most.,Sustainable
normal_cycle,88,2026-03-29,96.6,0.925,88.9,0.737,98.2,0.882,Available signals are normal range; optional check-in changed most.,Sustainable
normal_cycle,89,2026-03-30,95.5,0.942,91.0,0.744,97.9,0.882,Available signals are normal range; optional check-in changed most.,Sustainable
normal_cycle,90,2026-03-31,98.6,0.932,93.6,0.74,93.4,0.882,Available signals are normal range; optional check-in changed most.,Sustainable
irregular_cycle,1,2026-01-01,95.0,0.746,89.9,0.642,92.8,0.762,Available signals are normal range; optional check-in changed most.,Sustainable
irregular_cycle,2,2026-01-02,96.8,0.742,81.0,0.64,95.9,0.762,Available signals are some recovery may help; overnight pulse deviation changed most.,Sustainable
irregular_cycle,3,2026-01-03,97.1,0.771,91.1,0.657,94.2,0.791,Available signals are normal range; optional check-in changed most.,Sustainable
irregular_cycle,4,2026-01-04,96.9,0.798,90.5,0.669,95.1,0.793,Available signals are normal range; optional check-in changed most.,Sustainable
irregular_cycle,5,2026-01-05,96.8,0.797,92.9,0.669,99.5,0.795,Available signals are normal range; optional check-in changed most.,Sustainable
irregular_cycle,6,2026-01-06,91.9,0.774,89.6,0.659,94.3,0.797,Available signals are normal range; optional check-in changed most.,Sustainable
irregular_cycle,7,2026-01-07,95.2,0.79,90.2,0.666,99.4,0.799,Available signals are normal range; optional check-in changed most.,Sustainable
irregular_cycle,8,2026-01-08,98.9,0.791,87.1,0.667,95.1,0.802,Available signals are normal range; overnight pulse deviation changed most.,Sustainable
irregular_cycle,9,2026-01-09,93.7,0.806,90.8,0.674,94.6,0.804,Available signals are normal range; optional check-in changed most.,Sustainable
irregular_cycle,10,2026-01-10,97.0,0.802,92.7,0.672,97.0,0.806,Available signals are normal range; optional check-in changed most.,Sustainable
irregular_cycle,11,2026-01-11,94.4,0.815,90.6,0.679,91.4,0.808,Available signals are normal range; optional check-in changed most.,Sustainable
irregular_cycle,12,2026-01-12,92.4,0.822,90.0,0.682,96.3,0.81,Available signals are normal range; optional check-in changed most.,Sustainable
irregular_cycle,13,2026-01-13,96.6,0.833,92.2,0.687,97.9,0.812,Available signals are normal range; optional check-in changed most.,Sustainable
irregular_cycle,14,2026-01-14,98.5,0.83,94.8,0.686,93.3,0.815,Available signals are normal range; optional check-in changed most.,Sustainable
irregular_cycle,15,2026-01-15,95.9,0.816,95.2,0.68,93.4,0.817,Available signals are normal range; optional check-in changed most.,Sustainable
irregular_cycle,16,2026-01-16,97.6,0.842,88.7,0.692,97.2,0.819,Available signals are normal range; optional check-in changed most.,Sustainable
irregular_cycle,17,2026-01-17,96.5,0.814,92.0,0.68,96.8,0.821,Available signals are normal range; optional check-in changed most.,Sustainable
irregular_cycle,18,2026-01-18,98.8,0.82,94.7,0.683,94.4,0.823,Available signals are normal range; optional check-in changed most.,Sustainable
irregular_cycle,19,2026-01-19,97.8,0.852,92.6,0.697,93.5,0.825,Available signals are normal range; optional check-in changed most.,Sustainable
irregular_cycle,20,2026-01-20,97.7,0.855,95.1,0.699,93.5,0.827,Available signals are normal range; optional check-in changed most.,Sustainable
irregular_cycle,21,2026-01-21,97.4,0.861,93.9,0.702,95.2,0.83,Available signals are normal range; optional check-in changed most.,Sustainable
irregular_cycle,22,2026-01-22,98.5,0.863,92.9,0.703,97.2,0.832,Available signals are normal range; optional check-in changed most.,Sustainable
irregular_cycle,23,2026-01-23,96.2,0.843,86.3,0.694,88.5,0.834,Available signals are normal range; overnight pulse deviation changed most.,Sustainable
irregular_cycle,24,2026-01-24,99.7,0.873,95.8,0.708,99.0,0.836,Available signals are normal range; optional check-in changed most.,Sustainable
irregular_cycle,25,2026-01-25,87.8,0.864,91.9,0.704,88.7,0.838,Available signals are normal range; optional check-in changed most.,Sustainable
irregular_cycle,26,2026-01-26,98.5,0.874,91.9,0.709,95.1,0.84,Available signals are normal range; optional check-in changed most.,Sustainable
irregular_cycle,27,2026-01-27,95.4,0.858,91.3,0.702,95.3,0.842,Available signals are normal range; optional check-in changed most.,Sustainable
irregular_cycle,28,2026-01-28,97.4,0.854,91.2,0.701,90.0,0.844,Available signals are normal range; optional check-in changed most.,Sustainable
irregular_cycle,29,2026-01-29,94.7,0.868,92.7,0.707,94.4,0.846,Available signals are normal range; optional check-in changed most.,Sustainable
irregular_cycle,30,2026-01-30,97.5,0.884,83.7,0.714,97.5,0.847,Available signals are normal range; overnight pulse deviation changed most.,Sustainable
irregular_cycle,31,2026-01-31,95.6,0.871,89.3,0.709,91.1,0.848,Available signals are normal range; optional check-in changed most.,Sustainable
irregular_cycle,32,2026-02-01,97.4,0.891,90.0,0.717,95.6,0.849,Available signals are normal range; optional check-in changed most.,Sustainable
irregular_cycle,33,2026-02-02,98.5,0.883,92.5,0.714,91.4,0.851,Available signals are normal range; optional check-in changed most.,Sustainable
irregular_cycle,34,2026-02-03,97.9,0.879,93.7,0.713,89.5,0.852,Available signals are normal range; optional check-in changed most.,Sustainable
irregular_cycle,35,2026-02-04,96.7,0.867,89.8,0.707,98.6,0.853,Available signals are normal range; optional check-in changed most.,Sustainable
irregular_cycle,36,2026-02-05,96.5,0.902,93.6,0.723,96.9,0.855,Available signals are normal range; optional check-in changed most.,Sustainable
irregular_cycle,37,2026-02-06,95.4,0.9,92.9,0.722,95.5,0.856,Available signals are normal range; optional check-in changed most.,Sustainable
irregular_cycle,38,2026-02-07,97.0,0.874,89.6,0.711,95.1,0.857,Available signals are normal range; optional check-in changed most.,Sustainable
irregular_cycle,39,2026-02-08,98.5,0.911,90.2,0.727,96.1,0.858,Available signals are normal range; optional check-in changed most.,Sustainable
irregular_cycle,40,2026-02-09,96.2,0.895,90.5,0.721,91.2,0.86,Available signals are normal range; optional check-in changed most.,Sustainable
irregular_cycle,41,2026-02-10,98.7,0.88,87.5,0.714,90.0,0.861,Available signals are normal range; overnight pulse deviation changed most.,Sustainable
irregular_cycle,42,2026-02-11,99.8,0.917,91.6,0.731,95.3,0.862,Available signals are normal range; optional check-in changed most.,Sustainable
irregular_cycle,43,2026-02-12,96.0,0.908,93.6,0.727,92.0,0.863,Available signals are normal range; optional check-in changed most.,Sustainable
irregular_cycle,44,2026-02-13,95.0,0.895,93.6,0.721,89.7,0.864,Available signals are normal range; optional check-in changed most.,Sustainable
irregular_cycle,45,2026-02-14,97.4,0.895,88.9,0.721,96.5,0.866,Available signals are normal range; optional check-in changed most.,Sustainable
irregular_cycle,46,2026-02-15,99.0,0.905,94.5,0.726,95.9,0.867,Available signals are normal range; optional check-in changed most.,Sustainable
irregular_cycle,47,2026-02-16,97.7,0.897,94.3,0.723,93.8,0.868,Available signals are normal range; optional check-in changed most.,Sustainable
irregular_cycle,48,2026-02-17,98.8,0.927,87.0,0.736,91.8,0.87,Available signals are normal range; overnight pulse deviation changed most.,Sustainable
irregular_cycle,49,2026-02-18,98.7,0.927,91.1,0.736,96.2,0.871,Available signals are normal range; optional check-in changed most.,Sustainable
irregular_cycle,50,2026-02-19,98.8,0.918,89.5,0.732,96.0,0.872,Available signals are normal range; optional check-in changed most.,Sustainable
irregular_cycle,51,2026-02-20,92.1,0.921,87.7,0.734,97.3,0.873,Available signals are normal range; optional check-in changed most.,Sustainable
irregular_cycle,52,2026-02-21,97.9,0.928,94.7,0.737,94.2,0.874,Available signals are normal range; optional check-in changed most.,Sustainable
irregular_cycle,53,2026-02-22,98.0,0.906,95.7,0.727,99.9,0.876,Available signals are normal range; optional check-in changed most.,Sustainable
irregular_cycle,54,2026-02-23,84.9,0.914,86.5,0.731,96.3,0.877,Available signals are normal range; optional check-in changed most.,Sustainable
irregular_cycle,55,2026-02-24,92.0,0.917,88.9,0.733,94.7,0.878,Available signals are normal range; optional check-in changed most.,Sustainable
irregular_cycle,56,2026-02-25,99.1,0.946,91.4,0.746,90.7,0.879,Available signals are normal range; optional check-in changed most.,Sustainable
irregular_cycle,57,2026-02-26,97.7,0.936,93.0,0.741,92.6,0.881,Available signals are normal range; optional check-in changed most.,Sustainable
irregular_cycle,58,2026-02-27,98.8,0.938,91.3,0.742,99.1,0.882,Available signals are normal range; optional check-in changed most.,Sustainable
irregular_cycle,59,2026-02-28,98.8,0.919,96.4,0.734,92.3,0.882,Available signals are normal range; optional check-in changed most.,Sustainable
irregular_cycle,60,2026-03-01,98.7,0.938,95.2,0.742,91.4,0.882,Available signals are normal range; optional check-in changed most.,Sustainable
irregular_cycle,61,2026-03-02,94.0,0.942,94.1,0.744,94.7,0.882,Available signals are normal range; optional check-in changed most.,Sustainable
irregular_cycle,62,2026-03-03,93.6,0.948,90.9,0.747,90.6,0.882,Available signals are normal range; optional check-in changed most.,Sustainable
irregular_cycle,63,2026-03-04,97.2,0.947,88.8,0.747,94.7,0.882,Available signals are normal range; optional check-in changed most.,Sustainable
irregular_cycle,64,2026-03-05,97.5,0.922,92.0,0.735,99.7,0.882,Available signals are normal range; optional check-in changed most.,Sustainable
irregular_cycle,65,2026-03-06,98.0,0.946,94.3,0.746,93.3,0.882,Available signals are normal range; optional check-in changed most.,Sustainable
irregular_cycle,66,2026-03-07,92.7,0.932,90.8,0.74,94.9,0.882,Available signals are normal range; optional check-in changed most.,Sustainable
irregular_cycle,67,2026-03-08,95.6,0.944,89.8,0.745,94.2,0.882,Available signals are normal range; optional check-in changed most.,Sustainable
irregular_cycle,68,2026-03-09,96.5,0.951,93.2,0.748,94.0,0.882,Available signals are normal range; optional check-in changed most.,Sustainable
irregular_cycle,69,2026-03-10,97.6,0.929,94.1,0.739,93.3,0.882,Available signals are normal range; optional check-in changed most.,Sustainable
irregular_cycle,70,2026-03-11,96.7,0.947,94.4,0.747,93.1,0.882,Available signals are normal range; optional check-in changed most.,Sustainable
irregular_cycle,71,2026-03-12,99.2,0.942,90.4,0.744,90.6,0.882,Available signals are normal range; optional check-in changed most.,Sustainable
irregular_cycle,72,2026-03-13,97.2,0.946,94.5,0.746,96.9,0.882,Available signals are normal range; optional check-in changed most.,Sustainable
irregular_cycle,73,2026-03-14,88.7,0.937,87.7,0.742,98.9,0.882,Available signals are normal range; optional check-in changed most.,Sustainable
irregular_cycle,74,2026-03-15,97.5,0.919,87.8,0.734,89.3,0.882,Available signals are normal range; optional check-in changed most.,Sustainable
irregular_cycle,75,2026-03-16,95.7,0.937,94.0,0.742,98.5,0.882,Available signals are normal range; optional check-in changed most.,Sustainable
irregular_cycle,76,2026-03-17,97.8,0.919,90.9,0.734,97.7,0.882,Available signals are normal range; optional check-in changed most.,Sustainable
irregular_cycle,77,2026-03-18,97.9,0.944,89.2,0.745,96.5,0.882,Available signals are normal range; optional check-in changed most.,Sustainable
irregular_cycle,78,2026-03-19,91.0,0.942,92.0,0.744,96.6,0.882,Available signals are normal range; optional check-in changed most.,Sustainable
irregular_cycle,79,2026-03-20,95.8,0.935,95.3,0.741,98.9,0.882,Available signals are normal range; optional check-in changed most.,Sustainable
irregular_cycle,80,2026-03-21,87.5,0.949,88.6,0.747,95.9,0.882,Available signals are normal range; optional check-in changed most.,Sustainable
irregular_cycle,81,2026-03-22,97.7,0.94,88.2,0.743,97.7,0.882,Available signals are normal range; optional check-in changed most.,Sustainable
irregular_cycle,82,2026-03-23,95.8,0.947,91.8,0.747,94.8,0.882,Available signals are normal range; optional check-in changed most.,Sustainable
irregular_cycle,83,2026-03-24,98.4,0.937,92.1,0.742,99.3,0.882,Available signals are normal range; optional check-in changed most.,Sustainable
irregular_cycle,84,2026-03-25,96.3,0.937,94.0,0.742,93.2,0.882,Available signals are normal range; optional check-in changed most.,Sustainable
irregular_cycle,85,2026-03-26,95.9,0.941,92.0,0.744,98.0,0.882,Available signals are normal range; optional check-in changed most.,Sustainable
irregular_cycle,86,2026-03-27,97.7,0.926,93.2,0.737,97.6,0.882,Available signals are normal range; optional check-in changed most.,Sustainable
irregular_cycle,87,2026-03-28,96.9,0.937,90.0,0.742,91.1,0.882,Available signals are normal range; optional check-in changed most.,Sustainable
irregular_cycle,88,2026-03-29,95.7,0.922,93.0,0.735,90.2,0.882,Available signals are normal range; optional check-in changed most.,Sustainable
irregular_cycle,89,2026-03-30,98.6,0.923,89.3,0.736,97.6,0.882,Available signals are normal range; optional check-in changed most.,Sustainable
irregular_cycle,90,2026-03-31,97.6,0.931,94.5,0.739,95.0,0.882,Available signals are normal range; optional check-in changed most.,Sustainable
hormonal_contraception,1,2026-01-01,80.7,0.747,82.1,0.643,84.7,0.762,Available signals are normal range; optional check-in changed most.,Sustainable
hormonal_contraception,2,2026-01-02,84.3,0.724,74.6,0.632,98.1,0.762,Available signals are some recovery may help; overnight pulse deviation changed most.,Sustainable
hormonal_contraception,3,2026-01-03,84.1,0.771,85.4,0.657,95.8,0.791,Available signals are normal range; optional check-in changed most.,Sustainable
hormonal_contraception,4,2026-01-04,85.0,0.797,87.3,0.669,90.8,0.793,Available signals are normal range; optional check-in changed most.,Sustainable
hormonal_contraception,5,2026-01-05,86.3,0.778,88.8,0.66,96.8,0.795,Available signals are normal range; optional check-in changed most.,Sustainable
hormonal_contraception,6,2026-01-06,85.1,0.798,83.4,0.669,98.7,0.797,Available signals are normal range; optional check-in changed most.,Sustainable
hormonal_contraception,7,2026-01-07,81.8,0.804,89.2,0.672,95.5,0.799,Available signals are normal range; optional check-in changed most.,Sustainable
hormonal_contraception,8,2026-01-08,85.7,0.789,85.9,0.666,96.6,0.802,Available signals are normal range; optional check-in changed most.,Sustainable
hormonal_contraception,9,2026-01-09,85.5,0.814,89.2,0.677,93.4,0.804,Available signals are normal range; optional check-in changed most.,Sustainable
hormonal_contraception,10,2026-01-10,84.5,0.803,87.1,0.673,98.1,0.806,Available signals are normal range; optional check-in changed most.,Sustainable
hormonal_contraception,11,2026-01-11,85.4,0.793,85.8,0.669,82.0,0.808,Available signals are normal range; optional check-in changed most.,Sustainable
hormonal_contraception,12,2026-01-12,83.0,0.827,89.3,0.684,96.0,0.81,Available signals are normal range; optional check-in changed most.,Sustainable
hormonal_contraception,13,2026-01-13,86.1,0.803,89.5,0.674,89.8,0.812,Available signals are normal range; optional check-in changed most.,Sustainable
hormonal_contraception,14,2026-01-14,85.6,0.83,87.6,0.686,99.3,0.815,Available signals are normal range; optional check-in changed most.,Sustainable
hormonal_contraception,15,2026-01-15,85.3,0.818,87.0,0.681,92.3,0.817,Available signals are normal range; optional check-in changed most.,Sustainable
hormonal_contraception,16,2026-01-16,85.5,0.815,88.3,0.68,95.3,0.819,Available signals are normal range; optional check-in changed most.,Sustainable
hormonal_contraception,17,2026-01-17,85.9,0.842,90.4,0.692,99.7,0.821,Available signals are normal range; optional check-in changed most.,Sustainable
hormonal_contraception,18,2026-01-18,81.8,0.846,87.6,0.694,98.3,0.823,Available signals are normal range; optional check-in changed most.,Sustainable
hormonal_contraception,19,2026-01-19,80.9,0.852,86.5,0.697,99.2,0.825,Available signals are normal range; optional check-in changed most.,Sustainable
hormonal_contraception,20,2026-01-20,85.0,0.835,85.5,0.69,99.5,0.827,Available signals are normal range; optional check-in changed most.,Sustainable
hormonal_contraception,21,2026-01-21,84.2,0.838,89.0,0.692,99.1,0.83,Available signals are normal range; optional check-in changed most.,Sustainable
hormonal_contraception,22,2026-01-22,84.5,0.856,84.3,0.7,92.3,0.832,Available signals are normal range; optional check-in changed most.,Sustainable
hormonal_contraception,23,2026-01-23,85.0,0.846,90.0,0.696,93.1,0.834,Available signals are normal range; optional check-in changed most.,Sustainable
hormonal_contraception,24,2026-01-24,86.5,0.865,84.6,0.704,95.4,0.836,Available signals are normal range; optional check-in changed most.,Sustainable
hormonal_contraception,25,2026-01-25,82.6,0.871,85.0,0.707,95.9,0.838,Available signals are normal range; optional check-in changed most.,Sustainable
hormonal_contraception,26,2026-01-26,85.9,0.868,90.8,0.706,97.6,0.84,Available signals are normal range; optional check-in changed most.,Sustainable
hormonal_contraception,27,2026-01-27,85.5,0.879,87.1,0.711,98.5,0.842,Available signals are normal range; optional check-in changed most.,Sustainable
hormonal_contraception,28,2026-01-28,85.1,0.853,88.2,0.7,96.0,0.844,Available signals are normal range; optional check-in changed most.,Sustainable
hormonal_contraception,29,2026-01-29,86.5,0.882,78.3,0.713,95.1,0.846,Available signals are some recovery may help; overnight pulse deviation changed most.,Sustainable
hormonal_contraception,30,2026-01-30,86.1,0.889,85.9,0.716,88.1,0.847,Available signals are normal range; optional check-in changed most.,Sustainable
hormonal_contraception,31,2026-01-31,85.9,0.878,91.1,0.712,94.7,0.848,Available signals are normal range; optional check-in changed most.,Sustainable
hormonal_contraception,32,2026-02-01,84.8,0.873,87.5,0.709,95.0,0.849,Available signals are normal range; optional check-in changed most.,Sustainable
hormonal_contraception,33,2026-02-02,83.9,0.881,88.0,0.713,96.6,0.851,Available signals are normal range; optional check-in changed most.,Sustainable
hormonal_contraception,34,2026-02-03,85.4,0.866,87.4,0.707,94.0,0.852,Available signals are normal range; optional check-in changed most.,Sustainable
hormonal_contraception,35,2026-02-04,84.8,0.885,82.9,0.715,87.5,0.853,Available signals are normal range; overnight pulse deviation changed most.,Sustainable
hormonal_contraception,36,2026-02-05,80.5,0.884,85.7,0.715,96.9,0.855,Available signals are normal range; optional check-in changed most.,Sustainable
hormonal_contraception,37,2026-02-06,84.5,0.878,88.7,0.712,95.9,0.856,Available signals are normal range; optional check-in changed most.,Sustainable
hormonal_contraception,38,2026-02-07,82.7,0.875,88.6,0.711,96.6,0.857,Available signals are normal range; optional check-in changed most.,Sustainable
hormonal_contraception,39,2026-02-08,85.9,0.891,90.7,0.719,93.5,0.858,Available signals are normal range; optional check-in changed most.,Sustainable
hormonal_contraception,40,2026-02-09,84.5,0.903,88.6,0.724,94.5,0.86,Available signals are normal range; optional check-in changed most.,Sustainable
hormonal_contraception,41,2026-02-10,85.4,0.907,86.9,0.726,94.5,0.861,Available signals are normal range; optional check-in changed most.,Sustainable
hormonal_contraception,42,2026-02-11,80.9,0.904,87.2,0.725,96.9,0.862,Available signals are normal range; optional check-in changed most.,Sustainable
hormonal_contraception,43,2026-02-12,82.3,0.895,83.0,0.721,98.5,0.863,Available signals are normal range; optional check-in changed most.,Sustainable
hormonal_contraception,44,2026-02-13,85.7,0.917,86.0,0.731,98.4,0.864,Available signals are normal range; optional check-in changed most.,Sustainable
hormonal_contraception,45,2026-02-14,85.3,0.908,88.6,0.727,94.6,0.866,Available signals are normal range; optional check-in changed most.,Sustainable
hormonal_contraception,46,2026-02-15,85.9,0.891,89.3,0.72,91.1,0.867,Available signals are normal range; optional check-in changed most.,Sustainable
hormonal_contraception,47,2026-02-16,86.5,0.915,88.7,0.731,92.5,0.868,Available signals are normal range; optional check-in changed most.,Sustainable
hormonal_contraception,48,2026-02-17,85.8,0.925,87.6,0.735,97.6,0.87,Available signals are normal range; optional check-in changed most.,Sustainable
hormonal_contraception,49,2026-02-18,83.7,0.898,85.5,0.723,99.8,0.871,Available signals are normal range; optional check-in changed most.,Sustainable
hormonal_contraception,50,2026-02-19,79.4,0.906,86.4,0.727,94.7,0.872,Available signals are normal range; optional check-in changed most.,Sustainable
hormonal_contraception,51,2026-02-20,85.2,0.925,84.9,0.735,98.3,0.873,Available signals are normal range; optional check-in changed most.,Sustainable
hormonal_contraception,52,2026-02-21,84.2,0.914,89.1,0.731,96.2,0.874,Available signals are normal range; optional check-in changed most.,Sustainable
hormonal_contraception,53,2026-02-22,85.5,0.922,89.1,0.734,99.1,0.876,Available signals are normal range; optional check-in changed most.,Sustainable
hormonal_contraception,54,2026-02-23,80.6,0.91,87.9,0.729,98.5,0.877,Available signals are normal range; optional check-in changed most.,Sustainable
hormonal_contraception,55,2026-02-24,81.8,0.944,84.4,0.745,86.9,0.878,Available signals are normal range; optional check-in changed most.,Sustainable
hormonal_contraception,56,2026-02-25,85.7,0.916,88.9,0.732,97.4,0.879,Available signals are normal range; optional check-in changed most.,Sustainable
hormonal_contraception,57,2026-02-26,81.2,0.914,84.5,0.732,97.8,0.881,Available signals are normal range; optional check-in changed most.,Sustainable
hormonal_contraception,58,2026-02-27,85.8,0.921,85.1,0.735,97.3,0.882,Available signals are normal range; optional check-in changed most.,Sustainable
hormonal_contraception,59,2026-02-28,85.0,0.948,83.0,0.747,97.1,0.882,Available signals are normal range; optional check-in changed most.,Sustainable
hormonal_contraception,60,2026-03-01,85.5,0.938,89.3,0.743,94.7,0.882,Available signals are normal range; optional check-in changed most.,Sustainable
hormonal_contraception,61,2026-03-02,75.2,0.947,85.3,0.747,93.5,0.882,Available signals are normal range; optional check-in changed most.,Sustainable
hormonal_contraception,62,2026-03-03,84.8,0.946,87.6,0.746,95.3,0.882,Available signals are normal range; optional check-in changed most.,Sustainable
hormonal_contraception,63,2026-03-04,80.1,0.933,87.7,0.74,93.7,0.882,Available signals are normal range; optional check-in changed most.,Sustainable
hormonal_contraception,64,2026-03-05,84.6,0.924,88.4,0.736,95.5,0.882,Available signals are normal range; optional check-in changed most.,Sustainable
hormonal_contraception,65,2026-03-06,85.3,0.916,87.5,0.733,93.0,0.882,Available signals are normal range; optional check-in changed most.,Sustainable
hormonal_contraception,66,2026-03-07,83.1,0.926,85.4,0.737,94.6,0.882,Available signals are normal range; optional check-in changed most.,Sustainable
hormonal_contraception,67,2026-03-08,80.4,0.927,83.7,0.738,93.1,0.882,Available signals are normal range; optional check-in changed most.,Sustainable
hormonal_contraception,68,2026-03-09,84.9,0.951,85.1,0.748,96.1,0.882,Available signals are normal range; optional check-in changed most.,Sustainable
hormonal_contraception,69,2026-03-10,78.1,0.931,85.8,0.739,96.7,0.882,Available signals are normal range; optional check-in changed most.,Sustainable
hormonal_contraception,70,2026-03-11,84.6,0.947,85.6,0.746,91.7,0.882,Available signals are normal range; optional check-in changed most.,Sustainable
hormonal_contraception,71,2026-03-12,85.0,0.937,89.5,0.742,89.8,0.882,Available signals are normal range; optional check-in changed most.,Sustainable
hormonal_contraception,72,2026-03-13,84.9,0.945,84.2,0.746,98.4,0.882,Available signals are normal range; optional check-in changed most.,Sustainable
hormonal_contraception,73,2026-03-14,85.5,0.941,86.5,0.744,97.7,0.882,Available signals are normal range; optional check-in changed most.,Sustainable
hormonal_contraception,74,2026-03-15,85.9,0.927,87.8,0.738,97.8,0.882,Available signals are normal range; optional check-in changed most.,Sustainable
hormonal_contraception,75,2026-03-16,85.2,0.928,86.8,0.738,93.1,0.882,Available signals are normal range; optional check-in changed most.,Sustainable
hormonal_contraception,76,2026-03-17,84.5,0.917,88.7,0.733,97.9,0.882,Available signals are normal range; optional check-in changed most.,Sustainable
hormonal_contraception,77,2026-03-18,85.7,0.943,88.8,0.745,97.7,0.882,Available signals are normal range; optional check-in changed most.,Sustainable
hormonal_contraception,78,2026-03-19,85.5,0.927,88.9,0.737,91.1,0.882,Available signals are normal range; optional check-in changed most.,Sustainable
hormonal_contraception,79,2026-03-20,86.0,0.932,86.2,0.74,90.4,0.882,Available signals are normal range; optional check-in changed most.,Sustainable
hormonal_contraception,80,2026-03-21,86.5,0.936,88.5,0.742,97.8,0.882,Available signals are normal range; optional check-in changed most.,Sustainable
hormonal_contraception,81,2026-03-22,85.4,0.949,80.1,0.747,90.4,0.882,Available signals are some recovery may help; overnight pulse deviation changed most.,Sustainable
hormonal_contraception,82,2026-03-23,83.6,0.941,88.9,0.744,96.3,0.882,Available signals are normal range; optional check-in changed most.,Sustainable
hormonal_contraception,83,2026-03-24,85.1,0.937,86.9,0.742,94.9,0.882,Available signals are normal range; optional check-in changed most.,Sustainable
hormonal_contraception,84,2026-03-25,86.3,0.944,88.5,0.745,99.3,0.882,Available signals are normal range; optional check-in changed most.,Sustainable
hormonal_contraception,85,2026-03-26,77.5,0.946,79.8,0.746,96.0,0.882,Available signals are some recovery may help; optional check-in changed most.,Sustainable
hormonal_contraception,86,2026-03-27,84.6,0.931,90.4,0.739,98.6,0.882,Available signals are normal range; optional check-in changed most.,Sustainable
hormonal_contraception,87,2026-03-28,85.2,0.925,89.8,0.737,92.1,0.882,Available signals are normal range; optional check-in changed most.,Sustainable
hormonal_contraception,88,2026-03-29,78.2,0.917,86.3,0.733,94.9,0.882,Available signals are normal range; optional check-in changed most.,Sustainable
hormonal_contraception,89,2026-03-30,81.2,0.933,89.2,0.74,96.7,0.882,Available signals are normal range; optional check-in changed most.,Sustainable
hormonal_contraception,90,2026-03-31,84.4,0.922,83.7,0.735,91.6,0.882,Available signals are normal range; optional check-in changed most.,Sustainable
follicular_phase,1,2026-01-01,97.0,0.737,95.5,0.638,97.2,0.762,Available signals are normal range; optional check-in changed most.,Sustainable
follicular_phase,2,2026-01-02,93.6,0.729,89.2,0.634,97.8,0.762,Available signals are normal range; optional check-in changed most.,Sustainable
follicular_phase,3,2026-01-03,97.3,0.787,88.6,0.664,98.5,0.791,Available signals are normal range; optional check-in changed most.,Sustainable
follicular_phase,4,2026-01-04,97.6,0.782,89.6,0.662,99.6,0.793,Available signals are normal range; optional check-in changed most.,Sustainable
follicular_phase,5,2026-01-05,97.1,0.79,95.2,0.666,95.1,0.795,Available signals are normal range; optional check-in changed most.,Sustainable
follicular_phase,6,2026-01-06,95.6,0.797,94.2,0.669,93.8,0.797,Available signals are normal range; optional check-in changed most.,Sustainable
follicular_phase,7,2026-01-07,97.4,0.78,91.9,0.662,97.0,0.799,Available signals are normal range; optional check-in changed most.,Sustainable
follicular_phase,8,2026-01-08,96.7,0.793,92.6,0.668,95.6,0.802,Available signals are normal range; optional check-in changed most.,Sustainable
follicular_phase,9,2026-01-09,88.5,0.801,87.4,0.672,95.8,0.804,Available signals are normal range; optional check-in changed most.,Sustainable
follicular_phase,10,2026-01-10,98.3,0.809,91.5,0.675,99.1,0.806,Available signals are normal range; optional check-in changed most.,Sustainable
follicular_phase,11,2026-01-11,98.3,0.821,93.5,0.681,93.1,0.808,Available signals are normal range; optional check-in changed most.,Sustainable
follicular_phase,12,2026-01-12,99.9,0.829,91.3,0.685,96.3,0.81,Available signals are normal range; optional check-in changed most.,Sustainable
follicular_phase,13,2026-01-13,97.6,0.814,94.9,0.679,95.0,0.812,Available signals are normal range; optional check-in changed most.,Sustainable
follicular_phase,14,2026-01-14,97.2,0.815,88.2,0.679,98.3,0.815,Available signals are normal range; optional check-in changed most.,Sustainable
follicular_phase,15,2026-01-15,94.0,0.81,92.0,0.677,96.3,0.817,Available signals are normal range; optional check-in changed most.,Sustainable
follicular_phase,16,2026-01-16,97.6,0.825,94.8,0.684,95.4,0.819,Available signals are normal range; optional check-in changed most.,Sustainable
follicular_phase,17,2026-01-17,95.4,0.828,89.3,0.686,96.6,0.821,Available signals are normal range; optional check-in changed most.,Sustainable
follicular_phase,18,2026-01-18,95.7,0.828,91.2,0.686,96.0,0.823,Available signals are normal range; optional check-in changed most.,Sustainable
follicular_phase,19,2026-01-19,95.9,0.823,93.1,0.684,98.7,0.825,Available signals are normal range; optional check-in changed most.,Sustainable
follicular_phase,20,2026-01-20,97.0,0.854,91.7,0.698,96.7,0.827,Available signals are normal range; optional check-in changed most.,Sustainable
follicular_phase,21,2026-01-21,92.1,0.842,91.0,0.693,96.3,0.83,Available signals are normal range; optional check-in changed most.,Sustainable
follicular_phase,22,2026-01-22,97.2,0.838,95.2,0.692,95.4,0.832,Available signals are normal range; optional check-in changed most.,Sustainable
follicular_phase,23,2026-01-23,98.3,0.834,95.9,0.69,97.6,0.834,Available signals are normal range; optional check-in changed most.,Sustainable
follicular_phase,24,2026-01-24,95.1,0.855,88.2,0.7,96.8,0.836,Available signals are normal range; optional check-in changed most.,Sustainable
follicular_phase,25,2026-01-25,97.5,0.862,93.6,0.703,91.2,0.838,Available signals are normal range; optional check-in changed most.,Sustainable
follicular_phase,26,2026-01-26,98.0,0.846,91.0,0.696,99.7,0.84,Available signals are normal range; optional check-in changed most.,Sustainable
follicular_phase,27,2026-01-27,99.1,0.862,90.4,0.703,94.9,0.842,Available signals are normal range; optional check-in changed most.,Sustainable
follicular_phase,28,2026-01-28,95.3,0.862,92.7,0.704,93.8,0.844,Available signals are normal range; optional check-in changed most.,Sustainable
follicular_phase,29,2026-01-29,97.9,0.871,91.4,0.708,94.9,0.846,Available signals are normal range; optional check-in changed most.,Sustainable
follicular_phase,30,2026-01-30,98.3,0.859,93.0,0.703,90.3,0.847,Available signals are normal range; optional check-in changed most.,Sustainable
follicular_phase,31,2026-01-31,98.1,0.891,93.2,0.717,95.1,0.848,Available signals are normal range; optional check-in changed most.,Sustainable
follicular_phase,32,2026-02-01,97.8,0.881,94.8,0.713,96.3,0.849,Available signals are normal range; optional check-in changed most.,Sustainable
follicular_phase,33,2026-02-02,92.6,0.89,94.1,0.717,96.5,0.851,Available signals are normal range; optional check-in changed most.,Sustainable
follicular_phase,34,2026-02-03,97.9,0.896,94.0,0.72,99.1,0.852,Available signals are normal range; optional check-in changed most.,Sustainable
follicular_phase,35,2026-02-04,98.6,0.893,90.5,0.719,99.0,0.853,Available signals are normal range; optional check-in changed most.,Sustainable
follicular_phase,36,2026-02-05,97.9,0.871,95.3,0.709,94.4,0.855,Available signals are normal range; optional check-in changed most.,Sustainable
follicular_phase,37,2026-02-06,95.4,0.894,93.0,0.72,99.4,0.856,Available signals are normal range; optional check-in changed most.,Sustainable
follicular_phase,38,2026-02-07,97.7,0.907,95.9,0.726,93.8,0.857,Available signals are normal range; optional check-in changed most.,Sustainable
follicular_phase,39,2026-02-08,96.5,0.878,90.8,0.713,98.7,0.858,Available signals are normal range; optional check-in changed most.,Sustainable
follicular_phase,40,2026-02-09,97.7,0.906,94.8,0.726,94.1,0.86,Available signals are normal range; optional check-in changed most.,Sustainable
follicular_phase,41,2026-02-10,97.4,0.902,94.7,0.724,90.7,0.861,Available signals are normal range; optional check-in changed most.,Sustainable
follicular_phase,42,2026-02-11,98.2,0.903,95.4,0.724,96.6,0.862,Available signals are normal range; optional check-in changed most.,Sustainable
follicular_phase,43,2026-02-12,98.1,0.895,88.9,0.721,96.2,0.863,Available signals are normal range; optional check-in changed most.,Sustainable
follicular_phase,44,2026-02-13,98.9,0.914,92.4,0.73,98.9,0.864,Available signals are normal range; optional check-in changed most.,Sustainable
follicular_phase,45,2026-02-14,98.7,0.907,92.8,0.727,95.9,0.866,Available signals are normal range; optional check-in changed most.,Sustainable
follicular_phase,46,2026-02-15,97.1,0.899,94.6,0.723,88.8,0.867,Available signals are normal range; optional check-in changed most.,Sustainable
follicular_phase,47,2026-02-16,99.1,0.924,94.7,0.734,91.0,0.868,Available signals are normal range; optional check-in changed most.,Sustainable
follicular_phase,48,2026-02-17,97.3,0.899,93.1,0.724,91.0,0.87,Available signals are normal range; optional check-in changed most.,Sustainable
follicular_phase,49,2026-02-18,98.6,0.922,95.7,0.734,97.2,0.871,Available signals are normal range; optional check-in changed most.,Sustainable
follicular_phase,50,2026-02-19,97.2,0.909,93.1,0.728,99.4,0.872,Available signals are normal range; optional check-in changed most.,Sustainable
follicular_phase,51,2026-02-20,92.0,0.909,85.5,0.728,98.4,0.873,Available signals are normal range; overnight pulse deviation changed most.,Sustainable
follicular_phase,52,2026-02-21,97.6,0.921,95.8,0.734,91.7,0.874,Available signals are normal range; optional check-in changed most.,Sustainable
follicular_phase,53,2026-02-22,94.7,0.936,90.6,0.741,98.3,0.876,Available signals are normal range; optional check-in changed most.,Sustainable
follicular_phase,54,2026-02-23,98.4,0.93,95.0,0.738,96.5,0.877,Available signals are normal range; optional check-in changed most.,Sustainable
follicular_phase,55,2026-02-24,98.3,0.915,92.8,0.732,97.4,0.878,Available signals are normal range; optional check-in changed most.,Sustainable
follicular_phase,56,2026-02-25,97.9,0.943,93.3,0.744,97.3,0.879,Available signals are normal range; optional check-in changed most.,Sustainable
follicular_phase,57,2026-02-26,98.3,0.94,91.0,0.743,93.9,0.881,Available signals are normal range; optional check-in changed most.,Sustainable
follicular_phase,58,2026-02-27,98.2,0.935,95.4,0.741,94.4,0.882,Available signals are normal range; optional check-in changed most.,Sustainable
follicular_phase,59,2026-02-28,97.3,0.931,92.9,0.739,96.4,0.882,Available signals are normal range; optional check-in changed most.,Sustainable
follicular_phase,60,2026-03-01,95.3,0.936,94.0,0.742,91.4,0.882,Available signals are normal range; optional check-in changed most.,Sustainable
follicular_phase,61,2026-03-02,98.4,0.929,95.0,0.739,94.2,0.882,Available signals are normal range; optional check-in changed most.,Sustainable
follicular_phase,62,2026-03-03,98.2,0.947,91.3,0.746,95.2,0.882,Available signals are normal range; optional check-in changed most.,Sustainable
follicular_phase,63,2026-03-04,99.8,0.935,89.4,0.741,91.4,0.882,Available signals are normal range; optional check-in changed most.,Sustainable
follicular_phase,64,2026-03-05,98.8,0.925,93.0,0.737,97.2,0.882,Available signals are normal range; optional check-in changed most.,Sustainable
follicular_phase,65,2026-03-06,99.1,0.926,93.0,0.737,90.6,0.882,Available signals are normal range; optional check-in changed most.,Sustainable
follicular_phase,66,2026-03-07,89.3,0.936,88.1,0.742,94.9,0.882,Available signals are normal range; optional check-in changed most.,Sustainable
follicular_phase,67,2026-03-08,91.1,0.937,89.6,0.742,94.1,0.882,Available signals are normal range; optional check-in changed most.,Sustainable
follicular_phase,68,2026-03-09,98.2,0.919,89.5,0.734,92.7,0.882,Available signals are normal range; optional check-in changed most.,Sustainable
follicular_phase,69,2026-03-10,97.4,0.92,93.5,0.735,97.9,0.882,Available signals are normal range; optional check-in changed most.,Sustainable
follicular_phase,70,2026-03-11,96.7,0.948,94.4,0.747,97.8,0.882,Available signals are normal range; optional check-in changed most.,Sustainable
follicular_phase,71,2026-03-12,97.1,0.935,95.4,0.741,98.1,0.882,Available signals are normal range; optional check-in changed most.,Sustainable
follicular_phase,72,2026-03-13,95.4,0.918,93.2,0.733,93.9,0.882,Available signals are normal range; optional check-in changed most.,Sustainable
follicular_phase,73,2026-03-14,98.7,0.924,93.6,0.736,95.0,0.882,Available signals are normal range; optional check-in changed most.,Sustainable
follicular_phase,74,2026-03-15,96.6,0.933,93.7,0.74,100.0,0.882,Available signals are normal range; optional check-in changed most.,Sustainable
follicular_phase,75,2026-03-16,97.1,0.917,92.9,0.733,97.1,0.882,Available signals are normal range; optional check-in changed most.,Sustainable
follicular_phase,76,2026-03-17,97.2,0.947,95.6,0.746,97.3,0.882,Available signals are normal range; optional check-in changed most.,Sustainable
follicular_phase,77,2026-03-18,96.7,0.942,94.8,0.744,99.2,0.882,Available signals are normal range; optional check-in changed most.,Sustainable
follicular_phase,78,2026-03-19,97.8,0.94,93.1,0.743,93.9,0.882,Available signals are normal range; optional check-in changed most.,Sustainable
follicular_phase,79,2026-03-20,96.4,0.951,91.8,0.748,98.7,0.882,Available signals are normal range; optional check-in changed most.,Sustainable
follicular_phase,80,2026-03-21,99.0,0.918,92.2,0.734,95.6,0.882,Available signals are normal range; optional check-in changed most.,Sustainable
follicular_phase,81,2026-03-22,97.2,0.928,90.9,0.738,98.8,0.882,Available signals are normal range; optional check-in changed most.,Sustainable
follicular_phase,82,2026-03-23,98.6,0.919,91.9,0.734,89.6,0.882,Available signals are normal range; optional check-in changed most.,Sustainable
follicular_phase,83,2026-03-24,98.2,0.919,95.5,0.734,90.7,0.882,Available signals are normal range; optional check-in changed most.,Sustainable
follicular_phase,84,2026-03-25,96.7,0.915,90.2,0.732,98.8,0.882,Available signals are normal range; optional check-in changed most.,Sustainable
follicular_phase,85,2026-03-26,97.3,0.924,94.9,0.736,98.4,0.882,Available signals are normal range; optional check-in changed most.,Sustainable
follicular_phase,86,2026-03-27,87.5,0.935,89.5,0.741,97.3,0.882,Available signals are normal range; optional check-in changed most.,Sustainable
follicular_phase,87,2026-03-28,93.9,0.925,92.8,0.737,91.6,0.882,Available signals are normal range; optional check-in changed most.,Sustainable
follicular_phase,88,2026-03-29,99.2,0.932,90.4,0.74,93.7,0.882,Available signals are normal range; optional check-in changed most.,Sustainable
follicular_phase,89,2026-03-30,96.2,0.928,92.1,0.738,91.2,0.882,Available signals are normal range; optional check-in changed most.,Sustainable
follicular_phase,90,2026-03-31,98.5,0.944,95.3,0.745,95.2,0.882,Available signals are normal range; optional check-in changed most.,Sustainable
luteal_phase,1,2026-01-01,97.3,0.749,93.1,0.643,82.5,0.762,Available signals are normal range; optional check-in changed most.,Sustainable
luteal_phase,2,2026-01-02,91.1,0.721,87.7,0.631,80.3,0.762,Available signals are normal range; optional check-in changed most.,Sustainable
luteal_phase,3,2026-01-03,94.3,0.766,93.2,0.655,82.5,0.791,Available signals are normal range; optional check-in changed most.,Sustainable
luteal_phase,4,2026-01-04,97.3,0.789,92.9,0.665,77.5,0.793,Available signals are normal range; optional check-in changed most.,Building
luteal_phase,5,2026-01-05,97.7,0.786,91.5,0.664,78.4,0.795,Available signals are normal range; optional check-in changed most.,Building
luteal_phase,6,2026-01-06,96.8,0.807,92.7,0.674,81.4,0.797,Available signals are normal range; optional check-in changed most.,Sustainable
luteal_phase,7,2026-01-07,96.6,0.812,94.3,0.676,81.5,0.799,Available signals are normal range; optional check-in changed most.,Sustainable
luteal_phase,8,2026-01-08,97.3,0.811,85.7,0.676,83.2,0.802,Available signals are normal range; overnight pulse deviation changed most.,Sustainable
luteal_phase,9,2026-01-09,96.9,0.811,92.0,0.676,85.4,0.804,Available signals are normal range; optional check-in changed most.,Sustainable
luteal_phase,10,2026-01-10,91.6,0.79,86.3,0.667,74.6,0.806,Available signals are normal range; optional check-in changed most.,Building
luteal_phase,11,2026-01-11,99.7,0.802,94.5,0.673,82.2,0.808,Available signals are normal range; optional check-in changed most.,Sustainable
luteal_phase,12,2026-01-12,98.1,0.801,95.1,0.673,79.1,0.81,Available signals are normal range; optional check-in changed most.,Building
luteal_phase,13,2026-01-13,92.3,0.819,93.2,0.681,79.9,0.812,Available signals are normal range; optional check-in changed most.,Building
luteal_phase,14,2026-01-14,94.1,0.811,93.4,0.678,81.5,0.815,Available signals are normal range; optional check-in changed most.,Sustainable
luteal_phase,15,2026-01-15,97.7,0.821,92.8,0.682,84.7,0.817,Available signals are normal range; optional check-in changed most.,Sustainable
luteal_phase,16,2026-01-16,96.2,0.819,86.1,0.682,84.7,0.819,Available signals are normal range; overnight pulse deviation changed most.,Sustainable
luteal_phase,17,2026-01-17,99.1,0.834,95.2,0.689,82.3,0.821,Available signals are normal range; optional check-in changed most.,Sustainable
luteal_phase,18,2026-01-18,89.2,0.82,91.6,0.683,76.4,0.823,Available signals are normal range; optional check-in changed most.,Building
luteal_phase,19,2026-01-19,92.9,0.836,87.7,0.69,81.8,0.825,Available signals are normal range; optional check-in changed most.,Sustainable
luteal_phase,20,2026-01-20,94.4,0.846,90.2,0.695,67.6,0.827,Available signals are normal range; optional check-in changed most.,Building
luteal_phase,21,2026-01-21,96.0,0.862,93.5,0.702,86.5,0.83,Available signals are normal range; optional check-in changed most.,Sustainable
luteal_phase,22,2026-01-22,98.9,0.856,91.7,0.7,81.5,0.832,Available signals are normal range; optional check-in changed most.,Sustainable
luteal_phase,23,2026-01-23,93.9,0.865,92.8,0.704,80.9,0.834,Available signals are normal range; optional check-in changed most.,Sustainable
luteal_phase,24,2026-01-24,98.4,0.847,93.2,0.696,86.7,0.836,Available signals are normal range; optional check-in changed most.,Sustainable
luteal_phase,25,2026-01-25,97.3,0.847,93.3,0.696,86.8,0.838,Available signals are normal range; optional check-in changed most.,Sustainable
luteal_phase,26,2026-01-26,96.9,0.86,84.9,0.703,82.5,0.84,Available signals are normal range; overnight pulse deviation changed most.,Sustainable
luteal_phase,27,2026-01-27,98.9,0.879,93.2,0.711,71.2,0.842,Available signals are normal range; optional check-in changed most.,Building
luteal_phase,28,2026-01-28,97.9,0.87,95.5,0.708,81.3,0.844,Available signals are normal range; optional check-in changed most.,Sustainable
luteal_phase,29,2026-01-29,96.9,0.872,93.5,0.708,79.6,0.846,Available signals are normal range; optional check-in changed most.,Building
luteal_phase,30,2026-01-30,97.1,0.872,93.3,0.709,80.2,0.847,Available signals are normal range; optional check-in changed most.,Sustainable
luteal_phase,31,2026-01-31,98.7,0.862,87.0,0.705,78.3,0.848,Available signals are normal range; overnight pulse deviation changed most.,Building
luteal_phase,32,2026-02-01,97.6,0.896,93.8,0.72,82.8,0.849,Available signals are normal range; optional check-in changed most.,Sustainable
luteal_phase,33,2026-02-02,99.0,0.866,92.7,0.707,85.7,0.851,Available signals are normal range; optional check-in changed most.,Sustainable
luteal_phase,34,2026-02-03,94.9,0.874,91.5,0.71,84.1,0.852,Available signals are normal range; optional check-in changed most.,Sustainable
luteal_phase,35,2026-02-04,98.4,0.873,90.3,0.71,71.3,0.853,Available signals are normal range; optional check-in changed most.,Building
luteal_phase,36,2026-02-05,91.6,0.88,88.3,0.713,83.8,0.855,Available signals are normal range; optional check-in changed most.,Sustainable
luteal_phase,37,2026-02-06,91.5,0.872,87.7,0.71,74.6,0.856,Available signals are normal range; optional check-in changed most.,Building
luteal_phase,38,2026-02-07,97.8,0.878,87.7,0.712,88.1,0.857,Available signals are normal range; optional check-in changed most.,Sustainable
luteal_phase,39,2026-02-08,99.7,0.877,93.8,0.712,83.8,0.858,Available signals are normal range; optional check-in changed most.,Sustainable
luteal_phase,40,2026-02-09,95.4,0.908,91.4,0.726,82.3,0.86,Available signals are normal range; optional check-in changed most.,Sustainable
luteal_phase,41,2026-02-10,98.1,0.908,94.2,0.726,79.7,0.861,Available signals are normal range; optional check-in changed most.,Building
luteal_phase,42,2026-02-11,97.8,0.908,83.2,0.727,79.9,0.862,Available signals are normal range; overnight pulse deviation changed most.,Building
luteal_phase,43,2026-02-12,95.2,0.903,88.5,0.724,81.1,0.863,Available signals are normal range; optional check-in changed most.,Sustainable
luteal_phase,44,2026-02-13,98.0,0.895,90.4,0.721,79.2,0.864,Available signals are normal range; optional check-in changed most.,Building
luteal_phase,45,2026-02-14,96.6,0.909,95.2,0.727,88.0,0.866,Available signals are normal range; optional check-in changed most.,Sustainable
luteal_phase,46,2026-02-15,96.1,0.917,90.7,0.731,82.6,0.867,Available signals are normal range; optional check-in changed most.,Sustainable
luteal_phase,47,2026-02-16,97.4,0.895,94.8,0.721,81.4,0.868,Available signals are normal range; optional check-in changed most.,Sustainable
luteal_phase,48,2026-02-17,97.8,0.908,90.6,0.728,83.5,0.87,Available signals are normal range; optional check-in changed most.,Sustainable
luteal_phase,49,2026-02-18,98.7,0.926,88.9,0.736,77.0,0.871,Available signals are normal range; optional check-in changed most.,Building
luteal_phase,50,2026-02-19,99.7,0.918,87.7,0.732,81.5,0.872,Available signals are normal range; optional check-in changed most.,Sustainable
luteal_phase,51,2026-02-20,98.4,0.922,94.1,0.734,78.8,0.873,Available signals are normal range; optional check-in changed most.,Building
luteal_phase,52,2026-02-21,99.2,0.908,92.1,0.728,84.7,0.874,Available signals are normal range; optional check-in changed most.,Sustainable
luteal_phase,53,2026-02-22,98.6,0.915,92.5,0.731,81.2,0.876,Available signals are normal range; optional check-in changed most.,Sustainable
luteal_phase,54,2026-02-23,95.7,0.907,93.8,0.728,85.6,0.877,Available signals are normal range; optional check-in changed most.,Sustainable
luteal_phase,55,2026-02-24,98.1,0.915,89.9,0.732,78.9,0.878,Available signals are normal range; optional check-in changed most.,Building
luteal_phase,56,2026-02-25,97.6,0.946,91.1,0.746,80.3,0.879,Available signals are normal range; optional check-in changed most.,Sustainable
luteal_phase,57,2026-02-26,97.0,0.94,91.9,0.743,84.4,0.881,Available signals are normal range; optional check-in changed most.,Sustainable
luteal_phase,58,2026-02-27,97.3,0.92,95.6,0.735,82.1,0.882,Available signals are normal range; optional check-in changed most.,Sustainable
luteal_phase,59,2026-02-28,97.7,0.948,91.9,0.747,79.0,0.882,Available signals are normal range; optional check-in changed most.,Building
luteal_phase,60,2026-03-01,97.5,0.927,91.7,0.737,81.4,0.882,Available signals are normal range; optional check-in changed most.,Sustainable
luteal_phase,61,2026-03-02,96.6,0.95,89.8,0.748,86.6,0.882,Available signals are normal range; optional check-in changed most.,Sustainable
luteal_phase,62,2026-03-03,98.9,0.932,93.3,0.74,78.3,0.882,Available signals are normal range; optional check-in changed most.,Building
luteal_phase,63,2026-03-04,97.7,0.927,88.8,0.738,83.5,0.882,Available signals are normal range; optional check-in changed most.,Sustainable
luteal_phase,64,2026-03-05,98.1,0.937,92.5,0.742,83.9,0.882,Available signals are normal range; optional check-in changed most.,Sustainable
luteal_phase,65,2026-03-06,97.0,0.936,89.8,0.742,82.8,0.882,Available signals are normal range; optional check-in changed most.,Sustainable
luteal_phase,66,2026-03-07,98.4,0.917,85.8,0.733,86.3,0.882,Available signals are normal range; overnight pulse deviation changed most.,Sustainable
luteal_phase,67,2026-03-08,97.6,0.918,95.7,0.734,80.9,0.882,Available signals are normal range; optional check-in changed most.,Sustainable
luteal_phase,68,2026-03-09,97.2,0.924,87.0,0.736,82.4,0.882,Available signals are normal range; overnight pulse deviation changed most.,Sustainable
luteal_phase,69,2026-03-10,97.1,0.917,95.0,0.733,87.7,0.882,Available signals are normal range; optional check-in changed most.,Sustainable
luteal_phase,70,2026-03-11,92.3,0.928,89.5,0.738,75.6,0.882,Available signals are normal range; optional check-in changed most.,Building
luteal_phase,71,2026-03-12,98.0,0.917,88.1,0.733,80.3,0.882,Available signals are normal range; overnight pulse deviation changed most.,Sustainable
luteal_phase,72,2026-03-13,96.8,0.941,93.4,0.744,80.4,0.882,Available signals are normal range; optional check-in changed most.,Sustainable
luteal_phase,73,2026-03-14,96.4,0.923,94.4,0.736,79.3,0.882,Available signals are normal range; optional check-in changed most.,Building
luteal_phase,74,2026-03-15,97.3,0.923,91.4,0.736,80.9,0.882,Available signals are normal range; optional check-in changed most.,Sustainable
luteal_phase,75,2026-03-16,98.1,0.938,93.0,0.742,79.5,0.882,Available signals are normal range; optional check-in changed most.,Building
luteal_phase,76,2026-03-17,98.8,0.941,91.7,0.744,81.8,0.882,Available signals are normal range; optional check-in changed most.,Sustainable
luteal_phase,77,2026-03-18,97.8,0.95,88.7,0.748,86.7,0.882,Available signals are normal range; optional check-in changed most.,Sustainable
luteal_phase,78,2026-03-19,93.8,0.932,91.1,0.74,80.9,0.882,Available signals are normal range; optional check-in changed most.,Sustainable
luteal_phase,79,2026-03-20,98.1,0.942,91.0,0.744,84.4,0.882,Available signals are normal range; optional check-in changed most.,Sustainable
luteal_phase,80,2026-03-21,98.9,0.937,86.8,0.742,78.8,0.882,Available signals are normal range; overnight pulse deviation changed most.,Building
luteal_phase,81,2026-03-22,96.4,0.946,87.4,0.746,77.1,0.882,Available signals are normal range; overnight pulse deviation changed most.,Building
luteal_phase,82,2026-03-23,93.2,0.938,88.9,0.742,76.7,0.882,Available signals are normal range; optional check-in changed most.,Building
luteal_phase,83,2026-03-24,90.0,0.927,87.7,0.737,82.3,0.882,Available signals are normal range; optional check-in changed most.,Sustainable
luteal_phase,84,2026-03-25,96.4,0.92,92.2,0.734,81.0,0.882,Available signals are normal range; optional check-in changed most.,Sustainable
luteal_phase,85,2026-03-26,97.7,0.94,95.9,0.743,74.6,0.882,Available signals are normal range; optional check-in changed most.,Building
luteal_phase,86,2026-03-27,98.5,0.922,83.7,0.735,78.5,0.882,Signals differ from usual; a logged luteal phase is relevant physiological context.,Building
luteal_phase,87,2026-03-28,94.6,0.948,81.5,0.747,84.5,0.882,Signals differ from usual; a logged luteal phase is relevant physiological context.,Sustainable
luteal_phase,88,2026-03-29,98.9,0.948,84.0,0.747,77.4,0.882,Signals differ from usual; a logged luteal phase is relevant physiological context.,Building
luteal_phase,89,2026-03-30,95.6,0.925,83.5,0.737,82.9,0.882,Signals differ from usual; a logged luteal phase is relevant physiological context.,Sustainable
luteal_phase,90,2026-03-31,98.5,0.942,83.5,0.744,85.9,0.882,Signals differ from usual; a logged luteal phase is relevant physiological context.,Sustainable
user_declared_pregnancy,1,2026-01-01,97.3,0.73,,0.635,95.8,0.762,Pregnancy mode shows trends without comparing this day to a pre-pregnancy norm.,Sustainable
user_declared_pregnancy,2,2026-01-02,98.9,0.719,,0.63,96.7,0.762,Pregnancy mode shows trends without comparing this day to a pre-pregnancy norm.,Sustainable
user_declared_pregnancy,3,2026-01-03,99.4,0.794,,0.667,98.6,0.791,Pregnancy mode shows trends without comparing this day to a pre-pregnancy norm.,Sustainable
user_declared_pregnancy,4,2026-01-04,89.0,0.799,,0.67,95.5,0.793,Pregnancy mode shows trends without comparing this day to a pre-pregnancy norm.,Sustainable
user_declared_pregnancy,5,2026-01-05,89.3,0.793,,0.667,98.4,0.795,Pregnancy mode shows trends without comparing this day to a pre-pregnancy norm.,Sustainable
user_declared_pregnancy,6,2026-01-06,96.6,0.803,,0.672,93.2,0.797,Pregnancy mode shows trends without comparing this day to a pre-pregnancy norm.,Sustainable
user_declared_pregnancy,7,2026-01-07,98.7,0.788,,0.665,99.4,0.799,Pregnancy mode shows trends without comparing this day to a pre-pregnancy norm.,Sustainable
user_declared_pregnancy,8,2026-01-08,88.2,0.785,,0.665,96.0,0.802,Pregnancy mode shows trends without comparing this day to a pre-pregnancy norm.,Sustainable
user_declared_pregnancy,9,2026-01-09,98.3,0.791,,0.667,94.2,0.804,Pregnancy mode shows trends without comparing this day to a pre-pregnancy norm.,Sustainable
user_declared_pregnancy,10,2026-01-10,98.6,0.823,,0.682,92.6,0.806,Pregnancy mode shows trends without comparing this day to a pre-pregnancy norm.,Sustainable
user_declared_pregnancy,11,2026-01-11,97.8,0.805,,0.674,94.5,0.808,Pregnancy mode shows trends without comparing this day to a pre-pregnancy norm.,Sustainable
user_declared_pregnancy,12,2026-01-12,97.3,0.828,,0.684,99.0,0.81,Pregnancy mode shows trends without comparing this day to a pre-pregnancy norm.,Sustainable
user_declared_pregnancy,13,2026-01-13,99.1,0.807,,0.675,99.7,0.812,Pregnancy mode shows trends without comparing this day to a pre-pregnancy norm.,Sustainable
user_declared_pregnancy,14,2026-01-14,98.7,0.835,,0.688,93.8,0.815,Pregnancy mode shows trends without comparing this day to a pre-pregnancy norm.,Sustainable
user_declared_pregnancy,15,2026-01-15,98.2,0.822,,0.683,92.8,0.817,Pregnancy mode shows trends without comparing this day to a pre-pregnancy norm.,Sustainable
user_declared_pregnancy,16,2026-01-16,98.2,0.815,,0.68,93.3,0.819,Pregnancy mode shows trends without comparing this day to a pre-pregnancy norm.,Sustainable
user_declared_pregnancy,17,2026-01-17,98.7,0.828,,0.686,93.4,0.821,Pregnancy mode shows trends without comparing this day to a pre-pregnancy norm.,Sustainable
user_declared_pregnancy,18,2026-01-18,98.2,0.818,,0.682,91.6,0.823,Pregnancy mode shows trends without comparing this day to a pre-pregnancy norm.,Sustainable
user_declared_pregnancy,19,2026-01-19,96.8,0.824,,0.685,96.5,0.825,Pregnancy mode shows trends without comparing this day to a pre-pregnancy norm.,Sustainable
user_declared_pregnancy,20,2026-01-20,98.3,0.842,,0.693,95.1,0.827,Pregnancy mode shows trends without comparing this day to a pre-pregnancy norm.,Sustainable
user_declared_pregnancy,21,2026-01-21,98.0,0.844,,0.694,99.6,0.83,Pregnancy mode shows trends without comparing this day to a pre-pregnancy norm.,Sustainable
user_declared_pregnancy,22,2026-01-22,96.5,0.838,,0.692,88.9,0.832,Pregnancy mode shows trends without comparing this day to a pre-pregnancy norm.,Sustainable
user_declared_pregnancy,23,2026-01-23,92.6,0.864,,0.703,97.0,0.834,Pregnancy mode shows trends without comparing this day to a pre-pregnancy norm.,Sustainable
user_declared_pregnancy,24,2026-01-24,93.7,0.851,,0.698,91.8,0.836,Pregnancy mode shows trends without comparing this day to a pre-pregnancy norm.,Sustainable
user_declared_pregnancy,25,2026-01-25,97.2,0.847,,0.696,94.5,0.838,Pregnancy mode shows trends without comparing this day to a pre-pregnancy norm.,Sustainable
user_declared_pregnancy,26,2026-01-26,97.1,0.88,,0.712,92.4,0.84,Pregnancy mode shows trends without comparing this day to a pre-pregnancy norm.,Sustainable
user_declared_pregnancy,27,2026-01-27,99.0,0.863,,0.704,97.8,0.842,Pregnancy mode shows trends without comparing this day to a pre-pregnancy norm.,Sustainable
user_declared_pregnancy,28,2026-01-28,97.6,0.852,,0.7,88.2,0.844,Pregnancy mode shows trends without comparing this day to a pre-pregnancy norm.,Sustainable
user_declared_pregnancy,29,2026-01-29,96.7,0.859,,0.703,96.5,0.846,Pregnancy mode shows trends without comparing this day to a pre-pregnancy norm.,Sustainable
user_declared_pregnancy,30,2026-01-30,96.7,0.875,,0.71,99.7,0.847,Pregnancy mode shows trends without comparing this day to a pre-pregnancy norm.,Sustainable
user_declared_pregnancy,31,2026-01-31,98.0,0.876,,0.711,98.1,0.848,Pregnancy mode shows trends without comparing this day to a pre-pregnancy norm.,Sustainable
user_declared_pregnancy,32,2026-02-01,97.6,0.876,,0.711,85.4,0.849,Pregnancy mode shows trends without comparing this day to a pre-pregnancy norm.,Sustainable
user_declared_pregnancy,33,2026-02-02,93.7,0.894,,0.719,97.8,0.851,Pregnancy mode shows trends without comparing this day to a pre-pregnancy norm.,Sustainable
user_declared_pregnancy,34,2026-02-03,97.3,0.899,,0.721,90.0,0.852,Pregnancy mode shows trends without comparing this day to a pre-pregnancy norm.,Sustainable
user_declared_pregnancy,35,2026-02-04,97.4,0.884,,0.715,99.6,0.853,Pregnancy mode shows trends without comparing this day to a pre-pregnancy norm.,Sustainable
user_declared_pregnancy,36,2026-02-05,97.3,0.899,,0.722,94.0,0.855,Pregnancy mode shows trends without comparing this day to a pre-pregnancy norm.,Sustainable
user_declared_pregnancy,37,2026-02-06,93.6,0.88,,0.713,95.0,0.856,Pregnancy mode shows trends without comparing this day to a pre-pregnancy norm.,Sustainable
user_declared_pregnancy,38,2026-02-07,94.0,0.893,,0.719,99.0,0.857,Pregnancy mode shows trends without comparing this day to a pre-pregnancy norm.,Sustainable
user_declared_pregnancy,39,2026-02-08,89.1,0.882,,0.715,97.4,0.858,Pregnancy mode shows trends without comparing this day to a pre-pregnancy norm.,Sustainable
user_declared_pregnancy,40,2026-02-09,94.3,0.884,,0.716,97.3,0.86,Pregnancy mode shows trends without comparing this day to a pre-pregnancy norm.,Sustainable
user_declared_pregnancy,41,2026-02-10,92.6,0.88,,0.714,95.1,0.861,Pregnancy mode shows trends without comparing this day to a pre-pregnancy norm.,Sustainable
user_declared_pregnancy,42,2026-02-11,99.3,0.896,,0.721,90.2,0.862,Pregnancy mode shows trends without comparing this day to a pre-pregnancy norm.,Sustainable
user_declared_pregnancy,43,2026-02-12,98.3,0.904,,0.725,97.1,0.863,Pregnancy mode shows trends without comparing this day to a pre-pregnancy norm.,Sustainable
user_declared_pregnancy,44,2026-02-13,93.5,0.907,,0.727,97.8,0.864,Pregnancy mode shows trends without comparing this day to a pre-pregnancy norm.,Sustainable
user_declared_pregnancy,45,2026-02-14,98.5,0.898,,0.723,93.8,0.866,Pregnancy mode shows trends without comparing this day to a pre-pregnancy norm.,Sustainable
user_declared_pregnancy,46,2026-02-15,94.2,0.919,,0.732,96.3,0.867,Pregnancy mode shows trends without comparing this day to a pre-pregnancy norm.,Sustainable
user_declared_pregnancy,47,2026-02-16,96.6,0.925,,0.735,98.3,0.868,Pregnancy mode shows trends without comparing this day to a pre-pregnancy norm.,Sustainable
user_declared_pregnancy,48,2026-02-17,96.9,0.919,,0.733,99.2,0.87,Pregnancy mode shows trends without comparing this day to a pre-pregnancy norm.,Sustainable
user_declared_pregnancy,49,2026-02-18,94.0,0.908,,0.728,99.1,0.871,Pregnancy mode shows trends without comparing this day to a pre-pregnancy norm.,Sustainable
user_declared_pregnancy,50,2026-02-19,94.9,0.922,,0.734,94.6,0.872,Pregnancy mode shows trends without comparing this day to a pre-pregnancy norm.,Sustainable
user_declared_pregnancy,51,2026-02-20,97.6,0.932,,0.738,94.7,0.873,Pregnancy mode shows trends without comparing this day to a pre-pregnancy norm.,Sustainable
user_declared_pregnancy,52,2026-02-21,98.4,0.922,,0.734,96.1,0.874,Pregnancy mode shows trends without comparing this day to a pre-pregnancy norm.,Sustainable
user_declared_pregnancy,53,2026-02-22,97.4,0.905,,0.727,97.3,0.876,Pregnancy mode shows trends without comparing this day to a pre-pregnancy norm.,Sustainable
user_declared_pregnancy,54,2026-02-23,97.3,0.94,,0.743,98.8,0.877,Pregnancy mode shows trends without comparing this day to a pre-pregnancy norm.,Sustainable
user_declared_pregnancy,55,2026-02-24,94.0,0.917,,0.733,94.1,0.878,Pregnancy mode shows trends without comparing this day to a pre-pregnancy norm.,Sustainable
user_declared_pregnancy,56,2026-02-25,96.9,0.924,,0.736,90.6,0.879,Pregnancy mode shows trends without comparing this day to a pre-pregnancy norm.,Sustainable
user_declared_pregnancy,57,2026-02-26,97.6,0.947,,0.746,96.1,0.881,Pregnancy mode shows trends without comparing this day to a pre-pregnancy norm.,Sustainable
user_declared_pregnancy,58,2026-02-27,99.1,0.945,,0.746,89.3,0.882,Pregnancy mode shows trends without comparing this day to a pre-pregnancy norm.,Sustainable
user_declared_pregnancy,59,2026-02-28,97.6,0.941,,0.744,94.4,0.882,Pregnancy mode shows trends without comparing this day to a pre-pregnancy norm.,Sustainable
user_declared_pregnancy,60,2026-03-01,98.1,0.928,,0.738,96.0,0.882,Pregnancy mode shows trends without comparing this day to a pre-pregnancy norm.,Sustainable
user_declared_pregnancy,61,2026-03-02,96.7,0.938,,0.742,96.3,0.882,Pregnancy mode shows trends without comparing this day to a pre-pregnancy norm.,Sustainable
user_declared_pregnancy,62,2026-03-03,98.4,0.935,,0.741,90.4,0.882,Pregnancy mode shows trends without comparing this day to a pre-pregnancy norm.,Sustainable
user_declared_pregnancy,63,2026-03-04,97.2,0.92,,0.735,99.0,0.882,Pregnancy mode shows trends without comparing this day to a pre-pregnancy norm.,Sustainable
user_declared_pregnancy,64,2026-03-05,97.0,0.926,,0.737,96.5,0.882,Pregnancy mode shows trends without comparing this day to a pre-pregnancy norm.,Sustainable
user_declared_pregnancy,65,2026-03-06,96.9,0.932,,0.74,92.1,0.882,Pregnancy mode shows trends without comparing this day to a pre-pregnancy norm.,Sustainable
user_declared_pregnancy,66,2026-03-07,93.6,0.929,,0.738,96.2,0.882,Pregnancy mode shows trends without comparing this day to a pre-pregnancy norm.,Sustainable
user_declared_pregnancy,67,2026-03-08,96.8,0.946,,0.746,95.9,0.882,Pregnancy mode shows trends without comparing this day to a pre-pregnancy norm.,Sustainable
user_declared_pregnancy,68,2026-03-09,92.0,0.943,,0.745,98.2,0.882,Pregnancy mode shows trends without comparing this day to a pre-pregnancy norm.,Sustainable
user_declared_pregnancy,69,2026-03-10,98.2,0.931,,0.739,96.9,0.882,Pregnancy mode shows trends without comparing this day to a pre-pregnancy norm.,Sustainable
user_declared_pregnancy,70,2026-03-11,97.1,0.915,,0.732,99.9,0.882,Pregnancy mode shows trends without comparing this day to a pre-pregnancy norm.,Sustainable
user_declared_pregnancy,71,2026-03-12,95.8,0.942,,0.744,92.1,0.882,Pregnancy mode shows trends without comparing this day to a pre-pregnancy norm.,Sustainable
user_declared_pregnancy,72,2026-03-13,97.5,0.927,,0.738,97.6,0.882,Pregnancy mode shows trends without comparing this day to a pre-pregnancy norm.,Sustainable
user_declared_pregnancy,73,2026-03-14,92.7,0.921,,0.735,96.8,0.882,Pregnancy mode shows trends without comparing this day to a pre-pregnancy norm.,Sustainable
user_declared_pregnancy,74,2026-03-15,99.4,0.916,,0.733,99.6,0.882,Pregnancy mode shows trends without comparing this day to a pre-pregnancy norm.,Sustainable
user_declared_pregnancy,75,2026-03-16,98.5,0.936,,0.742,95.7,0.882,Pregnancy mode shows trends without comparing this day to a pre-pregnancy norm.,Sustainable
user_declared_pregnancy,76,2026-03-17,98.8,0.918,,0.733,93.3,0.882,Pregnancy mode shows trends without comparing this day to a pre-pregnancy norm.,Sustainable
user_declared_pregnancy,77,2026-03-18,95.1,0.947,,0.746,97.9,0.882,Pregnancy mode shows trends without comparing this day to a pre-pregnancy norm.,Sustainable
user_declared_pregnancy,78,2026-03-19,98.5,0.95,,0.748,99.6,0.882,Pregnancy mode shows trends without comparing this day to a pre-pregnancy norm.,Sustainable
user_declared_pregnancy,79,2026-03-20,98.1,0.933,,0.74,93.4,0.882,Pregnancy mode shows trends without comparing this day to a pre-pregnancy norm.,Sustainable
user_declared_pregnancy,80,2026-03-21,96.5,0.927,,0.738,96.6,0.882,Pregnancy mode shows trends without comparing this day to a pre-pregnancy norm.,Sustainable
user_declared_pregnancy,81,2026-03-22,96.7,0.922,,0.735,98.7,0.882,Pregnancy mode shows trends without comparing this day to a pre-pregnancy norm.,Sustainable
user_declared_pregnancy,82,2026-03-23,97.7,0.942,,0.744,98.5,0.882,Pregnancy mode shows trends without comparing this day to a pre-pregnancy norm.,Sustainable
user_declared_pregnancy,83,2026-03-24,94.6,0.94,,0.743,94.9,0.882,Pregnancy mode shows trends without comparing this day to a pre-pregnancy norm.,Sustainable
user_declared_pregnancy,84,2026-03-25,96.1,0.937,,0.742,95.4,0.882,Pregnancy mode shows trends without comparing this day to a pre-pregnancy norm.,Sustainable
user_declared_pregnancy,85,2026-03-26,97.1,0.925,,0.737,92.7,0.882,Pregnancy mode shows trends without comparing this day to a pre-pregnancy norm.,Sustainable
user_declared_pregnancy,86,2026-03-27,96.9,0.924,,0.736,94.9,0.882,Pregnancy mode shows trends without comparing this day to a pre-pregnancy norm.,Sustainable
user_declared_pregnancy,87,2026-03-28,98.5,0.924,,0.736,92.2,0.882,Pregnancy mode shows trends without comparing this day to a pre-pregnancy norm.,Sustainable
user_declared_pregnancy,88,2026-03-29,97.9,0.921,,0.735,94.7,0.882,Pregnancy mode shows trends without comparing this day to a pre-pregnancy norm.,Sustainable
user_declared_pregnancy,89,2026-03-30,96.5,0.948,,0.747,90.8,0.882,Pregnancy mode shows trends without comparing this day to a pre-pregnancy norm.,Sustainable
user_declared_pregnancy,90,2026-03-31,97.3,0.916,,0.733,96.5,0.882,Pregnancy mode shows trends without comparing this day to a pre-pregnancy norm.,Sustainable
perimenopause_symptoms,1,2026-01-01,97.9,0.718,88.3,0.629,96.3,0.762,Available signals are normal range; optional check-in changed most.,Sustainable
perimenopause_symptoms,2,2026-01-02,95.5,0.721,89.1,0.631,99.9,0.762,Available signals are normal range; optional check-in changed most.,Sustainable
perimenopause_symptoms,3,2026-01-03,98.6,0.77,92.5,0.656,94.0,0.791,Available signals are normal range; optional check-in changed most.,Sustainable
perimenopause_symptoms,4,2026-01-04,99.4,0.795,95.9,0.668,95.3,0.793,Available signals are normal range; optional check-in changed most.,Sustainable
perimenopause_symptoms,5,2026-01-05,92.7,0.789,91.9,0.665,96.9,0.795,Available signals are normal range; optional check-in changed most.,Sustainable
perimenopause_symptoms,6,2026-01-06,98.6,0.807,92.6,0.673,96.1,0.797,Available signals are normal range; optional check-in changed most.,Sustainable
perimenopause_symptoms,7,2026-01-07,96.7,0.799,93.4,0.67,97.7,0.799,Available signals are normal range; optional check-in changed most.,Sustainable
perimenopause_symptoms,8,2026-01-08,98.0,0.804,95.1,0.673,97.1,0.802,Available signals are normal range; optional check-in changed most.,Sustainable
perimenopause_symptoms,9,2026-01-09,94.0,0.811,90.4,0.676,92.0,0.804,Available signals are normal range; optional check-in changed most.,Sustainable
perimenopause_symptoms,10,2026-01-10,98.2,0.801,90.0,0.672,98.1,0.806,Available signals are normal range; optional check-in changed most.,Sustainable
perimenopause_symptoms,11,2026-01-11,91.6,0.808,91.3,0.676,99.7,0.808,Available signals are normal range; optional check-in changed most.,Sustainable
perimenopause_symptoms,12,2026-01-12,94.3,0.8,91.1,0.672,97.4,0.81,Available signals are normal range; optional check-in changed most.,Sustainable
perimenopause_symptoms,13,2026-01-13,98.1,0.82,94.1,0.681,94.0,0.812,Available signals are normal range; optional check-in changed most.,Sustainable
perimenopause_symptoms,14,2026-01-14,96.8,0.818,94.3,0.68,95.8,0.815,Available signals are normal range; optional check-in changed most.,Sustainable
perimenopause_symptoms,15,2026-01-15,97.6,0.816,90.8,0.68,89.6,0.817,Available signals are normal range; optional check-in changed most.,Sustainable
perimenopause_symptoms,16,2026-01-16,96.0,0.834,94.1,0.688,89.7,0.819,Available signals are normal range; optional check-in changed most.,Sustainable
perimenopause_symptoms,17,2026-01-17,98.6,0.816,87.8,0.681,95.2,0.821,Available signals are normal range; overnight pulse deviation changed most.,Sustainable
perimenopause_symptoms,18,2026-01-18,98.3,0.824,95.1,0.684,92.3,0.823,Available signals are normal range; optional check-in changed most.,Sustainable
perimenopause_symptoms,19,2026-01-19,97.9,0.82,84.8,0.683,97.2,0.825,Available signals are normal range; overnight pulse deviation changed most.,Sustainable
perimenopause_symptoms,20,2026-01-20,97.5,0.841,90.5,0.692,95.5,0.827,Available signals are normal range; optional check-in changed most.,Sustainable
perimenopause_symptoms,21,2026-01-21,96.4,0.846,93.3,0.695,99.0,0.83,Available signals are normal range; optional check-in changed most.,Sustainable
perimenopause_symptoms,22,2026-01-22,97.0,0.858,95.3,0.7,93.1,0.832,Available signals are normal range; optional check-in changed most.,Sustainable
perimenopause_symptoms,23,2026-01-23,97.3,0.865,90.5,0.704,99.4,0.834,Available signals are normal range; optional check-in changed most.,Sustainable
perimenopause_symptoms,24,2026-01-24,92.6,0.84,89.8,0.693,96.5,0.836,Available signals are normal range; optional check-in changed most.,Sustainable
perimenopause_symptoms,25,2026-01-25,93.9,0.86,91.8,0.702,94.4,0.838,Available signals are normal range; optional check-in changed most.,Sustainable
perimenopause_symptoms,26,2026-01-26,95.8,0.876,92.9,0.71,92.7,0.84,Available signals are normal range; optional check-in changed most.,Sustainable
perimenopause_symptoms,27,2026-01-27,98.4,0.88,94.4,0.711,95.3,0.842,Available signals are normal range; optional check-in changed most.,Sustainable
perimenopause_symptoms,28,2026-01-28,93.9,0.881,93.2,0.712,94.7,0.844,Available signals are normal range; optional check-in changed most.,Sustainable
perimenopause_symptoms,29,2026-01-29,92.2,0.858,88.8,0.702,95.6,0.846,Available signals are normal range; optional check-in changed most.,Sustainable
perimenopause_symptoms,30,2026-01-30,91.4,0.866,88.8,0.706,97.0,0.847,Available signals are normal range; optional check-in changed most.,Sustainable
perimenopause_symptoms,31,2026-01-31,99.8,0.859,86.5,0.703,93.3,0.848,Available signals are normal range; overnight pulse deviation changed most.,Sustainable
perimenopause_symptoms,32,2026-02-01,98.2,0.875,94.1,0.71,95.3,0.849,Available signals are normal range; optional check-in changed most.,Sustainable
perimenopause_symptoms,33,2026-02-02,98.1,0.898,90.4,0.721,93.6,0.851,Available signals are normal range; optional check-in changed most.,Sustainable
perimenopause_symptoms,34,2026-02-03,97.8,0.896,90.7,0.72,98.5,0.852,Available signals are normal range; optional check-in changed most.,Sustainable
perimenopause_symptoms,35,2026-02-04,98.7,0.87,93.7,0.709,93.1,0.853,Available signals are normal range; optional check-in changed most.,Sustainable
perimenopause_symptoms,36,2026-02-05,99.2,0.871,93.2,0.709,96.5,0.855,Available signals are normal range; optional check-in changed most.,Sustainable
perimenopause_symptoms,37,2026-02-06,98.2,0.871,92.3,0.709,98.7,0.856,Available signals are normal range; optional check-in changed most.,Sustainable
perimenopause_symptoms,38,2026-02-07,90.0,0.888,90.2,0.717,92.3,0.857,Available signals are normal range; optional check-in changed most.,Sustainable
perimenopause_symptoms,39,2026-02-08,91.6,0.909,86.8,0.727,87.1,0.858,Available signals are normal range; optional check-in changed most.,Sustainable
perimenopause_symptoms,40,2026-02-09,85.4,0.913,90.3,0.728,98.2,0.86,Available signals are normal range; optional check-in changed most.,Sustainable
perimenopause_symptoms,41,2026-02-10,99.2,0.894,92.9,0.72,91.6,0.861,Available signals are normal range; optional check-in changed most.,Sustainable
perimenopause_symptoms,42,2026-02-11,97.0,0.899,90.4,0.723,95.5,0.862,Available signals are normal range; optional check-in changed most.,Sustainable
perimenopause_symptoms,43,2026-02-12,97.9,0.894,96.0,0.721,96.1,0.863,Available signals are normal range; optional check-in changed most.,Sustainable
perimenopause_symptoms,44,2026-02-13,99.2,0.89,92.0,0.719,96.0,0.864,Available signals are normal range; optional check-in changed most.,Sustainable
perimenopause_symptoms,45,2026-02-14,92.6,0.921,86.3,0.733,94.8,0.866,Available signals are normal range; overnight pulse deviation changed most.,Sustainable
perimenopause_symptoms,46,2026-02-15,92.8,0.917,88.2,0.731,97.8,0.867,Available signals are normal range; optional check-in changed most.,Sustainable
perimenopause_symptoms,47,2026-02-16,96.0,0.906,89.3,0.726,93.4,0.868,Available signals are normal range; optional check-in changed most.,Sustainable
perimenopause_symptoms,48,2026-02-17,92.0,0.918,85.9,0.732,96.7,0.87,Available signals are normal range; optional check-in changed most.,Sustainable
perimenopause_symptoms,49,2026-02-18,97.9,0.908,92.3,0.728,97.3,0.871,Available signals are normal range; optional check-in changed most.,Sustainable
perimenopause_symptoms,50,2026-02-19,99.3,0.91,85.8,0.729,96.1,0.872,Available signals are normal range; overnight pulse deviation changed most.,Sustainable
perimenopause_symptoms,51,2026-02-20,98.9,0.911,93.2,0.729,91.8,0.873,Available signals are normal range; optional check-in changed most.,Sustainable
perimenopause_symptoms,52,2026-02-21,98.6,0.906,86.8,0.728,91.4,0.874,Available signals are normal range; overnight pulse deviation changed most.,Sustainable
perimenopause_symptoms,53,2026-02-22,97.5,0.911,91.4,0.73,98.4,0.876,Available signals are normal range; optional check-in changed most.,Sustainable
perimenopause_symptoms,54,2026-02-23,98.2,0.911,92.1,0.73,93.6,0.877,Available signals are normal range; optional check-in changed most.,Sustainable
perimenopause_symptoms,55,2026-02-24,98.8,0.917,92.6,0.733,98.5,0.878,Available signals are normal range; optional check-in changed most.,Sustainable
perimenopause_symptoms,56,2026-02-25,96.4,0.92,92.3,0.734,97.7,0.879,Available signals are normal range; optional check-in changed most.,Sustainable
perimenopause_symptoms,57,2026-02-26,92.6,0.915,83.1,0.732,96.7,0.881,Available signals are normal range; overnight pulse deviation changed most.,Sustainable
perimenopause_symptoms,58,2026-02-27,93.0,0.932,92.2,0.74,91.8,0.882,Available signals are normal range; optional check-in changed most.,Sustainable
perimenopause_symptoms,59,2026-02-28,98.1,0.915,92.3,0.732,97.1,0.882,Available signals are normal range; optional check-in changed most.,Sustainable
perimenopause_symptoms,60,2026-03-01,97.6,0.947,95.6,0.746,96.8,0.882,Available signals are normal range; optional check-in changed most.,Sustainable
perimenopause_symptoms,61,2026-03-02,97.9,0.939,93.7,0.743,99.0,0.882,Available signals are normal range; optional check-in changed most.,Sustainable
perimenopause_symptoms,62,2026-03-03,97.1,0.945,93.3,0.745,93.4,0.882,Available signals are normal range; optional check-in changed most.,Sustainable
perimenopause_symptoms,63,2026-03-04,96.6,0.924,88.8,0.736,97.8,0.882,Available signals are normal range; optional check-in changed most.,Sustainable
perimenopause_symptoms,64,2026-03-05,97.5,0.945,90.7,0.745,87.7,0.882,Available signals are normal range; optional check-in changed most.,Sustainable
perimenopause_symptoms,65,2026-03-06,96.8,0.942,95.8,0.744,91.3,0.882,Available signals are normal range; optional check-in changed most.,Sustainable
perimenopause_symptoms,66,2026-03-07,98.0,0.921,90.7,0.735,97.1,0.882,Available signals are normal range; optional check-in changed most.,Sustainable
perimenopause_symptoms,67,2026-03-08,98.2,0.924,90.0,0.736,96.2,0.882,Available signals are normal range; optional check-in changed most.,Sustainable
perimenopause_symptoms,68,2026-03-09,96.8,0.943,86.5,0.745,94.5,0.882,Available signals are normal range; overnight pulse deviation changed most.,Sustainable
perimenopause_symptoms,69,2026-03-10,97.0,0.924,95.1,0.736,98.5,0.882,Available signals are normal range; optional check-in changed most.,Sustainable
perimenopause_symptoms,70,2026-03-11,97.4,0.915,90.4,0.732,99.2,0.882,Available signals are normal range; optional check-in changed most.,Sustainable
perimenopause_symptoms,71,2026-03-12,97.6,0.934,94.7,0.741,94.3,0.882,Available signals are normal range; optional check-in changed most.,Sustainable
perimenopause_symptoms,72,2026-03-13,94.5,0.936,94.1,0.741,94.8,0.882,Available signals are normal range; optional check-in changed most.,Sustainable
perimenopause_symptoms,73,2026-03-14,98.4,0.936,93.1,0.742,95.5,0.882,Available signals are normal range; optional check-in changed most.,Sustainable
perimenopause_symptoms,74,2026-03-15,98.1,0.921,95.4,0.735,98.2,0.882,Available signals are normal range; optional check-in changed most.,Sustainable
perimenopause_symptoms,75,2026-03-16,98.1,0.923,93.3,0.736,99.2,0.882,Available signals are normal range; optional check-in changed most.,Sustainable
perimenopause_symptoms,76,2026-03-17,94.7,0.932,91.8,0.74,94.5,0.882,Available signals are normal range; optional check-in changed most.,Sustainable
perimenopause_symptoms,77,2026-03-18,98.4,0.916,95.8,0.733,95.3,0.882,Available signals are normal range; optional check-in changed most.,Sustainable
perimenopause_symptoms,78,2026-03-19,94.1,0.933,89.1,0.74,95.2,0.882,Available signals are normal range; optional check-in changed most.,Sustainable
perimenopause_symptoms,79,2026-03-20,97.7,0.946,90.8,0.746,92.5,0.882,Available signals are normal range; optional check-in changed most.,Sustainable
perimenopause_symptoms,80,2026-03-21,97.8,0.916,89.2,0.733,96.8,0.882,Available signals are normal range; optional check-in changed most.,Sustainable
perimenopause_symptoms,81,2026-03-22,97.8,0.925,91.5,0.737,90.6,0.882,Available signals are normal range; optional check-in changed most.,Sustainable
perimenopause_symptoms,82,2026-03-23,89.0,0.927,88.0,0.737,91.1,0.882,Available signals are normal range; optional check-in changed most.,Sustainable
perimenopause_symptoms,83,2026-03-24,98.5,0.921,94.8,0.735,96.9,0.882,Available signals are normal range; optional check-in changed most.,Sustainable
perimenopause_symptoms,84,2026-03-25,95.1,0.929,93.8,0.739,94.2,0.882,Available signals are normal range; optional check-in changed most.,Sustainable
perimenopause_symptoms,85,2026-03-26,95.7,0.942,92.4,0.744,99.7,0.882,Available signals are normal range; optional check-in changed most.,Sustainable
perimenopause_symptoms,86,2026-03-27,98.0,0.939,91.9,0.743,97.3,0.882,Available signals are normal range; optional check-in changed most.,Sustainable
perimenopause_symptoms,87,2026-03-28,94.0,0.946,90.1,0.746,97.5,0.882,Available signals are normal range; optional check-in changed most.,Sustainable
perimenopause_symptoms,88,2026-03-29,99.0,0.94,92.8,0.743,91.8,0.882,Available signals are normal range; optional check-in changed most.,Sustainable
perimenopause_symptoms,89,2026-03-30,91.9,0.937,90.5,0.742,93.2,0.882,Available signals are normal range; optional check-in changed most.,Sustainable
perimenopause_symptoms,90,2026-03-31,98.5,0.939,89.9,0.743,92.7,0.882,Available signals are normal range; optional check-in changed most.,Sustainable
low_baseline_maturity,1,2026-01-01,96.2,0.718,93.8,0.629,94.8,0.762,Available signals are normal range; optional check-in changed most.,Sustainable
low_baseline_maturity,2,2026-01-02,98.6,0.743,92.7,0.641,94.5,0.762,Available signals are normal range; optional check-in changed most.,Sustainable
low_baseline_maturity,3,2026-01-03,98.1,0.796,91.9,0.668,92.8,0.791,Available signals are normal range; optional check-in changed most.,Sustainable
low_baseline_maturity,4,2026-01-04,97.7,0.778,94.1,0.66,91.5,0.793,Available signals are normal range; optional check-in changed most.,Sustainable
low_baseline_maturity,5,2026-01-05,98.7,0.785,94.0,0.663,94.7,0.795,Available signals are normal range; optional check-in changed most.,Sustainable
low_baseline_maturity,6,2026-01-06,98.6,0.8,93.6,0.671,96.4,0.797,Available signals are normal range; optional check-in changed most.,Sustainable
low_baseline_maturity,7,2026-01-07,98.6,0.806,89.9,0.673,99.1,0.799,Available signals are normal range; optional check-in changed most.,Sustainable
low_baseline_maturity,8,2026-01-08,98.5,0.809,91.4,0.675,93.0,0.802,Available signals are normal range; optional check-in changed most.,Sustainable
low_baseline_maturity,9,2026-01-09,96.0,0.811,91.1,0.676,99.4,0.802,Available signals are normal range; optional check-in changed most.,Sustainable
low_baseline_maturity,10,2026-01-10,97.6,0.8,94.1,0.671,96.9,0.802,Available signals are normal range; optional check-in changed most.,Sustainable
low_baseline_maturity,11,2026-01-11,97.8,0.795,94.2,0.669,93.1,0.802,Available signals are normal range; optional check-in changed most.,Sustainable
low_baseline_maturity,12,2026-01-12,96.9,0.792,94.0,0.667,98.1,0.802,Available signals are normal range; optional check-in changed most.,Sustainable
low_baseline_maturity,13,2026-01-13,97.0,0.792,95.0,0.668,88.0,0.802,Available signals are normal range; optional check-in changed most.,Sustainable
low_baseline_maturity,14,2026-01-14,97.4,0.782,89.7,0.663,93.2,0.802,Available signals are normal range; optional check-in changed most.,Sustainable
low_baseline_maturity,15,2026-01-15,94.8,0.816,92.6,0.678,98.0,0.802,Available signals are normal range; optional check-in changed most.,Sustainable
low_baseline_maturity,16,2026-01-16,92.4,0.782,89.1,0.663,94.7,0.802,Available signals are normal range; optional check-in changed most.,Sustainable
low_baseline_maturity,17,2026-01-17,98.7,0.792,92.7,0.668,96.7,0.802,Available signals are normal range; optional check-in changed most.,Sustainable
low_baseline_maturity,18,2026-01-18,95.9,0.787,92.1,0.665,98.5,0.802,Available signals are normal range; optional check-in changed most.,Sustainable
low_baseline_maturity,19,2026-01-19,96.2,0.795,94.1,0.669,93.3,0.802,Available signals are normal range; optional check-in changed most.,Sustainable
low_baseline_maturity,20,2026-01-20,98.0,0.808,89.9,0.674,95.7,0.802,Available signals are normal range; optional check-in changed most.,Sustainable
low_baseline_maturity,21,2026-01-21,97.7,0.805,92.0,0.673,94.6,0.802,Available signals are normal range; optional check-in changed most.,Sustainable
low_baseline_maturity,22,2026-01-22,97.9,0.81,91.1,0.675,96.6,0.802,Available signals are normal range; optional check-in changed most.,Sustainable
low_baseline_maturity,23,2026-01-23,98.4,0.81,93.4,0.675,95.2,0.802,Available signals are normal range; optional check-in changed most.,Sustainable
low_baseline_maturity,24,2026-01-24,97.1,0.799,90.3,0.67,95.3,0.802,Available signals are normal range; optional check-in changed most.,Sustainable
low_baseline_maturity,25,2026-01-25,97.0,0.814,92.0,0.677,99.0,0.802,Available signals are normal range; optional check-in changed most.,Sustainable
low_baseline_maturity,26,2026-01-26,97.5,0.816,95.3,0.678,97.7,0.802,Available signals are normal range; optional check-in changed most.,Sustainable
low_baseline_maturity,27,2026-01-27,96.9,0.804,92.3,0.673,92.9,0.802,Available signals are normal range; optional check-in changed most.,Sustainable
low_baseline_maturity,28,2026-01-28,97.4,0.783,94.2,0.663,98.7,0.802,Available signals are normal range; optional check-in changed most.,Sustainable
low_baseline_maturity,29,2026-01-29,97.5,0.789,88.8,0.666,98.5,0.802,Available signals are normal range; optional check-in changed most.,Sustainable
low_baseline_maturity,30,2026-01-30,97.3,0.783,95.0,0.664,96.7,0.802,Available signals are normal range; optional check-in changed most.,Sustainable
low_baseline_maturity,31,2026-01-31,90.0,0.808,92.7,0.675,93.8,0.802,Available signals are normal range; optional check-in changed most.,Sustainable
low_baseline_maturity,32,2026-02-01,88.0,0.783,88.0,0.663,99.0,0.802,Available signals are normal range; optional check-in changed most.,Sustainable
low_baseline_maturity,33,2026-02-02,92.1,0.788,86.8,0.666,99.2,0.802,Available signals are normal range; optional check-in changed most.,Sustainable
low_baseline_maturity,34,2026-02-03,93.7,0.782,92.5,0.663,98.3,0.802,Available signals are normal range; optional check-in changed most.,Sustainable
low_baseline_maturity,35,2026-02-04,96.6,0.796,93.7,0.669,93.4,0.802,Available signals are normal range; optional check-in changed most.,Sustainable
low_baseline_maturity,36,2026-02-05,97.0,0.783,93.1,0.663,99.2,0.802,Available signals are normal range; optional check-in changed most.,Sustainable
low_baseline_maturity,37,2026-02-06,92.6,0.815,91.5,0.678,96.5,0.802,Available signals are normal range; optional check-in changed most.,Sustainable
low_baseline_maturity,38,2026-02-07,96.6,0.803,87.7,0.672,97.1,0.802,Available signals are normal range; overnight pulse deviation changed most.,Sustainable
low_baseline_maturity,39,2026-02-08,97.7,0.789,91.6,0.666,95.0,0.802,Available signals are normal range; optional check-in changed most.,Sustainable
low_baseline_maturity,40,2026-02-09,97.3,0.815,93.5,0.678,94.0,0.802,Available signals are normal range; optional check-in changed most.,Sustainable
low_baseline_maturity,41,2026-02-10,95.6,0.784,91.0,0.664,92.5,0.802,Available signals are normal range; optional check-in changed most.,Sustainable
low_baseline_maturity,42,2026-02-11,95.2,0.808,89.7,0.675,96.6,0.802,Available signals are normal range; optional check-in changed most.,Sustainable
low_baseline_maturity,43,2026-02-12,97.8,0.801,88.6,0.671,96.5,0.802,Available signals are normal range; optional check-in changed most.,Sustainable
low_baseline_maturity,44,2026-02-13,98.2,0.813,92.6,0.677,97.1,0.802,Available signals are normal range; optional check-in changed most.,Sustainable
low_baseline_maturity,45,2026-02-14,97.5,0.796,89.5,0.669,97.9,0.802,Available signals are normal range; optional check-in changed most.,Sustainable
low_baseline_maturity,46,2026-02-15,95.4,0.814,92.1,0.677,98.0,0.802,Available signals are normal range; optional check-in changed most.,Sustainable
low_baseline_maturity,47,2026-02-16,97.4,0.813,94.9,0.677,98.1,0.802,Available signals are normal range; optional check-in changed most.,Sustainable
low_baseline_maturity,48,2026-02-17,97.9,0.796,90.1,0.669,96.2,0.802,Available signals are normal range; optional check-in changed most.,Sustainable
low_baseline_maturity,49,2026-02-18,94.1,0.796,91.9,0.669,94.9,0.802,Available signals are normal range; optional check-in changed most.,Sustainable
low_baseline_maturity,50,2026-02-19,99.2,0.804,92.8,0.673,99.3,0.802,Available signals are normal range; optional check-in changed most.,Sustainable
low_baseline_maturity,51,2026-02-20,97.3,0.81,93.1,0.676,92.5,0.802,Available signals are normal range; optional check-in changed most.,Sustainable
low_baseline_maturity,52,2026-02-21,95.9,0.809,89.6,0.675,93.3,0.802,Available signals are normal range; optional check-in changed most.,Sustainable
low_baseline_maturity,53,2026-02-22,95.5,0.793,89.6,0.668,92.7,0.802,Available signals are normal range; optional check-in changed most.,Sustainable
low_baseline_maturity,54,2026-02-23,99.1,0.788,95.8,0.666,94.8,0.802,Available signals are normal range; optional check-in changed most.,Sustainable
low_baseline_maturity,55,2026-02-24,98.4,0.787,94.6,0.665,97.9,0.802,Available signals are normal range; optional check-in changed most.,Sustainable
low_baseline_maturity,56,2026-02-25,97.5,0.803,92.0,0.672,92.3,0.802,Available signals are normal range; optional check-in changed most.,Sustainable
low_baseline_maturity,57,2026-02-26,96.1,0.798,90.0,0.67,93.3,0.802,Available signals are normal range; optional check-in changed most.,Sustainable
low_baseline_maturity,58,2026-02-27,94.9,0.799,89.9,0.671,97.3,0.802,Available signals are normal range; optional check-in changed most.,Sustainable
low_baseline_maturity,59,2026-02-28,95.8,0.798,92.2,0.67,89.2,0.802,Available signals are normal range; optional check-in changed most.,Sustainable
low_baseline_maturity,60,2026-03-01,96.3,0.8,95.1,0.671,95.0,0.802,Available signals are normal range; optional check-in changed most.,Sustainable
low_baseline_maturity,61,2026-03-02,98.1,0.817,94.4,0.678,95.0,0.802,Available signals are normal range; optional check-in changed most.,Sustainable
low_baseline_maturity,62,2026-03-03,97.2,0.804,93.7,0.673,93.9,0.802,Available signals are normal range; optional check-in changed most.,Sustainable
low_baseline_maturity,63,2026-03-04,97.8,0.801,93.6,0.671,94.8,0.802,Available signals are normal range; optional check-in changed most.,Sustainable
low_baseline_maturity,64,2026-03-05,98.1,0.781,93.6,0.663,93.4,0.802,Available signals are normal range; optional check-in changed most.,Sustainable
low_baseline_maturity,65,2026-03-06,93.2,0.795,92.4,0.669,96.0,0.802,Available signals are normal range; optional check-in changed most.,Sustainable
low_baseline_maturity,66,2026-03-07,98.7,0.795,93.6,0.669,99.6,0.802,Available signals are normal range; optional check-in changed most.,Sustainable
low_baseline_maturity,67,2026-03-08,96.5,0.783,93.4,0.663,96.8,0.802,Available signals are normal range; optional check-in changed most.,Sustainable
low_baseline_maturity,68,2026-03-09,97.3,0.797,89.3,0.67,99.0,0.802,Available signals are normal range; optional check-in changed most.,Sustainable
low_baseline_maturity,69,2026-03-10,98.6,0.81,91.1,0.676,86.6,0.802,Available signals are normal range; optional check-in changed most.,Sustainable
low_baseline_maturity,70,2026-03-11,92.0,0.788,86.8,0.666,99.8,0.802,Available signals are normal range; optional check-in changed most.,Sustainable
low_baseline_maturity,71,2026-03-12,98.7,0.782,88.2,0.663,94.8,0.802,Available signals are normal range; overnight pulse deviation changed most.,Sustainable
low_baseline_maturity,72,2026-03-13,91.3,0.784,88.3,0.664,97.8,0.802,Available signals are normal range; optional check-in changed most.,Sustainable
low_baseline_maturity,73,2026-03-14,97.8,0.804,94.1,0.673,99.0,0.802,Available signals are normal range; optional check-in changed most.,Sustainable
low_baseline_maturity,74,2026-03-15,98.6,0.791,94.8,0.667,95.0,0.802,Available signals are normal range; optional check-in changed most.,Sustainable
low_baseline_maturity,75,2026-03-16,98.4,0.807,92.8,0.674,93.0,0.802,Available signals are normal range; optional check-in changed most.,Sustainable
low_baseline_maturity,76,2026-03-17,98.7,0.793,91.7,0.668,98.5,0.802,Available signals are normal range; optional check-in changed most.,Sustainable
low_baseline_maturity,77,2026-03-18,96.5,0.813,85.4,0.677,96.4,0.802,Available signals are normal range; overnight pulse deviation changed most.,Sustainable
low_baseline_maturity,78,2026-03-19,94.4,0.781,94.4,0.663,93.2,0.802,Available signals are normal range; optional check-in changed most.,Sustainable
low_baseline_maturity,79,2026-03-20,98.7,0.805,93.0,0.673,89.7,0.802,Available signals are normal range; optional check-in changed most.,Sustainable
low_baseline_maturity,80,2026-03-21,96.5,0.806,92.8,0.674,99.0,0.802,Available signals are normal range; optional check-in changed most.,Sustainable
low_baseline_maturity,81,2026-03-22,97.1,0.795,94.6,0.669,90.8,0.802,Available signals are normal range; optional check-in changed most.,Sustainable
low_baseline_maturity,82,2026-03-23,93.7,0.815,90.9,0.678,98.0,0.802,Available signals are normal range; optional check-in changed most.,Sustainable
low_baseline_maturity,83,2026-03-24,92.3,0.798,90.7,0.67,92.6,0.802,Available signals are normal range; optional check-in changed most.,Sustainable
low_baseline_maturity,84,2026-03-25,91.0,0.792,85.1,0.668,97.0,0.802,Available signals are normal range; overnight pulse deviation changed most.,Sustainable
low_baseline_maturity,85,2026-03-26,98.3,0.79,90.7,0.666,92.9,0.802,Available signals are normal range; optional check-in changed most.,Sustainable
low_baseline_maturity,86,2026-03-27,97.8,0.796,94.8,0.669,99.7,0.802,Available signals are normal range; optional check-in changed most.,Sustainable
low_baseline_maturity,87,2026-03-28,96.7,0.795,94.1,0.669,90.7,0.802,Available signals are normal range; optional check-in changed most.,Sustainable
low_baseline_maturity,88,2026-03-29,91.6,0.802,85.8,0.672,98.8,0.802,Available signals are normal range; optional check-in changed most.,Sustainable
low_baseline_maturity,89,2026-03-30,97.3,0.803,79.4,0.672,98.7,0.802,Available signals are some recovery may help; overnight pulse deviation changed most.,Sustainable
low_baseline_maturity,90,2026-03-31,98.3,0.811,92.8,0.676,95.0,0.802,Available signals are normal range; optional check-in changed most.,Sustainable
new_device_firmware_change,1,2026-01-01,85.6,0.734,88.5,0.637,96.3,0.762,Available signals are normal range; optional check-in changed most.,Sustainable
new_device_firmware_change,2,2026-01-02,81.3,0.736,84.8,0.638,91.7,0.762,Available signals are normal range; optional check-in changed most.,Sustainable
new_device_firmware_change,3,2026-01-03,85.1,0.792,88.7,0.666,89.6,0.791,Available signals are normal range; optional check-in changed most.,Sustainable
new_device_firmware_change,4,2026-01-04,85.3,0.799,87.9,0.67,95.9,0.793,Available signals are normal range; optional check-in changed most.,Sustainable
new_device_firmware_change,5,2026-01-05,85.6,0.797,89.6,0.669,89.3,0.795,Available signals are normal range; optional check-in changed most.,Sustainable
new_device_firmware_change,6,2026-01-06,85.5,0.782,88.2,0.662,99.8,0.797,Available signals are normal range; optional check-in changed most.,Sustainable
new_device_firmware_change,7,2026-01-07,85.8,0.807,88.0,0.674,99.7,0.799,Available signals are normal range; optional check-in changed most.,Sustainable
new_device_firmware_change,8,2026-01-08,86.4,0.79,87.9,0.667,99.1,0.802,Available signals are normal range; optional check-in changed most.,Sustainable
new_device_firmware_change,9,2026-01-09,85.7,0.802,88.2,0.672,88.3,0.804,Available signals are normal range; optional check-in changed most.,Sustainable
new_device_firmware_change,10,2026-01-10,81.7,0.803,87.1,0.673,98.7,0.806,Available signals are normal range; optional check-in changed most.,Sustainable
new_device_firmware_change,11,2026-01-11,86.5,0.826,88.2,0.683,98.3,0.808,Available signals are normal range; optional check-in changed most.,Sustainable
new_device_firmware_change,12,2026-01-12,84.8,0.8,87.7,0.672,97.6,0.81,Available signals are normal range; optional check-in changed most.,Sustainable
new_device_firmware_change,13,2026-01-13,85.7,0.816,86.1,0.679,97.2,0.812,Available signals are normal range; optional check-in changed most.,Sustainable
new_device_firmware_change,14,2026-01-14,85.4,0.819,87.0,0.681,94.7,0.815,Available signals are normal range; optional check-in changed most.,Sustainable
new_device_firmware_change,15,2026-01-15,86.0,0.828,89.3,0.685,97.6,0.817,Available signals are normal range; optional check-in changed most.,Sustainable
new_device_firmware_change,16,2026-01-16,84.4,0.843,84.5,0.692,95.5,0.819,Available signals are normal range; optional check-in changed most.,Sustainable
new_device_firmware_change,17,2026-01-17,84.0,0.837,88.4,0.69,98.5,0.821,Available signals are normal range; optional check-in changed most.,Sustainable
new_device_firmware_change,18,2026-01-18,85.5,0.851,90.8,0.696,95.3,0.823,Available signals are normal range; optional check-in changed most.,Sustainable
new_device_firmware_change,19,2026-01-19,84.2,0.832,89.6,0.688,93.6,0.825,Available signals are normal range; optional check-in changed most.,Sustainable
new_device_firmware_change,20,2026-01-20,79.9,0.85,83.0,0.696,95.4,0.827,Available signals are normal range; optional check-in changed most.,Sustainable
new_device_firmware_change,21,2026-01-21,84.5,0.855,86.8,0.699,93.9,0.83,Available signals are normal range; optional check-in changed most.,Sustainable
new_device_firmware_change,22,2026-01-22,84.6,0.84,84.9,0.693,99.2,0.832,Available signals are normal range; optional check-in changed most.,Sustainable
new_device_firmware_change,23,2026-01-23,85.7,0.851,84.3,0.698,91.6,0.834,Available signals are normal range; optional check-in changed most.,Sustainable
new_device_firmware_change,24,2026-01-24,83.7,0.87,88.0,0.706,95.1,0.836,Available signals are normal range; optional check-in changed most.,Sustainable
new_device_firmware_change,25,2026-01-25,86.3,0.866,90.4,0.705,96.6,0.838,Available signals are normal range; optional check-in changed most.,Sustainable
new_device_firmware_change,26,2026-01-26,84.8,0.88,89.4,0.711,91.0,0.84,Available signals are normal range; optional check-in changed most.,Sustainable
new_device_firmware_change,27,2026-01-27,82.4,0.871,85.7,0.708,95.5,0.842,Available signals are normal range; optional check-in changed most.,Sustainable
new_device_firmware_change,28,2026-01-28,85.9,0.883,88.0,0.713,93.5,0.844,Available signals are normal range; optional check-in changed most.,Sustainable
new_device_firmware_change,29,2026-01-29,85.5,0.871,89.4,0.708,98.7,0.846,Available signals are normal range; optional check-in changed most.,Sustainable
new_device_firmware_change,30,2026-01-30,83.1,0.869,88.1,0.707,99.1,0.847,Available signals are normal range; optional check-in changed most.,Sustainable
new_device_firmware_change,31,2026-01-31,82.7,0.867,86.0,0.707,93.1,0.848,Available signals are normal range; optional check-in changed most.,Sustainable
new_device_firmware_change,32,2026-02-01,83.5,0.876,89.3,0.711,97.7,0.849,Available signals are normal range; optional check-in changed most.,Sustainable
new_device_firmware_change,33,2026-02-02,79.0,0.893,85.0,0.718,99.0,0.851,Available signals are normal range; optional check-in changed most.,Sustainable
new_device_firmware_change,34,2026-02-03,84.3,0.882,86.4,0.714,91.2,0.852,Available signals are normal range; optional check-in changed most.,Sustainable
new_device_firmware_change,35,2026-02-04,86.5,0.889,89.8,0.717,94.1,0.853,Available signals are normal range; optional check-in changed most.,Sustainable
new_device_firmware_change,36,2026-02-05,85.8,0.869,90.7,0.708,93.0,0.855,Available signals are normal range; optional check-in changed most.,Sustainable
new_device_firmware_change,37,2026-02-06,85.5,0.904,90.2,0.724,89.6,0.856,Available signals are normal range; optional check-in changed most.,Sustainable
new_device_firmware_change,38,2026-02-07,85.1,0.875,81.9,0.711,90.8,0.857,Available signals are some recovery may help; overnight pulse deviation changed most.,Sustainable
new_device_firmware_change,39,2026-02-08,82.5,0.88,88.2,0.714,94.2,0.858,Available signals are normal range; optional check-in changed most.,Sustainable
new_device_firmware_change,40,2026-02-09,85.7,0.881,85.7,0.714,97.8,0.86,Available signals are normal range; optional check-in changed most.,Sustainable
new_device_firmware_change,41,2026-02-10,85.9,0.911,87.9,0.728,99.6,0.861,Available signals are normal range; optional check-in changed most.,Sustainable
new_device_firmware_change,42,2026-02-11,84.7,0.883,90.4,0.716,97.5,0.862,Available signals are normal range; optional check-in changed most.,Sustainable
new_device_firmware_change,43,2026-02-12,85.6,0.912,84.3,0.728,99.2,0.863,Available signals are normal range; optional check-in changed most.,Sustainable
new_device_firmware_change,44,2026-02-13,83.7,0.916,89.2,0.731,95.8,0.864,Available signals are normal range; optional check-in changed most.,Sustainable
new_device_firmware_change,45,2026-02-14,84.6,0.897,87.6,0.722,97.0,0.866,Available signals are normal range; optional check-in changed most.,Sustainable
new_device_firmware_change,46,2026-02-15,86.1,0.893,83.9,0.721,94.3,0.867,Available signals are normal range; optional check-in changed most.,Sustainable
new_device_firmware_change,47,2026-02-16,85.5,0.915,90.2,0.73,96.6,0.868,Available signals are normal range; optional check-in changed most.,Sustainable
new_device_firmware_change,48,2026-02-17,79.6,0.909,87.5,0.728,95.9,0.87,Available signals are normal range; optional check-in changed most.,Sustainable
new_device_firmware_change,49,2026-02-18,85.7,0.92,89.7,0.733,95.6,0.871,Available signals are normal range; optional check-in changed most.,Sustainable
new_device_firmware_change,50,2026-02-19,84.8,0.932,84.4,0.738,89.5,0.872,Available signals are normal range; optional check-in changed most.,Sustainable
new_device_firmware_change,51,2026-02-20,84.2,0.933,87.9,0.739,98.2,0.873,Available signals are normal range; optional check-in changed most.,Sustainable
new_device_firmware_change,52,2026-02-21,85.6,0.916,83.6,0.732,94.9,0.874,Available signals are normal range; optional check-in changed most.,Sustainable
new_device_firmware_change,53,2026-02-22,85.2,0.932,82.0,0.739,93.5,0.876,Available signals are some recovery may help; overnight pulse deviation changed most.,Sustainable
new_device_firmware_change,54,2026-02-23,81.8,0.911,88.1,0.73,99.2,0.877,Available signals are normal range; optional check-in changed most.,Sustainable
new_device_firmware_change,55,2026-02-24,84.7,0.938,86.9,0.742,97.0,0.878,Available signals are normal range; optional check-in changed most.,Sustainable
new_device_firmware_change,56,2026-02-25,85.0,0.938,87.5,0.742,98.2,0.879,Available signals are normal range; optional check-in changed most.,Sustainable
new_device_firmware_change,57,2026-02-26,85.6,0.94,88.5,0.743,98.1,0.881,Available signals are normal range; optional check-in changed most.,Sustainable
new_device_firmware_change,58,2026-02-27,85.3,0.937,83.4,0.742,97.4,0.882,Available signals are normal range; optional check-in changed most.,Sustainable
new_device_firmware_change,59,2026-02-28,85.0,0.933,87.2,0.74,98.9,0.882,Available signals are normal range; optional check-in changed most.,Sustainable
new_device_firmware_change,60,2026-03-01,85.9,0.94,85.9,0.743,97.2,0.882,Available signals are normal range; optional check-in changed most.,Sustainable
new_device_firmware_change,61,2026-03-02,82.8,0.93,85.4,0.739,93.0,0.882,Available signals are normal range; optional check-in changed most.,Sustainable
new_device_firmware_change,62,2026-03-03,83.5,0.92,86.0,0.735,96.2,0.882,Available signals are normal range; optional check-in changed most.,Sustainable
new_device_firmware_change,63,2026-03-04,81.8,0.941,88.4,0.744,90.0,0.882,Available signals are normal range; optional check-in changed most.,Sustainable
new_device_firmware_change,64,2026-03-05,86.1,0.947,90.2,0.747,92.3,0.882,Available signals are normal range; optional check-in changed most.,Sustainable
new_device_firmware_change,65,2026-03-06,84.8,0.928,86.7,0.738,96.1,0.882,Available signals are normal range; optional check-in changed most.,Sustainable
new_device_firmware_change,66,2026-03-07,81.2,0.936,83.3,0.742,97.1,0.882,Available signals are normal range; optional check-in changed most.,Sustainable
new_device_firmware_change,67,2026-03-08,85.0,0.944,83.7,0.745,95.8,0.882,Available signals are normal range; optional check-in changed most.,Sustainable
new_device_firmware_change,68,2026-03-09,85.4,0.942,88.8,0.744,94.7,0.882,Available signals are normal range; optional check-in changed most.,Sustainable
new_device_firmware_change,69,2026-03-10,85.9,0.919,87.5,0.734,96.1,0.882,Available signals are normal range; optional check-in changed most.,Sustainable
new_device_firmware_change,70,2026-03-11,84.5,0.915,87.5,0.732,92.3,0.882,Available signals are normal range; optional check-in changed most.,Sustainable
new_device_firmware_change,71,2026-03-12,85.7,0.95,89.7,0.748,99.9,0.882,Available signals are normal range; optional check-in changed most.,Sustainable
new_device_firmware_change,72,2026-03-13,84.8,0.931,83.0,0.739,96.0,0.882,Available signals are normal range; overnight pulse deviation changed most.,Sustainable
new_device_firmware_change,73,2026-03-14,80.8,0.928,86.7,0.738,95.4,0.882,Available signals are normal range; optional check-in changed most.,Sustainable
new_device_firmware_change,74,2026-03-15,80.3,0.933,82.2,0.74,98.9,0.882,Available signals are normal range; optional check-in changed most.,Sustainable
new_device_firmware_change,75,2026-03-16,85.9,0.933,88.4,0.74,89.6,0.882,Available signals are normal range; optional check-in changed most.,Sustainable
new_device_firmware_change,76,2026-03-17,85.0,0.925,87.5,0.737,94.2,0.882,Available signals are normal range; optional check-in changed most.,Sustainable
new_device_firmware_change,77,2026-03-18,82.2,0.943,87.7,0.745,99.3,0.882,Available signals are normal range; optional check-in changed most.,Sustainable
new_device_firmware_change,78,2026-03-19,83.4,0.923,87.1,0.736,94.8,0.882,Available signals are normal range; optional check-in changed most.,Sustainable
new_device_firmware_change,79,2026-03-20,85.9,0.916,87.4,0.733,91.2,0.882,Available signals are normal range; optional check-in changed most.,Sustainable
new_device_firmware_change,80,2026-03-21,84.5,0.939,88.7,0.743,96.8,0.882,Available signals are normal range; optional check-in changed most.,Sustainable
new_device_firmware_change,81,2026-03-22,85.6,0.921,88.6,0.735,98.4,0.882,Available signals are normal range; optional check-in changed most.,Sustainable
new_device_firmware_change,82,2026-03-23,84.4,0.95,86.5,0.748,99.7,0.882,Available signals are normal range; optional check-in changed most.,Sustainable
new_device_firmware_change,83,2026-03-24,85.8,0.946,87.6,0.746,91.4,0.882,Available signals are normal range; optional check-in changed most.,Sustainable
new_device_firmware_change,84,2026-03-25,80.4,0.915,80.2,0.732,92.1,0.882,Available signals are some recovery may help; overnight pulse deviation changed most.,Sustainable
new_device_firmware_change,85,2026-03-26,84.7,0.931,87.6,0.739,97.7,0.882,Available signals are normal range; optional check-in changed most.,Sustainable
new_device_firmware_change,86,2026-03-27,86.3,0.696,90.1,0.616,97.9,0.736,Available signals are normal range; optional check-in changed most.,Sustainable
new_device_firmware_change,87,2026-03-28,81.5,0.71,81.7,0.623,97.5,0.739,Available signals are some recovery may help; optional check-in changed most.,Sustainable
new_device_firmware_change,88,2026-03-29,85.2,0.701,86.4,0.62,97.2,0.743,Available signals are normal range; optional check-in changed most.,Sustainable
new_device_firmware_change,89,2026-03-30,85.0,0.722,90.1,0.629,89.3,0.746,Available signals are normal range; optional check-in changed most.,Sustainable
new_device_firmware_change,90,2026-03-31,78.6,0.723,82.6,0.63,97.1,0.75,Available signals are normal range; optional check-in changed most.,Sustainable
